t,ear,ear_ratio,blink_blend,state,score,level,perclos,yawns,yaw_dev,pitch_dev,distracted,microsleep,blink_rate,ground_truth
3.197,0.3108,1.0,0.1488,CALIBRANDO,0.0,0,0.0,0,-0.8,-0.2,0,0,0.0,0
3.295,0.3115,1.0223,0.1477,OLHOS ABERTOS,0.0,0,0.0,0,-0.9,-0.1,0,0,0.0,0
3.388,0.3117,1.023,0.1466,OLHOS ABERTOS,0.0,0,0.0,0,-0.9,-0.0,0,0,0.0,0
3.484,0.3112,1.0216,0.1473,OLHOS ABERTOS,0.0,0,0.0,0,-0.9,-0.2,0,0,0.0,0
3.597,0.3122,1.0247,0.1436,OLHOS ABERTOS,0.0,0,0.0,0,-0.9,-0.4,0,0,0.0,0
3.692,0.3135,1.0289,0.1409,OLHOS ABERTOS,0.0,0,0.0,0,-0.9,-0.4,0,0,0.0,0
3.788,0.3147,1.033,0.1392,OLHOS ABERTOS,0.0,0,0.0,0,-0.9,-0.2,0,0,0.0,0
3.884,0.3106,1.0194,0.1403,OLHOS ABERTOS,0.0,0,0.0,0,-0.9,-0.3,0,0,0.0,0
3.999,0.3102,1.0182,0.1427,OLHOS ABERTOS,0.0,0,0.0,0,-0.9,-0.4,0,0,0.0,0
4.093,0.3106,1.0196,0.1455,OLHOS ABERTOS,0.0,0,0.0,0,-1.0,-0.5,0,0,0.0,0
4.187,0.3118,1.0235,0.1428,OLHOS ABERTOS,0.0,0,0.0,0,-1.0,-0.5,0,0,0.0,0
4.286,0.3118,1.0234,0.1408,OLHOS ABERTOS,0.0,0,0.0,0,-1.2,-0.6,0,0,0.0,0
4.402,0.3142,1.0313,0.1381,OLHOS ABERTOS,0.0,0,0.0,0,-1.2,-0.6,0,0,0.0,0
4.493,0.3142,1.0313,0.1411,OLHOS ABERTOS,0.0,0,0.0,0,-1.2,-0.6,0,0,0.0,0
4.589,0.3117,1.0232,0.1403,OLHOS ABERTOS,0.0,0,0.0,0,-1.1,-0.4,0,0,0.0,0
4.684,0.3085,1.0127,0.1511,OLHOS ABERTOS,0.0,0,0.0,0,-1.3,-0.8,0,0,0.0,0
4.796,0.312,1.0241,0.1486,OLHOS ABERTOS,0.0,0,0.0,0,-1.3,-0.7,0,0,0.0,0
4.893,0.3103,1.0184,0.1542,OLHOS ABERTOS,0.0,0,0.0,0,-1.3,-0.6,0,0,0.0,0
4.989,0.309,1.0144,0.1573,OLHOS ABERTOS,0.0,0,0.0,0,-1.3,-0.6,0,0,0.0,0
5.084,0.2398,0.7871,0.332,OLHOS ABERTOS,0.0,0,0.0,0,-1.6,-0.6,0,0,0.0,0
5.196,0.0923,0.3029,0.6645,OLHOS FECHADOS,5.02,0,0.0476,0,-1.7,-0.5,0,0,0.0,0
5.293,0.1138,0.3736,0.6171,OLHOS FECHADOS,9.41,0,0.0909,0,-1.5,-0.3,0,0,0.0,0
5.389,0.207,0.6795,0.3116,SEMICERRADO,11.14,0,0.1304,0,-1.5,-0.2,0,0,0.0,0
5.488,0.2645,0.8683,0.2052,OLHOS ABERTOS,8.66,0,0.125,0,-1.5,-0.3,0,0,1.0,0
5.598,0.2977,0.9771,0.1716,OLHOS ABERTOS,5.92,0,0.12,0,-1.5,-0.3,0,0,1.0,0
5.692,0.3089,1.0141,0.1605,OLHOS ABERTOS,3.57,0,0.1154,0,-1.4,-0.3,0,0,1.0,0
5.79,0.3111,1.0212,0.156,OLHOS ABERTOS,1.1,0,0.1111,0,-1.3,-0.3,0,0,1.0,0
5.886,0.3176,1.0426,0.15,OLHOS ABERTOS,0.0,0,0.1071,0,-1.3,-0.1,0,0,1.0,0
5.997,0.3202,1.0509,0.1507,OLHOS ABERTOS,0.0,0,0.1034,0,-1.2,-0.1,0,0,1.0,0
6.092,0.3235,1.0617,0.147,OLHOS ABERTOS,0.0,0,0.1,0,-1.3,-0.1,0,0,1.0,0
6.188,0.314,1.0306,0.1554,OLHOS ABERTOS,0.0,0,0.0968,0,-1.3,-0.1,0,0,1.0,0
6.285,0.3195,1.0488,0.1459,OLHOS ABERTOS,0.0,0,0.0938,0,-1.3,-0.6,0,0,1.0,0
6.396,0.3251,1.067,0.1356,OLHOS ABERTOS,0.0,0,0.0909,0,-1.3,-0.6,0,0,1.0,0
6.492,0.3258,1.0694,0.1331,OLHOS ABERTOS,0.0,0,0.0882,0,-1.3,-0.6,0,0,1.0,0
6.588,0.3238,1.0629,0.1341,OLHOS ABERTOS,0.0,0,0.0857,0,-1.2,-0.5,0,0,1.0,0
6.683,0.3241,1.0639,0.1285,OLHOS ABERTOS,0.0,0,0.0833,0,-1.2,-0.4,0,0,1.0,0
6.796,0.3223,1.0578,0.1293,OLHOS ABERTOS,0.0,0,0.0811,0,-1.3,-0.7,0,0,1.0,0
6.891,0.3215,1.0552,0.1297,OLHOS ABERTOS,0.0,0,0.0789,0,-1.4,-0.8,0,0,1.0,0
6.987,0.3197,1.0494,0.1316,OLHOS ABERTOS,0.0,0,0.0769,0,-1.4,-0.7,0,0,1.0,0
7.088,0.3178,1.0433,0.1324,OLHOS ABERTOS,0.0,0,0.075,0,-1.3,-0.8,0,0,1.0,0
7.195,0.3162,1.038,0.1395,OLHOS ABERTOS,0.0,0,0.0732,0,-1.4,-0.6,0,0,1.0,0
7.291,0.3149,1.0336,0.1394,OLHOS ABERTOS,0.0,0,0.0714,0,-1.3,-0.6,0,0,1.0,0
7.387,0.3153,1.0349,0.1402,OLHOS ABERTOS,0.0,0,0.0698,0,-1.3,-0.6,0,0,1.0,0
7.484,0.315,1.034,0.14,OLHOS ABERTOS,0.0,0,0.0682,0,-1.3,-0.6,0,0,1.0,0
7.601,0.279,0.9157,0.1812,OLHOS ABERTOS,0.0,0,0.0667,0,-1.5,-0.8,0,0,1.0,0
7.692,0.2721,0.8932,0.1894,OLHOS ABERTOS,0.0,0,0.0652,0,-1.5,-1.0,0,0,1.0,0
7.789,0.2751,0.9029,0.1837,OLHOS ABERTOS,0.0,0,0.0638,0,-1.5,-1.0,0,0,1.0,0
7.884,0.2762,0.9066,0.185,OLHOS ABERTOS,0.0,0,0.0625,0,-1.4,-1.1,0,0,1.0,0
7.996,0.2752,0.9031,0.1842,OLHOS ABERTOS,0.0,0,0.0612,0,-1.5,-1.1,0,0,1.0,0
8.092,0.2739,0.8992,0.1873,OLHOS ABERTOS,0.0,0,0.06,0,-1.4,-1.1,0,0,1.0,0
8.188,0.2728,0.8954,0.1883,OLHOS ABERTOS,0.0,0,0.0588,0,-1.5,-1.1,0,0,1.0,0
8.285,0.2713,0.8906,0.1886,OLHOS ABERTOS,0.0,0,0.0577,0,-1.5,-1.1,0,0,1.0,0
8.396,0.2725,0.8944,0.1912,OLHOS ABERTOS,0.0,0,0.0566,0,-1.5,-1.2,0,0,1.0,0
8.492,0.2745,0.9009,0.1908,OLHOS ABERTOS,0.0,0,0.0556,0,-1.5,-1.1,0,0,1.0,0
8.59,0.271,0.8894,0.1921,OLHOS ABERTOS,0.0,0,0.0545,0,-1.6,-0.9,0,0,1.0,0
8.688,0.2718,0.892,0.1928,OLHOS ABERTOS,0.0,0,0.0536,0,-1.8,-1.1,0,0,1.0,0
8.796,0.2714,0.8908,0.1936,OLHOS ABERTOS,0.0,0,0.0526,0,-1.6,-1.0,0,0,1.0,0
8.891,0.2724,0.8942,0.1931,OLHOS ABERTOS,0.0,0,0.0517,0,-1.6,-1.0,0,0,1.0,0
8.987,0.2753,0.9037,0.1922,OLHOS ABERTOS,0.0,0,0.0508,0,-1.6,-1.0,0,0,1.0,0
9.085,0.2742,0.9,0.1939,OLHOS ABERTOS,0.0,0,0.05,0,-1.6,-1.1,0,0,1.0,0
9.205,0.2748,0.902,0.1951,OLHOS ABERTOS,0.0,0,0.0492,0,-1.7,-1.1,0,0,1.0,0
9.3,0.2743,0.9003,0.1921,OLHOS ABERTOS,0.0,0,0.0484,0,-1.6,-1.1,0,0,1.0,0
9.392,0.2742,0.9002,0.1895,OLHOS ABERTOS,0.0,0,0.0476,0,-1.7,-1.0,0,0,1.0,0
9.483,0.2736,0.8982,0.1905,OLHOS ABERTOS,0.0,0,0.0469,0,-1.6,-1.0,0,0,1.0,0
9.596,0.2705,0.8879,0.1957,OLHOS ABERTOS,0.0,0,0.0462,0,-1.6,-1.0,0,0,1.0,0
9.692,0.2699,0.8857,0.1989,OLHOS ABERTOS,0.0,0,0.0455,0,-1.5,-1.2,0,0,1.0,0
9.787,0.2703,0.8874,0.1975,OLHOS ABERTOS,0.0,0,0.0448,0,-1.5,-1.2,0,0,1.0,0
9.884,0.081,0.2658,0.6966,OLHOS FECHADOS,4.36,0,0.0588,0,-1.9,-1.0,0,0,1.0,0
10.009,0.0703,0.2306,0.5933,OLHOS FECHADOS,9.99,0,0.0725,0,-1.6,-0.2,0,0,1.0,0
10.091,0.1026,0.3369,0.5938,OLHOS FECHADOS,13.67,0,0.0857,0,-1.6,0.0,0,0,1.0,0
10.188,0.1303,0.4276,0.4823,OLHOS FECHADOS,18.02,0,0.0986,0,-1.5,-0.3,0,0,1.0,0
10.284,0.1569,0.515,0.4081,OLHOS FECHADOS,22.35,0,0.1111,0,-1.6,-0.7,0,0,1.0,0
10.395,0.1807,0.5931,0.3556,SEMICERRADO,24.36,0,0.1233,0,-1.7,-0.8,0,0,1.0,0
10.491,0.189,0.6202,0.3332,SEMICERRADO,26.08,0,0.1351,0,-1.7,-0.9,0,0,1.0,0
10.586,0.1935,0.6353,0.3275,SEMICERRADO,27.79,0,0.1467,0,-1.7,-1.1,0,0,1.0,0
10.684,0.205,0.6729,0.3121,SEMICERRADO,29.56,0,0.1579,0,-1.6,-1.3,0,0,1.0,0
10.797,0.2207,0.7244,0.2869,SEMICERRADO,31.59,1,0.1688,0,-1.6,-1.4,0,0,1.0,0
10.891,0.2233,0.7328,0.2822,SEMICERRADO,33.28,1,0.1795,0,-1.6,-1.4,0,0,1.0,0
10.988,0.2268,0.7444,0.2701,SEMICERRADO,35.02,1,0.1899,0,-1.5,-1.5,0,0,1.0,0
11.084,0.2315,0.76,0.2641,SEMICERRADO,36.75,1,0.2,0,-1.5,-1.5,0,0,1.0,0
11.194,0.2342,0.7688,0.2616,SEMICERRADO,38.74,1,0.2099,0,-1.6,-1.4,0,0,1.0,0
11.292,0.2337,0.7671,0.2605,SEMICERRADO,40.5,1,0.2195,0,-1.6,-1.3,0,0,1.0,0
11.388,0.2398,0.787,0.2455,OLHOS ABERTOS,38.12,1,0.2169,0,-1.6,-1.3,0,0,1.0,0
11.486,0.2434,0.7988,0.2434,OLHOS ABERTOS,35.66,1,0.2143,0,-1.6,-1.2,0,0,1.0,0
11.603,0.2431,0.7981,0.2447,OLHOS ABERTOS,32.75,1,0.2118,0,-1.6,-1.2,0,0,1.0,0
11.691,0.2384,0.7826,0.2566,OLHOS ABERTOS,30.55,1,0.2093,0,-1.7,-1.5,0,0,1.0,0
11.787,0.236,0.7746,0.2574,SEMICERRADO,32.29,1,0.2184,0,-1.8,-1.4,0,0,1.0,0
11.887,0.2372,0.7785,0.2565,SEMICERRADO,34.07,1,0.2273,0,-1.8,-1.4,0,0,1.0,0
11.995,0.2374,0.7791,0.2596,SEMICERRADO,36.03,1,0.236,0,-1.8,-1.1,0,0,1.0,0
12.091,0.2422,0.7951,0.2436,OLHOS ABERTOS,33.65,1,0.2333,0,-1.8,-1.1,0,0,2.0,0
12.187,0.2427,0.7968,0.2436,OLHOS ABERTOS,31.24,1,0.2308,0,-1.8,-1.1,0,0,2.0,0
12.283,0.2432,0.7984,0.2414,OLHOS ABERTOS,28.84,0,0.2283,0,-1.9,-1.1,0,0,2.0,0
12.396,0.2439,0.8004,0.2419,OLHOS ABERTOS,26.01,0,0.2258,0,-2.0,-1.2,0,0,2.0,0
12.491,0.2444,0.8021,0.2413,OLHOS ABERTOS,23.63,0,0.2234,0,-1.9,-1.2,0,0,2.0,0
12.588,0.2835,0.9307,0.2036,OLHOS ABERTOS,21.2,0,0.2211,0,-2.1,-1.0,0,0,2.0,0
12.684,0.3177,1.0427,0.1565,OLHOS ABERTOS,18.82,0,0.2188,0,-2.1,-0.7,0,0,2.0,0
12.796,0.3322,1.0903,0.1373,OLHOS ABERTOS,16.02,0,0.2165,0,-2.0,-0.5,0,0,2.0,0
12.902,0.3316,1.0885,0.1397,OLHOS ABERTOS,13.37,0,0.2143,0,-2.1,-0.4,0,0,2.0,0
13.001,0.3369,1.1059,0.1316,OLHOS ABERTOS,10.89,0,0.2121,0,-2.1,-0.4,0,0,2.0,0
13.085,0.3396,1.1148,0.1287,OLHOS ABERTOS,8.8,0,0.21,0,-2.1,-0.4,0,0,2.0,0
13.196,0.3394,1.1139,0.1299,OLHOS ABERTOS,6.02,0,0.2079,0,-2.1,-0.4,0,0,2.0,0
13.291,0.3414,1.1206,0.1288,OLHOS ABERTOS,3.64,0,0.2059,0,-2.1,-0.4,0,0,2.0,0
13.387,0.3422,1.1232,0.1255,OLHOS ABERTOS,1.24,0,0.2039,0,-2.1,-0.4,0,0,2.0,0
13.484,0.3422,1.1231,0.1266,OLHOS ABERTOS,0.0,0,0.2019,0,-2.0,-0.4,0,0,2.0,0
13.596,0.3063,1.0053,0.1533,OLHOS ABERTOS,0.0,0,0.2,0,-2.2,-0.7,0,0,2.0,0
13.692,0.2975,0.9764,0.1632,OLHOS ABERTOS,0.0,0,0.1981,0,-2.1,-1.1,0,0,2.0,0
13.791,0.274,0.8992,0.1962,OLHOS ABERTOS,0.0,0,0.1963,0,-2.2,-1.5,0,0,2.0,0
13.886,0.2661,0.8735,0.211,OLHOS ABERTOS,0.0,0,0.1944,0,-2.2,-1.5,0,0,2.0,0
13.996,0.2657,0.872,0.2124,OLHOS ABERTOS,0.0,0,0.1927,0,-2.1,-1.5,0,0,2.0,0
14.092,0.2633,0.8643,0.2142,OLHOS ABERTOS,0.0,0,0.1909,0,-2.2,-1.6,0,0,2.0,0
14.187,0.261,0.8565,0.2204,OLHOS ABERTOS,0.0,0,0.1892,0,-2.2,-1.7,0,0,2.0,0
14.284,0.2626,0.862,0.218,OLHOS ABERTOS,0.0,0,0.1875,0,-2.2,-1.6,0,0,2.0,0
14.408,0.2648,0.8692,0.2167,OLHOS ABERTOS,0.0,0,0.1858,0,-2.1,-1.5,0,0,2.0,0
14.492,0.2644,0.8678,0.2106,OLHOS ABERTOS,0.0,0,0.1842,0,-2.1,-1.5,0,0,2.0,0
14.601,0.2636,0.8651,0.2114,OLHOS ABERTOS,0.0,0,0.1826,0,-2.2,-1.6,0,0,2.0,0
14.684,0.2641,0.8668,0.2108,OLHOS ABERTOS,0.0,0,0.181,0,-2.1,-1.5,0,0,2.0,0
14.796,0.2654,0.871,0.2104,OLHOS ABERTOS,0.0,0,0.1795,0,-2.0,-1.5,0,0,2.0,0
14.891,0.0861,0.2825,0.6971,OLHOS FECHADOS,4.28,0,0.1864,0,-2.3,-1.4,0,0,2.0,0
14.987,0.0725,0.238,0.6612,OLHOS FECHADOS,8.6,0,0.1933,0,-2.1,-0.3,0,0,2.0,0
15.083,0.1284,0.4214,0.5526,OLHOS FECHADOS,12.95,0,0.2,0,-2.2,-0.4,0,0,2.0,0
15.196,0.2228,0.7315,0.2907,SEMICERRADO,14.97,0,0.2066,0,-2.1,-0.5,0,0,2.0,0
15.291,0.2626,0.8619,0.2139,OLHOS ABERTOS,12.58,0,0.2049,0,-2.1,-0.5,0,0,2.0,0
15.387,0.2819,0.9254,0.188,OLHOS ABERTOS,10.17,0,0.2033,0,-2.1,-0.7,0,0,2.0,0
15.485,0.2917,0.9575,0.1771,OLHOS ABERTOS,7.73,0,0.2016,0,-2.1,-0.6,0,0,2.0,0
15.596,0.2973,0.9759,0.185,OLHOS ABERTOS,4.96,0,0.2,0,-2.1,-0.3,0,0,2.0,0
15.693,0.3158,1.0366,0.1603,OLHOS ABERTOS,2.54,0,0.1984,0,-2.1,-0.4,0,0,2.0,0
15.788,0.3232,1.0609,0.1456,OLHOS ABERTOS,0.16,0,0.1969,0,-2.0,-0.3,0,0,2.0,0
15.884,0.3261,1.0703,0.1417,OLHOS ABERTOS,0.0,0,0.1953,0,-2.0,-0.3,0,0,2.0,0
15.995,0.33,1.0832,0.1349,OLHOS ABERTOS,0.0,0,0.1938,0,-2.2,-0.4,0,0,2.0,0
16.091,0.3195,1.0488,0.1377,OLHOS ABERTOS,0.0,0,0.1923,0,-2.3,-0.6,0,0,2.0,0
16.188,0.3134,1.0288,0.1427,OLHOS ABERTOS,0.0,0,0.1908,0,-2.3,-0.8,0,0,2.0,0
16.285,0.3164,1.0387,0.1413,OLHOS ABERTOS,0.0,0,0.1894,0,-2.2,-1.0,0,0,2.0,0
16.397,0.3059,1.0041,0.1473,OLHOS ABERTOS,0.0,0,0.188,0,-2.1,-1.1,0,0,2.0,0
16.493,0.2763,0.9071,0.1826,OLHOS ABERTOS,0.0,0,0.1866,0,-2.2,-1.3,0,0,2.0,0
16.59,0.2763,0.9069,0.1892,OLHOS ABERTOS,0.0,0,0.1852,0,-2.1,-1.4,0,0,2.0,0
16.683,0.2733,0.8971,0.1911,OLHOS ABERTOS,0.0,0,0.1838,0,-2.1,-1.7,0,0,2.0,0
16.795,0.2755,0.9042,0.1947,OLHOS ABERTOS,0.0,0,0.1825,0,-2.1,-1.5,0,0,2.0,0
16.892,0.2738,0.8986,0.1962,OLHOS ABERTOS,0.0,0,0.1812,0,-2.1,-1.4,0,0,2.0,0
16.988,0.2717,0.8918,0.1999,OLHOS ABERTOS,0.0,0,0.1799,0,-2.1,-1.3,0,0,2.0,0
17.085,0.2676,0.8782,0.204,OLHOS ABERTOS,0.0,0,0.1786,0,-2.1,-1.3,0,0,2.0,0
17.195,0.2664,0.8744,0.2028,OLHOS ABERTOS,0.0,0,0.1773,0,-2.1,-1.3,0,0,2.0,0
17.292,0.2658,0.8724,0.2078,OLHOS ABERTOS,0.0,0,0.1761,0,-2.1,-1.6,0,0,2.0,0
17.388,0.0763,0.2504,0.7211,OLHOS FECHADOS,4.32,0,0.1818,0,-2.4,-1.4,0,0,2.0,0
17.483,0.0779,0.2557,0.6358,OLHOS FECHADOS,8.62,0,0.1875,0,-2.1,-0.4,0,0,2.0,0
17.595,0.1124,0.3691,0.6105,OLHOS FECHADOS,13.65,0,0.1931,0,-1.8,-0.0,0,0,2.0,0
17.692,0.1437,0.4717,0.5145,OLHOS FECHADOS,18.01,0,0.1986,0,-1.7,0.0,0,0,2.0,0
17.788,0.0742,0.2436,0.693,OLHOS FECHADOS,22.35,0,0.2041,0,-1.8,-0.3,0,0,2.0,0
17.886,0.0728,0.2389,0.7043,OLHOS FECHADOS,26.74,0,0.2095,0,-2.0,0.1,0,0,2.0,0
17.996,0.0794,0.2605,0.6796,OLHOS FECHADOS,31.69,1,0.2148,0,-1.9,0.3,0,0,2.0,0
18.092,0.0563,0.1847,0.7134,OLHOS FECHADOS,36.01,1,0.22,0,-2.0,-0.1,0,0,2.0,0
18.189,0.0843,0.2768,0.632,OLHOS FECHADOS,40.36,1,0.2252,0,-2.0,-0.2,0,0,2.0,0
18.284,0.1574,0.5166,0.4591,OLHOS FECHADOS,44.67,1,0.2303,0,-2.0,-0.1,0,0,2.0,0
18.396,0.1953,0.641,0.3405,SEMICERRADO,46.67,1,0.2353,0,-1.9,-0.3,0,0,2.0,0
18.493,0.2839,0.9319,0.191,OLHOS ABERTOS,44.24,1,0.2338,0,-2.0,-0.2,0,0,2.0,0
18.587,0.3056,1.0032,0.1647,OLHOS ABERTOS,41.9,1,0.2323,0,-1.9,-0.2,0,0,2.0,0
18.687,0.327,1.0734,0.1434,OLHOS ABERTOS,39.39,1,0.2308,0,-2.0,-0.1,0,0,2.0,0
18.796,0.3404,1.1174,0.1295,OLHOS ABERTOS,36.66,1,0.2293,0,-2.0,-0.1,0,0,2.0,0
18.899,0.3526,1.1574,0.1182,OLHOS ABERTOS,34.08,1,0.2278,0,-2.0,0.2,0,0,2.0,0
18.988,0.3511,1.1525,0.1173,OLHOS ABERTOS,31.88,1,0.2264,0,-2.1,0.1,0,0,2.0,0
19.085,0.3533,1.1595,0.1145,OLHOS ABERTOS,29.43,0,0.225,0,-2.1,0.2,0,0,2.0,0
19.197,0.3543,1.1631,0.1151,OLHOS ABERTOS,26.65,0,0.2236,0,-2.1,0.2,0,0,2.0,0
19.292,0.3546,1.1638,0.1135,OLHOS ABERTOS,24.26,0,0.2222,0,-2.1,0.2,0,0,2.0,0
19.388,0.3526,1.1572,0.116,OLHOS ABERTOS,21.86,0,0.2209,0,-2.1,0.2,0,0,2.0,0
19.485,0.3526,1.1573,0.1149,OLHOS ABERTOS,19.44,0,0.2195,0,-2.2,0.2,0,0,2.0,0
19.609,0.3512,1.1529,0.1155,OLHOS ABERTOS,16.34,0,0.2182,0,-2.1,0.2,0,0,2.0,0
19.691,0.352,1.1553,0.1152,OLHOS ABERTOS,14.29,0,0.2169,0,-2.2,0.2,0,0,2.0,0
19.788,0.3512,1.1529,0.1133,OLHOS ABERTOS,11.87,0,0.2156,0,-2.1,0.2,0,0,2.0,0
19.885,0.3492,1.1462,0.1147,OLHOS ABERTOS,9.44,0,0.2143,0,-2.2,0.2,0,0,2.0,0
19.996,0.3488,1.1447,0.1144,OLHOS ABERTOS,6.66,0,0.213,0,-2.1,0.2,0,0,2.0,0
20.092,0.3504,1.1502,0.1139,OLHOS ABERTOS,4.28,0,0.2118,0,-2.1,0.1,0,0,2.0,0
20.187,0.3503,1.15,0.1131,OLHOS ABERTOS,1.89,0,0.2105,0,-2.2,0.2,0,0,2.0,0
20.283,0.3494,1.1469,0.1143,OLHOS ABERTOS,0.0,0,0.2093,0,-2.1,0.2,0,0,2.0,0
20.396,0.3475,1.1407,0.1171,OLHOS ABERTOS,0.0,0,0.2081,0,-2.2,0.1,0,0,2.0,0
20.492,0.3459,1.1355,0.1198,OLHOS ABERTOS,0.0,0,0.2069,0,-2.2,0.2,0,0,2.0,0
20.588,0.3455,1.1339,0.1181,OLHOS ABERTOS,0.0,0,0.2057,0,-2.2,0.2,0,0,2.0,0
20.684,0.3485,1.1438,0.1131,OLHOS ABERTOS,0.0,0,0.2045,0,-2.2,0.2,0,0,2.0,0
20.795,0.3468,1.1383,0.1169,OLHOS ABERTOS,0.0,0,0.2034,0,-2.1,0.1,0,0,2.0,0
20.892,0.3459,1.1352,0.1176,OLHOS ABERTOS,0.0,0,0.2022,0,-2.0,0.2,0,0,2.0,0
20.987,0.3459,1.1355,0.1198,OLHOS ABERTOS,0.0,0,0.2011,0,-2.1,0.2,0,0,2.0,0
21.083,0.346,1.1356,0.1195,OLHOS ABERTOS,0.0,0,0.2,0,-2.1,0.2,0,0,2.0,0
21.196,0.3431,1.1262,0.1215,OLHOS ABERTOS,0.0,0,0.1989,0,-2.2,0.1,0,0,2.0,0
21.292,0.3421,1.123,0.1193,OLHOS ABERTOS,0.0,0,0.1978,0,-2.3,0.1,0,0,2.0,0
21.387,0.3415,1.121,0.1179,OLHOS ABERTOS,0.0,0,0.1967,0,-2.2,0.0,0,0,2.0,0
21.484,0.3418,1.1221,0.1183,OLHOS ABERTOS,0.0,0,0.1957,0,-2.3,0.1,0,0,2.0,0
21.595,0.3433,1.1268,0.1166,OLHOS ABERTOS,0.0,0,0.1946,0,-2.2,0.1,0,0,2.0,0
21.693,0.3399,1.1156,0.1196,OLHOS ABERTOS,0.0,0,0.1935,0,-2.2,-0.0,0,0,2.0,0
21.788,0.3433,1.127,0.1139,OLHOS ABERTOS,0.0,0,0.1925,0,-2.3,-0.1,0,0,2.0,0
21.883,0.3425,1.1241,0.1128,OLHOS ABERTOS,0.0,0,0.1915,0,-2.2,-0.1,0,0,2.0,0
21.996,0.3438,1.1285,0.1118,OLHOS ABERTOS,0.0,0,0.1905,0,-2.3,0.1,0,0,2.0,0
22.092,0.3423,1.1235,0.1152,OLHOS ABERTOS,0.0,0,0.1895,0,-2.3,-0.0,0,0,2.0,0
22.188,0.3415,1.121,0.1154,OLHOS ABERTOS,0.0,0,0.1885,0,-2.3,0.2,0,0,2.0,0
22.283,0.3415,1.121,0.1155,OLHOS ABERTOS,0.0,0,0.1875,0,-2.4,0.1,0,0,2.0,0
22.396,0.3384,1.1109,0.1151,OLHOS ABERTOS,0.0,0,0.1865,0,-2.3,-0.1,0,0,2.0,0
22.493,0.3388,1.1119,0.1141,OLHOS ABERTOS,0.0,0,0.1856,0,-2.3,-0.1,0,0,2.0,0
22.601,0.3393,1.1138,0.1125,OLHOS ABERTOS,0.0,0,0.1846,0,-2.4,-0.1,0,0,2.0,0
22.691,0.2879,0.945,0.1681,OLHOS ABERTOS,0.0,0,0.1837,0,-2.4,-0.1,0,0,2.0,0
22.795,0.2771,0.9097,0.1783,OLHOS ABERTOS,0.0,0,0.1827,0,-2.2,-0.4,0,0,2.0,0
22.892,0.2666,0.875,0.1994,OLHOS ABERTOS,0.0,0,0.1818,0,-2.3,-0.7,0,0,2.0,0
22.989,0.2683,0.8806,0.1977,OLHOS ABERTOS,0.0,0,0.1809,0,-2.2,-0.7,0,0,2.0,0
23.084,0.2716,0.8915,0.1973,OLHOS ABERTOS,0.0,0,0.18,0,-2.2,-0.7,0,0,2.0,0
23.207,0.306,1.0043,0.1692,OLHOS ABERTOS,0.0,0,0.1791,0,-2.2,-0.4,0,0,2.0,0
23.295,0.3178,1.0433,0.1448,OLHOS ABERTOS,0.0,0,0.1782,0,-2.3,-0.2,0,0,2.0,0
23.393,0.3214,1.0548,0.1362,OLHOS ABERTOS,0.0,0,0.1773,0,-2.1,-0.1,0,0,2.0,0
23.487,0.3209,1.0533,0.1401,OLHOS ABERTOS,0.0,0,0.1765,0,-2.2,-0.1,0,0,2.0,0
23.596,0.265,0.87,0.2011,OLHOS ABERTOS,0.0,0,0.1756,0,-2.3,-0.5,0,0,2.0,0
23.692,0.2627,0.8622,0.2073,OLHOS ABERTOS,0.0,0,0.1748,0,-2.4,-0.8,0,0,2.0,0
23.788,0.2635,0.8649,0.2137,OLHOS ABERTOS,0.0,0,0.1739,0,-2.5,-0.9,0,0,2.0,0
23.884,0.2686,0.8817,0.2013,OLHOS ABERTOS,0.0,0,0.1731,0,-2.5,-0.9,0,0,2.0,0
23.996,0.2651,0.8701,0.2096,OLHOS ABERTOS,0.0,0,0.1722,0,-2.3,-1.1,0,0,2.0,0
24.094,0.2666,0.8751,0.2078,OLHOS ABERTOS,0.0,0,0.1714,0,-2.4,-1.0,0,0,2.0,0
24.187,0.268,0.8796,0.2051,OLHOS ABERTOS,0.0,0,0.1706,0,-2.4,-0.9,0,0,2.0,0
24.285,0.2734,0.8973,0.2087,OLHOS ABERTOS,0.0,0,0.1698,0,-2.3,-0.9,0,0,2.0,0
24.402,0.2876,0.9439,0.1895,OLHOS ABERTOS,0.0,0,0.169,0,-2.3,-0.7,0,0,2.0,0
24.505,0.2998,0.984,0.1674,OLHOS ABERTOS,0.0,0,0.1682,0,-2.3,-0.5,0,0,2.0,0
24.594,0.3039,0.9974,0.164,OLHOS ABERTOS,0.0,0,0.1674,0,-2.3,-0.5,0,0,2.0,0
24.685,0.2882,0.9458,0.1864,OLHOS ABERTOS,0.0,0,0.1667,0,-2.4,-0.6,0,0,2.0,0
24.796,0.1227,0.4028,0.5794,OLHOS FECHADOS,4.97,0,0.1705,0,-2.6,-0.6,0,0,2.0,0
24.892,0.0926,0.3038,0.6448,OLHOS FECHADOS,9.29,0,0.1743,0,-2.5,-0.2,0,0,2.0,0
24.988,0.0875,0.2872,0.6627,OLHOS FECHADOS,13.62,0,0.1781,0,-2.5,-0.2,0,0,2.0,0
25.085,0.0711,0.2334,0.6788,OLHOS FECHADOS,17.99,0,0.1818,0,-2.3,-0.3,0,0,2.0,0
25.196,0.0677,0.2222,0.6779,OLHOS FECHADOS,22.98,0,0.1855,0,-2.3,-0.4,0,0,2.0,0
25.292,0.0645,0.2116,0.6816,OLHOS FECHADOS,27.3,0,0.1892,0,-2.5,-0.9,0,0,2.0,0
25.387,0.0652,0.2139,0.6875,OLHOS FECHADOS,31.59,1,0.1928,0,-2.6,-0.8,0,0,2.0,0
25.484,0.0641,0.2103,0.6937,OLHOS FECHADOS,35.96,1,0.1964,0,-2.5,-0.4,0,0,2.0,0
25.597,0.0661,0.2169,0.6853,OLHOS FECHADOS,41.02,1,0.2,0,-2.4,-0.6,0,0,2.0,0
25.693,0.0639,0.2098,0.6918,OLHOS FECHADOS,45.34,1,0.2035,0,-2.7,-0.9,0,0,2.0,0
25.789,0.0661,0.2169,0.685,OLHOS FECHADOS,49.69,1,0.207,0,-2.6,-0.5,0,0,2.0,0
25.884,0.0639,0.2097,0.7018,OLHOS FECHADOS,53.94,1,0.2105,0,-2.2,-0.3,0,0,2.0,0
25.997,0.0625,0.2052,0.6999,OLHOS FECHADOS,59.02,1,0.214,0,-2.2,-0.3,0,0,2.0,0
26.092,0.0597,0.1959,0.7016,OLHOS FECHADOS,63.3,2,0.2174,0,-2.2,-0.2,0,0,2.0,0
26.186,0.0635,0.2083,0.7026,OLHOS FECHADOS,67.56,2,0.2208,0,-2.2,-0.2,0,0,2.0,0
26.286,0.0612,0.2009,0.7056,OLHOS FECHADOS,72.04,2,0.2241,0,-2.3,-0.2,0,0,2.0,0
26.398,0.0589,0.1934,0.7033,OLHOS FECHADOS,77.06,2,0.2275,0,-2.4,-0.1,0,0,2.0,0
26.508,0.0555,0.1821,0.7115,OLHOS FECHADOS,82.02,2,0.2308,0,-2.2,-0.2,0,0,2.0,0
26.602,0.0559,0.1834,0.7074,OLHOS FECHADOS,86.27,3,0.234,0,-2.1,-0.2,0,0,2.0,0
26.695,0.0543,0.1781,0.7075,OLHOS FECHADOS,90.43,3,0.2373,0,-2.3,-0.4,0,0,2.0,0
26.797,0.0544,0.1785,0.6994,OLHOS FECHADOS,95.03,3,0.2405,0,-2.1,0.1,0,1,2.0,0
26.892,0.0539,0.177,0.7082,OLHOS FECHADOS,99.32,3,0.2437,0,-2.1,-0.2,0,1,2.0,0
27.003,0.0566,0.1857,0.7094,OLHOS FECHADOS,100.0,3,0.2469,0,-2.0,-0.1,0,1,2.0,0
27.099,0.0575,0.1887,0.7066,OLHOS FECHADOS,100.0,3,0.25,0,-2.0,0.1,0,1,2.0,0
27.198,0.0562,0.1846,0.7066,OLHOS FECHADOS,100.0,3,0.2531,0,-2.1,-0.1,0,1,2.0,0
27.309,0.0559,0.1833,0.7031,OLHOS FECHADOS,100.0,3,0.2562,0,-2.1,-0.1,0,1,2.0,0
27.387,0.0555,0.1821,0.7069,OLHOS FECHADOS,100.0,3,0.2593,0,-2.1,-0.4,0,1,2.0,0
27.484,0.0553,0.1814,0.6974,OLHOS FECHADOS,100.0,3,0.2623,0,-2.0,-0.1,0,1,2.0,0
27.607,0.0546,0.1792,0.6979,OLHOS FECHADOS,100.0,3,0.2653,0,-2.1,-0.3,0,1,2.0,0
27.696,0.0564,0.1853,0.6897,OLHOS FECHADOS,100.0,3,0.2683,0,-2.4,-0.2,0,1,2.0,0
27.789,0.0567,0.1862,0.6879,OLHOS FECHADOS,100.0,3,0.2713,0,-2.4,-0.3,0,1,2.0,0
27.894,0.0585,0.1919,0.6922,OLHOS FECHADOS,100.0,3,0.2742,0,-2.4,-0.3,0,1,2.0,0
28.0,0.0567,0.1861,0.6984,OLHOS FECHADOS,100.0,3,0.2771,0,-2.4,-0.3,0,1,2.0,0
28.093,0.0563,0.1849,0.6982,OLHOS FECHADOS,100.0,3,0.28,0,-2.4,-0.3,0,1,2.0,0
28.186,0.0576,0.189,0.6952,OLHOS FECHADOS,100.0,3,0.2829,0,-2.4,-0.5,0,1,2.0,0
28.284,0.0602,0.1977,0.6818,OLHOS FECHADOS,100.0,3,0.2857,0,-2.6,-0.4,0,1,2.0,0
28.394,0.0582,0.1911,0.6854,OLHOS FECHADOS,100.0,3,0.2885,0,-2.4,-0.5,0,1,2.0,0
28.491,0.0574,0.1884,0.682,OLHOS FECHADOS,100.0,3,0.2913,0,-2.5,-0.6,0,1,2.0,0
28.587,0.0575,0.1886,0.6905,OLHOS FECHADOS,100.0,3,0.2941,0,-2.5,-0.6,0,1,2.0,0
28.683,0.0554,0.1819,0.6954,OLHOS FECHADOS,100.0,3,0.2969,0,-2.5,-0.8,0,1,2.0,0
28.796,0.0557,0.1829,0.6891,OLHOS FECHADOS,100.0,3,0.2996,0,-2.6,-0.9,0,1,2.0,0
28.898,0.0554,0.1817,0.6927,OLHOS FECHADOS,100.0,3,0.3023,0,-2.7,-0.9,0,1,2.0,0
28.995,0.0578,0.1898,0.6856,OLHOS FECHADOS,100.0,3,0.305,0,-2.7,-0.6,0,1,2.0,0
29.083,0.0579,0.1901,0.6868,OLHOS FECHADOS,100.0,3,0.3077,0,-2.7,-0.7,0,1,2.0,0
29.206,0.0589,0.1935,0.69,OLHOS FECHADOS,100.0,3,0.3103,0,-2.7,-0.8,0,1,2.0,0
29.291,0.0577,0.1894,0.6865,OLHOS FECHADOS,100.0,3,0.313,0,-2.7,-0.9,0,1,2.0,0
29.398,0.0574,0.1885,0.6813,OLHOS FECHADOS,100.0,3,0.3156,0,-2.5,-0.6,0,1,2.0,0
29.492,0.0588,0.193,0.6869,OLHOS FECHADOS,100.0,3,0.3182,0,-2.7,-0.8,0,1,2.0,0
29.606,0.0585,0.1922,0.6958,OLHOS FECHADOS,100.0,3,0.3208,0,-2.6,-0.6,0,1,2.0,0
29.693,0.059,0.1937,0.6947,OLHOS FECHADOS,100.0,3,0.3233,0,-2.5,-0.6,0,1,2.0,0
29.788,0.0556,0.1825,0.7017,OLHOS FECHADOS,100.0,3,0.3258,0,-2.5,-0.7,0,1,2.0,0
29.883,0.0568,0.1865,0.6911,OLHOS FECHADOS,100.0,3,0.3284,0,-2.5,-0.6,0,1,2.0,0
29.996,0.0568,0.1864,0.6912,OLHOS FECHADOS,100.0,3,0.3309,0,-2.4,-0.4,0,1,2.0,0
30.091,0.058,0.1905,0.6939,OLHOS FECHADOS,100.0,3,0.3333,0,-2.4,-0.7,0,1,2.0,0
30.187,0.0595,0.1953,0.6875,OLHOS FECHADOS,100.0,3,0.3358,0,-2.6,-0.7,0,1,2.0,0
30.284,0.0596,0.1956,0.6897,OLHOS FECHADOS,100.0,3,0.3382,0,-2.5,-0.2,0,1,2.0,0
30.395,0.0628,0.2061,0.6901,OLHOS FECHADOS,100.0,3,0.3407,0,-2.5,-0.2,0,1,2.0,0
30.493,0.0584,0.1916,0.6913,OLHOS FECHADOS,100.0,3,0.3431,0,-2.5,-0.3,0,1,2.0,0
30.591,0.0601,0.1972,0.688,OLHOS FECHADOS,100.0,3,0.3455,0,-2.5,-0.2,0,1,2.0,0
30.693,0.0594,0.1951,0.6889,OLHOS FECHADOS,100.0,3,0.3478,0,-2.6,-0.4,0,1,2.0,0
30.8,0.057,0.1872,0.6939,OLHOS FECHADOS,100.0,3,0.3502,0,-2.6,-0.5,0,1,2.0,0
30.901,0.058,0.1904,0.6915,OLHOS FECHADOS,100.0,3,0.3525,0,-2.5,-0.3,0,1,2.0,0
30.987,0.0573,0.1881,0.6941,OLHOS FECHADOS,100.0,3,0.3548,0,-2.6,-0.4,0,1,2.0,0
31.086,0.0565,0.1854,0.7011,OLHOS FECHADOS,100.0,3,0.3571,0,-2.3,-0.1,0,1,2.0,0
31.196,0.0625,0.2051,0.6986,OLHOS FECHADOS,100.0,3,0.3594,0,-2.4,-0.4,0,1,2.0,0
31.294,0.0643,0.2112,0.6972,OLHOS FECHADOS,100.0,3,0.3617,0,-2.3,-0.1,0,1,2.0,0
31.387,0.0602,0.1977,0.7001,OLHOS FECHADOS,100.0,3,0.364,0,-2.2,-0.2,0,1,2.0,0
31.488,0.0579,0.1901,0.6959,OLHOS FECHADOS,100.0,3,0.3662,0,-2.4,0.1,0,1,2.0,0
31.607,0.0579,0.1901,0.6994,OLHOS FECHADOS,100.0,3,0.3684,0,-2.4,-0.2,0,1,2.0,0
31.703,0.0541,0.1776,0.7064,OLHOS FECHADOS,100.0,3,0.3706,0,-2.4,-0.0,0,1,2.0,0
31.79,0.0523,0.1718,0.7093,OLHOS FECHADOS,100.0,3,0.3728,0,-2.3,-0.5,0,1,2.0,0
31.892,0.052,0.1707,0.7072,OLHOS FECHADOS,100.0,3,0.375,0,-2.4,-0.0,0,1,2.0,0
31.995,0.0532,0.1746,0.7113,OLHOS FECHADOS,100.0,3,0.3772,0,-2.5,-0.6,0,1,2.0,0
32.097,0.0579,0.1901,0.6968,OLHOS FECHADOS,100.0,3,0.3793,0,-2.7,-0.4,0,1,2.0,0
32.188,0.0594,0.1949,0.6957,OLHOS FECHADOS,100.0,3,0.3814,0,-2.4,-0.4,0,1,2.0,0
32.284,0.0581,0.1906,0.6962,OLHOS FECHADOS,100.0,3,0.3836,0,-2.3,-0.7,0,1,2.0,0
32.398,0.059,0.1935,0.6897,OLHOS FECHADOS,100.0,3,0.3857,0,-2.5,-0.7,0,1,2.0,0
32.496,0.0568,0.1864,0.7018,OLHOS FECHADOS,100.0,3,0.3878,0,-2.5,-0.8,0,1,2.0,0
32.592,0.0548,0.1798,0.7011,OLHOS FECHADOS,100.0,3,0.3898,0,-2.5,-0.8,0,1,2.0,0
32.688,0.0529,0.1736,0.7001,OLHOS FECHADOS,100.0,3,0.3919,0,-2.4,-0.7,0,1,2.0,0
32.796,0.0544,0.1785,0.7038,OLHOS FECHADOS,100.0,3,0.3939,0,-2.5,-0.8,0,1,2.0,0
32.899,0.052,0.1706,0.7043,OLHOS FECHADOS,100.0,3,0.396,0,-2.3,-0.7,0,1,2.0,0
32.986,0.0549,0.1802,0.6956,OLHOS FECHADOS,100.0,3,0.398,0,-2.3,-0.6,0,1,2.0,0
33.083,0.057,0.1869,0.6933,OLHOS FECHADOS,100.0,3,0.4,0,-2.5,-0.1,0,1,2.0,0
33.195,0.0569,0.1869,0.7019,OLHOS FECHADOS,100.0,3,0.402,0,-2.4,-0.4,0,1,2.0,0
33.291,0.0568,0.1866,0.703,OLHOS FECHADOS,100.0,3,0.404,0,-2.5,-0.5,0,1,2.0,0
33.387,0.0554,0.1819,0.6981,OLHOS FECHADOS,100.0,3,0.4059,0,-2.6,-0.3,0,1,2.0,0
33.487,0.0547,0.1795,0.7019,OLHOS FECHADOS,100.0,3,0.4079,0,-2.5,-0.3,0,1,2.0,0
33.595,0.0545,0.179,0.6939,OLHOS FECHADOS,100.0,3,0.4098,0,-2.5,-0.2,0,1,2.0,0
33.691,0.0526,0.1725,0.698,OLHOS FECHADOS,100.0,3,0.4118,0,-2.5,-0.1,0,1,2.0,0
33.787,0.0546,0.1791,0.7081,OLHOS FECHADOS,100.0,3,0.4137,0,-2.4,-0.1,0,1,2.0,0
33.884,0.0554,0.182,0.7076,OLHOS FECHADOS,100.0,3,0.4156,0,-2.5,-0.5,0,1,2.0,0
33.995,0.0537,0.1764,0.7051,OLHOS FECHADOS,100.0,3,0.4175,0,-2.2,-0.1,0,1,2.0,0
34.092,0.0549,0.1803,0.7029,OLHOS FECHADOS,100.0,3,0.4194,0,-2.2,-0.2,0,1,2.0,0
34.187,0.0575,0.1887,0.6935,OLHOS FECHADOS,100.0,3,0.4212,0,-2.5,-0.0,0,1,2.0,0
34.283,0.0587,0.1928,0.6963,OLHOS FECHADOS,100.0,3,0.4231,0,-2.6,-0.4,0,1,2.0,0
34.395,0.0584,0.1917,0.696,OLHOS FECHADOS,100.0,3,0.4249,0,-2.5,-0.5,0,1,2.0,0
34.491,0.0535,0.1757,0.7002,OLHOS FECHADOS,100.0,3,0.4268,0,-2.4,-0.6,0,1,2.0,0
34.587,0.054,0.1773,0.6962,OLHOS FECHADOS,100.0,3,0.4286,0,-2.3,-0.4,0,1,2.0,0
34.684,0.0531,0.1742,0.6968,OLHOS FECHADOS,100.0,3,0.4304,0,-2.3,-0.3,0,1,2.0,0
34.796,0.0529,0.1735,0.6971,OLHOS FECHADOS,100.0,3,0.4322,0,-2.3,-0.3,0,1,2.0,0
34.891,0.0554,0.1819,0.6968,OLHOS FECHADOS,100.0,3,0.434,0,-2.3,-0.3,0,1,2.0,0
34.989,0.055,0.1807,0.6963,OLHOS FECHADOS,100.0,3,0.4357,0,-2.5,-0.4,0,1,2.0,0
35.082,0.0574,0.1884,0.7001,OLHOS FECHADOS,100.0,3,0.4375,0,-2.5,-0.8,0,1,2.0,0
35.194,0.0589,0.1935,0.6899,OLHOS FECHADOS,100.0,3,0.4393,0,-2.4,0.3,0,1,2.0,0
35.291,0.0566,0.1858,0.7026,OLHOS FECHADOS,100.0,3,0.441,0,-2.7,-0.5,0,1,2.0,0
35.388,0.0584,0.1916,0.6979,OLHOS FECHADOS,100.0,3,0.4427,0,-2.6,-0.6,0,1,2.0,0
35.483,0.0572,0.1877,0.7011,OLHOS FECHADOS,100.0,3,0.4444,0,-2.4,-0.4,0,1,2.0,0
35.596,0.0567,0.1863,0.6908,OLHOS FECHADOS,100.0,3,0.4462,0,-2.6,-0.5,0,1,2.0,0
35.69,0.0539,0.1769,0.6984,OLHOS FECHADOS,100.0,3,0.4479,0,-2.5,-0.5,0,1,2.0,0
35.789,0.0584,0.1916,0.6924,OLHOS FECHADOS,100.0,3,0.4495,0,-2.6,-0.4,0,1,2.0,0
35.893,0.0564,0.1851,0.6979,OLHOS FECHADOS,100.0,3,0.4512,0,-2.6,-0.7,0,1,2.0,0
35.997,0.054,0.1772,0.6982,OLHOS FECHADOS,100.0,3,0.4529,0,-2.6,-0.7,0,1,2.0,0
36.094,0.0535,0.1757,0.7039,OLHOS FECHADOS,100.0,3,0.4545,0,-2.6,-0.7,0,1,2.0,0
36.187,0.0534,0.1754,0.6986,OLHOS FECHADOS,100.0,3,0.4562,0,-2.4,-0.3,0,1,2.0,0
36.283,0.0513,0.1685,0.7125,OLHOS FECHADOS,100.0,3,0.4578,0,-2.4,-0.4,0,1,2.0,0
36.395,0.0488,0.1603,0.7096,OLHOS FECHADOS,100.0,3,0.4595,0,-2.2,-0.1,0,1,2.0,0
36.491,0.0518,0.1699,0.713,OLHOS FECHADOS,100.0,3,0.4611,0,-2.5,-0.7,0,1,2.0,0
36.587,0.0549,0.1803,0.7002,OLHOS FECHADOS,100.0,3,0.4627,0,-2.5,0.2,0,1,2.0,0
36.684,0.0553,0.1815,0.707,OLHOS FECHADOS,100.0,3,0.4643,0,-2.4,-0.1,0,1,2.0,0
36.796,0.0551,0.1808,0.7,OLHOS FECHADOS,100.0,3,0.4659,0,-2.5,-0.0,0,1,2.0,0
36.891,0.055,0.1805,0.7097,OLHOS FECHADOS,100.0,3,0.4675,0,-2.4,-0.2,0,1,2.0,0
36.987,0.0555,0.1821,0.7068,OLHOS FECHADOS,100.0,3,0.469,0,-2.3,0.0,0,1,2.0,0
37.084,0.0566,0.1857,0.7098,OLHOS FECHADOS,100.0,3,0.4706,0,-2.3,-0.4,0,1,2.0,0
37.195,0.0557,0.1828,0.7028,OLHOS FECHADOS,100.0,3,0.4721,0,-2.4,-0.1,0,1,2.0,0
37.291,0.0562,0.1845,0.7059,OLHOS FECHADOS,100.0,3,0.4737,0,-2.4,-0.6,0,1,2.0,0
37.388,0.0554,0.182,0.6934,OLHOS FECHADOS,100.0,3,0.4752,0,-2.2,-0.4,0,1,2.0,0
37.493,0.0505,0.1656,0.6995,OLHOS FECHADOS,100.0,3,0.4767,0,-2.2,-0.4,0,1,2.0,0
37.595,0.0533,0.1749,0.7026,OLHOS FECHADOS,100.0,3,0.4783,0,-2.3,-0.7,0,1,2.0,0
37.691,0.0491,0.1612,0.7155,OLHOS FECHADOS,100.0,3,0.4798,0,-2.3,-0.9,0,1,2.0,0
37.787,0.052,0.1706,0.712,OLHOS FECHADOS,100.0,3,0.4813,0,-2.1,-0.8,0,1,2.0,0
37.883,0.0523,0.1715,0.7015,OLHOS FECHADOS,100.0,3,0.4828,0,-2.2,-0.5,0,1,2.0,0
37.995,0.0518,0.17,0.7017,OLHOS FECHADOS,100.0,3,0.4842,0,-2.3,-0.7,0,1,2.0,0
38.091,0.0586,0.1925,0.6998,OLHOS FECHADOS,100.0,3,0.4857,0,-2.4,-0.6,0,1,2.0,0
38.186,0.0608,0.1997,0.6857,OLHOS FECHADOS,100.0,3,0.4872,0,-2.4,-0.4,0,1,2.0,0
38.283,0.062,0.2034,0.6867,OLHOS FECHADOS,100.0,3,0.4886,0,-2.4,-0.6,0,1,2.0,0
38.394,0.0604,0.1982,0.6936,OLHOS FECHADOS,100.0,3,0.4901,0,-2.2,-0.6,0,1,2.0,0
38.491,0.0622,0.2042,0.6736,OLHOS FECHADOS,100.0,3,0.4915,0,-2.4,-0.5,0,1,2.0,0
38.595,0.0648,0.2126,0.6652,OLHOS FECHADOS,100.0,3,0.493,0,-2.7,-0.8,0,1,2.0,0
38.684,0.0683,0.2241,0.6772,OLHOS FECHADOS,100.0,3,0.4944,0,-2.9,-1.1,0,1,2.0,0
38.795,0.077,0.2529,0.6614,OLHOS FECHADOS,100.0,3,0.4958,0,-3.0,-1.1,0,1,2.0,0
38.897,0.0748,0.2456,0.6729,OLHOS FECHADOS,100.0,3,0.4972,0,-3.1,-1.2,0,1,2.0,0
38.996,0.0751,0.2466,0.6669,OLHOS FECHADOS,100.0,3,0.4986,0,-3.0,-1.0,0,1,2.0,0
39.087,0.0697,0.2288,0.6729,OLHOS FECHADOS,100.0,3,0.5,0,-2.9,-1.1,0,1,2.0,0
39.196,0.0694,0.2277,0.6751,OLHOS FECHADOS,100.0,3,0.5014,0,-2.8,-1.0,0,1,2.0,0
39.291,0.0692,0.2272,0.6763,OLHOS FECHADOS,100.0,3,0.5028,0,-2.9,-0.9,0,1,2.0,0
39.386,0.0715,0.2346,0.6763,OLHOS FECHADOS,100.0,3,0.5041,0,-3.1,-1.1,0,1,2.0,0
39.484,0.065,0.2133,0.6907,OLHOS FECHADOS,100.0,3,0.5055,0,-2.8,-1.0,0,1,2.0,0
39.595,0.0699,0.2295,0.676,OLHOS FECHADOS,100.0,3,0.5068,0,-2.8,-1.1,0,1,2.0,0
39.691,0.0624,0.2047,0.6757,OLHOS FECHADOS,100.0,3,0.5082,0,-2.7,-1.2,0,1,2.0,0
39.789,0.0659,0.2163,0.6712,OLHOS FECHADOS,100.0,3,0.5095,0,-2.8,-1.0,0,1,2.0,0
39.891,0.0619,0.2032,0.6764,OLHOS FECHADOS,100.0,3,0.5109,0,-2.9,-1.1,0,1,2.0,0
39.998,0.0605,0.1987,0.6732,OLHOS FECHADOS,100.0,3,0.5122,0,-2.7,-0.9,0,1,2.0,0
40.091,0.0609,0.1997,0.6759,OLHOS FECHADOS,100.0,3,0.5135,0,-2.7,-1.0,0,1,2.0,0
40.187,0.0668,0.2192,0.6786,OLHOS FECHADOS,100.0,3,0.5148,0,-3.0,-0.7,0,1,2.0,0
40.285,0.0652,0.214,0.691,OLHOS FECHADOS,100.0,3,0.5161,0,-3.0,-1.3,0,1,2.0,0
40.396,0.0648,0.2128,0.6947,OLHOS FECHADOS,100.0,3,0.5174,0,-3.0,-1.2,0,1,2.0,0
40.49,0.0649,0.2129,0.6972,OLHOS FECHADOS,100.0,3,0.5187,0,-3.0,-1.2,0,1,2.0,0
40.588,0.0622,0.2041,0.7065,OLHOS FECHADOS,100.0,3,0.52,0,-3.2,-1.2,0,1,2.0,0
40.683,0.0616,0.2023,0.7096,OLHOS FECHADOS,100.0,3,0.5213,0,-3.1,-1.2,0,1,2.0,0
40.795,0.0639,0.2097,0.7092,OLHOS FECHADOS,100.0,3,0.5225,0,-3.2,-1.1,0,1,2.0,0
40.891,0.0623,0.2044,0.7084,OLHOS FECHADOS,100.0,3,0.5238,0,-3.1,-1.1,0,1,2.0,0
40.988,0.0615,0.202,0.7081,OLHOS FECHADOS,100.0,3,0.5251,0,-3.0,-1.2,0,1,2.0,0
41.084,0.0608,0.1995,0.705,OLHOS FECHADOS,100.0,3,0.5263,0,-2.9,-0.8,0,1,2.0,0
41.195,0.0587,0.1927,0.7043,OLHOS FECHADOS,100.0,3,0.5276,0,-3.0,-1.0,0,1,2.0,0
41.292,0.059,0.1935,0.706,OLHOS FECHADOS,100.0,3,0.5288,0,-3.0,-0.9,0,1,2.0,0
41.387,0.0591,0.1941,0.7079,OLHOS FECHADOS,100.0,3,0.53,0,-3.0,-0.9,0,1,2.0,0
41.484,0.0595,0.1952,0.7064,OLHOS FECHADOS,100.0,3,0.5312,0,-2.9,-0.9,0,1,2.0,0
41.595,0.0628,0.2063,0.704,OLHOS FECHADOS,100.0,3,0.5325,0,-3.0,-0.7,0,1,2.0,0
41.691,0.064,0.2099,0.7008,OLHOS FECHADOS,100.0,3,0.5337,0,-2.9,-0.8,0,1,2.0,0
41.787,0.0648,0.2127,0.701,OLHOS FECHADOS,100.0,3,0.5349,0,-3.0,-0.9,0,1,2.0,0
41.885,0.0631,0.2071,0.7039,OLHOS FECHADOS,100.0,3,0.5361,0,-3.0,-1.1,0,1,2.0,0
41.995,0.0622,0.2042,0.6994,OLHOS FECHADOS,100.0,3,0.5373,0,-3.0,-0.8,0,1,2.0,0
42.091,0.0632,0.2075,0.6981,OLHOS FECHADOS,100.0,3,0.5385,0,-3.0,-0.7,0,1,2.0,0
42.187,0.1856,0.6092,0.3818,SEMICERRADO,100.0,3,0.5396,0,-3.2,-0.8,0,1,2.0,0
42.283,0.2898,0.9513,0.166,OLHOS ABERTOS,97.59,3,0.5383,0,-3.3,-0.8,0,1,2.0,0
42.395,0.3275,1.0749,0.1391,OLHOS ABERTOS,94.8,3,0.5369,0,-3.3,-0.5,0,1,2.0,0
42.491,0.3439,1.1287,0.1209,OLHOS ABERTOS,92.39,3,0.5355,0,-3.4,-0.6,0,1,2.0,0
42.588,0.3495,1.1471,0.1183,OLHOS ABERTOS,89.96,3,0.5342,0,-3.3,-0.9,0,1,2.0,0
42.684,0.3559,1.1681,0.1066,OLHOS ABERTOS,87.58,3,0.5328,0,-3.2,-0.7,0,1,2.0,0
42.796,0.3571,1.1721,0.1024,OLHOS ABERTOS,84.78,2,0.5315,0,-3.3,-0.7,0,1,2.0,0
42.893,0.3573,1.1728,0.1053,OLHOS ABERTOS,82.36,2,0.5302,0,-3.3,-0.6,0,1,2.0,0
42.989,0.3549,1.1649,0.1114,OLHOS ABERTOS,79.94,2,0.5288,0,-3.4,-0.6,0,1,2.0,0
43.084,0.354,1.162,0.11,OLHOS ABERTOS,77.57,2,0.5275,0,-3.4,-0.6,0,1,2.0,0
43.196,0.354,1.1619,0.1088,OLHOS ABERTOS,74.78,2,0.5262,0,-3.4,-0.6,0,1,2.0,0
43.291,0.354,1.1618,0.1085,OLHOS ABERTOS,72.4,2,0.5249,0,-3.3,-0.7,0,1,2.0,0
43.387,0.3585,1.1767,0.1021,OLHOS ABERTOS,69.99,2,0.5236,0,-3.3,-0.6,0,1,2.0,0
43.484,0.3589,1.178,0.1018,OLHOS ABERTOS,67.57,2,0.5223,0,-3.3,-0.6,0,1,2.0,0
43.598,0.3597,1.1805,0.1001,OLHOS ABERTOS,64.73,2,0.521,0,-3.4,-0.5,0,1,2.0,0
43.693,0.3578,1.1744,0.1034,OLHOS ABERTOS,62.36,2,0.5197,0,-3.4,-0.5,0,1,2.0,0
43.787,0.3572,1.1725,0.1058,OLHOS ABERTOS,59.99,1,0.5184,0,-3.3,-0.4,0,1,2.0,0
43.885,0.3556,1.1673,0.1098,OLHOS ABERTOS,57.53,1,0.5172,0,-3.4,-0.3,0,1,2.0,0
44.018,0.3536,1.1607,0.1116,OLHOS ABERTOS,54.22,1,0.5159,0,-3.5,-0.4,0,1,2.0,0
44.094,0.3538,1.1614,0.1118,OLHOS ABERTOS,52.32,1,0.5146,0,-3.4,-0.3,0,1,2.0,0
44.188,0.3568,1.1713,0.1066,OLHOS ABERTOS,49.98,1,0.5134,0,-3.3,-0.0,0,1,2.0,0
44.284,0.3555,1.1668,0.1071,OLHOS ABERTOS,47.58,1,0.5121,0,-3.3,-0.1,0,1,2.0,0
44.396,0.3558,1.1678,0.1079,OLHOS ABERTOS,44.78,1,0.5109,0,-3.3,-0.1,0,1,2.0,0
44.491,0.3554,1.1667,0.1079,OLHOS ABERTOS,42.4,1,0.5097,0,-3.3,0.0,0,1,2.0,0
44.593,0.3586,1.177,0.1062,OLHOS ABERTOS,39.86,1,0.5084,0,-3.3,0.1,0,1,2.0,0
44.686,0.3568,1.1711,0.1081,OLHOS ABERTOS,37.52,1,0.5072,0,-3.3,0.1,0,1,2.0,0
44.795,0.3538,1.1612,0.1116,OLHOS ABERTOS,34.79,1,0.506,0,-3.3,-0.1,0,1,2.0,0
44.892,0.3558,1.1677,0.1049,OLHOS ABERTOS,32.37,1,0.5048,0,-3.3,0.2,0,1,2.0,0
44.987,0.3545,1.1634,0.1071,OLHOS ABERTOS,29.99,0,0.5036,0,-3.4,-0.0,0,1,2.0,0
45.082,0.3564,1.1699,0.1068,OLHOS ABERTOS,27.61,0,0.5024,0,-3.3,0.0,0,1,2.0,0
45.196,0.3555,1.1668,0.1074,OLHOS ABERTOS,24.77,0,0.5012,0,-3.3,-0.0,0,1,2.0,0
45.292,0.3547,1.1642,0.1074,OLHOS ABERTOS,22.38,0,0.5,0,-3.3,-0.0,0,1,2.0,0
45.391,0.3517,1.1545,0.1137,OLHOS ABERTOS,19.89,0,0.4988,0,-3.6,-0.6,0,1,2.0,0
45.488,0.3551,1.1655,0.1081,OLHOS ABERTOS,17.47,0,0.4976,0,-3.8,-0.4,0,1,2.0,0
45.595,0.3536,1.1606,0.1076,OLHOS ABERTOS,14.8,0,0.4965,0,-3.6,-0.4,0,1,2.0,0
45.692,0.3531,1.1589,0.1115,OLHOS ABERTOS,12.36,0,0.4953,0,-3.5,-0.3,0,1,2.0,0
45.788,0.3525,1.1571,0.1098,OLHOS ABERTOS,9.97,0,0.4941,0,-3.3,0.1,0,1,2.0,0
45.884,0.3519,1.1551,0.1099,OLHOS ABERTOS,7.56,0,0.493,0,-3.4,-0.1,0,1,2.0,0
45.995,0.3518,1.1548,0.1115,OLHOS ABERTOS,4.8,0,0.4918,0,-3.2,0.1,0,1,2.0,0
46.095,0.3512,1.1528,0.1108,OLHOS ABERTOS,2.3,0,0.4907,0,-3.2,0.1,0,1,2.0,0
46.187,0.3492,1.1463,0.1144,OLHOS ABERTOS,0.0,0,0.4896,0,-3.2,-0.3,0,1,2.0,0
46.284,0.3482,1.143,0.119,OLHOS ABERTOS,0.0,0,0.4884,0,-3.3,-0.3,0,1,2.0,0
46.396,0.3475,1.1407,0.1182,OLHOS ABERTOS,0.0,0,0.4873,0,-3.4,-0.2,0,1,2.0,0
46.492,0.3477,1.1414,0.1185,OLHOS ABERTOS,0.0,0,0.4862,0,-3.3,-0.1,0,1,2.0,0
46.601,0.1096,0.3598,0.6195,OLHOS FECHADOS,4.91,0,0.4874,0,-3.2,0.0,0,1,2.0,0
46.683,0.1614,0.5298,0.3954,OLHOS FECHADOS,8.6,0,0.4885,0,-3.5,-0.1,0,1,2.0,0
46.795,0.2671,0.8768,0.1875,OLHOS ABERTOS,5.8,0,0.4874,0,-3.6,-0.1,0,1,3.0,0
46.89,0.3076,1.0098,0.149,OLHOS ABERTOS,3.43,0,0.4863,0,-3.6,0.2,0,1,3.0,0
46.988,0.3175,1.042,0.1381,OLHOS ABERTOS,0.98,0,0.4852,0,-3.6,-0.1,0,1,3.0,0
47.089,0.3302,1.0837,0.1307,OLHOS ABERTOS,0.0,0,0.4841,0,-3.6,-0.1,0,1,3.0,0
47.195,0.3319,1.0894,0.1253,OLHOS ABERTOS,0.0,0,0.483,0,-3.5,-0.3,0,1,3.0,0
47.292,0.3372,1.1068,0.1251,OLHOS ABERTOS,0.0,0,0.4819,0,-3.6,-0.1,0,1,3.0,0
47.387,0.3374,1.1075,0.1249,OLHOS ABERTOS,0.0,0,0.4808,0,-3.5,-0.2,0,1,3.0,0
47.483,0.3404,1.1174,0.1224,OLHOS ABERTOS,0.0,0,0.4797,0,-3.5,-0.1,0,1,3.0,0
47.595,0.3387,1.1118,0.1247,OLHOS ABERTOS,0.0,0,0.4787,0,-3.5,-0.1,0,1,3.0,0
47.691,0.3398,1.1155,0.1253,OLHOS ABERTOS,0.0,0,0.4776,0,-3.6,-0.1,0,1,3.0,0
47.787,0.3406,1.1181,0.1235,OLHOS ABERTOS,0.0,0,0.4765,0,-3.6,-0.1,0,1,3.0,0
47.883,0.3445,1.1306,0.1175,OLHOS ABERTOS,0.0,0,0.4754,0,-3.6,0.1,0,1,3.0,0
47.995,0.3429,1.1256,0.1204,OLHOS ABERTOS,0.0,0,0.4744,0,-3.6,-0.1,0,1,3.0,0
48.091,0.3425,1.1242,0.1214,OLHOS ABERTOS,0.0,0,0.4733,0,-3.6,-0.0,0,1,3.0,0
48.187,0.3407,1.1182,0.1215,OLHOS ABERTOS,0.0,0,0.4723,0,-3.5,0.0,0,1,3.0,0
48.283,0.3426,1.1244,0.1228,OLHOS ABERTOS,0.0,0,0.4712,0,-3.4,0.1,0,1,3.0,0
48.396,0.3423,1.1236,0.1217,OLHOS ABERTOS,0.0,0,0.4702,0,-3.5,-0.0,0,1,3.0,0
48.49,0.3433,1.1268,0.1212,OLHOS ABERTOS,0.0,0,0.4692,0,-3.2,0.2,0,1,3.0,0
48.587,0.3425,1.1241,0.1202,OLHOS ABERTOS,0.0,0,0.4681,0,-3.2,0.2,0,1,3.0,0
48.683,0.3454,1.1337,0.1192,OLHOS ABERTOS,0.0,0,0.4671,0,-3.3,0.1,0,1,3.0,0
48.796,0.342,1.1226,0.1243,OLHOS ABERTOS,0.0,0,0.4661,0,-3.3,-0.1,0,1,3.0,0
48.892,0.3429,1.1254,0.1237,OLHOS ABERTOS,0.0,0,0.4651,0,-3.4,0.1,0,1,3.0,0
48.987,0.343,1.1259,0.1225,OLHOS ABERTOS,0.0,0,0.4641,0,-3.4,-0.0,0,1,3.0,0
49.083,0.3456,1.1344,0.1195,OLHOS ABERTOS,0.0,0,0.463,0,-3.4,0.1,0,1,3.0,0
49.196,0.3449,1.1322,0.1192,OLHOS ABERTOS,0.0,0,0.462,0,-3.3,0.1,0,1,3.0,0
49.291,0.3476,1.141,0.1165,OLHOS ABERTOS,0.0,0,0.461,0,-3.3,0.1,0,1,3.0,0
49.387,0.3477,1.1414,0.1184,OLHOS ABERTOS,0.0,0,0.46,0,-3.4,0.0,0,1,3.0,0
49.483,0.3474,1.1403,0.1193,OLHOS ABERTOS,0.0,0,0.4591,0,-3.5,0.2,0,1,3.0,0
49.595,0.3492,1.1462,0.1181,OLHOS ABERTOS,0.0,0,0.4581,0,-3.5,0.3,0,1,3.0,0
49.691,0.3489,1.1451,0.1184,OLHOS ABERTOS,0.0,0,0.4571,0,-3.5,0.0,0,1,3.0,0
49.786,0.3507,1.1511,0.1166,OLHOS ABERTOS,0.0,0,0.4561,0,-3.5,0.1,0,1,3.0,0
49.883,0.3471,1.1394,0.1167,OLHOS ABERTOS,0.0,0,0.4551,0,-3.5,0.0,0,1,3.0,0
49.996,0.3487,1.1445,0.1156,OLHOS ABERTOS,0.0,0,0.4542,0,-3.6,0.0,0,1,3.0,0
50.091,0.3475,1.1407,0.1184,OLHOS ABERTOS,0.0,0,0.4532,0,-3.5,-0.1,0,1,3.0,0
50.186,0.3491,1.1459,0.1172,OLHOS ABERTOS,0.0,0,0.4522,0,-3.4,-0.0,0,1,3.0,0
50.288,0.3481,1.1424,0.1168,OLHOS ABERTOS,0.0,0,0.4513,0,-3.4,-0.1,0,1,3.0,0
50.395,0.3489,1.1453,0.1169,OLHOS ABERTOS,0.0,0,0.4503,0,-3.4,-0.0,0,1,3.0,0
50.491,0.3501,1.1493,0.1156,OLHOS ABERTOS,0.0,0,0.4494,0,-3.4,-0.0,0,1,3.0,0
50.587,0.3484,1.1436,0.1167,OLHOS ABERTOS,0.0,0,0.4484,0,-3.5,0.0,0,1,3.0,0
50.684,0.3497,1.1477,0.1141,OLHOS ABERTOS,0.0,0,0.4475,0,-3.4,0.1,0,1,3.0,0
50.795,0.3482,1.143,0.1147,OLHOS ABERTOS,0.0,0,0.4465,0,-3.4,0.1,0,1,3.0,0
50.892,0.3467,1.1378,0.1177,OLHOS ABERTOS,0.0,0,0.4456,0,-3.4,0.1,0,1,3.0,0
50.986,0.3494,1.147,0.1153,OLHOS ABERTOS,0.0,0,0.4447,0,-3.4,0.1,0,1,3.0,0
51.083,0.3486,1.1442,0.1158,OLHOS ABERTOS,0.0,0,0.4437,0,-3.4,0.1,0,1,3.0,0
51.196,0.3466,1.1378,0.1165,OLHOS ABERTOS,0.0,0,0.4428,0,-3.5,-0.3,0,1,3.0,0
51.292,0.3392,1.1135,0.1258,OLHOS ABERTOS,0.0,0,0.4419,0,-3.4,-0.2,0,1,3.0,0
51.387,0.3379,1.109,0.1218,OLHOS ABERTOS,0.0,0,0.441,0,-3.3,-0.3,0,1,3.0,0
51.485,0.3391,1.1129,0.1174,OLHOS ABERTOS,0.0,0,0.4401,0,-3.2,0.1,0,1,3.0,0
51.598,0.1176,0.3859,0.6256,OLHOS FECHADOS,5.07,0,0.4412,0,-3.2,0.3,0,1,3.0,0
51.693,0.1002,0.329,0.5984,OLHOS FECHADOS,9.33,0,0.4424,0,-3.4,0.3,0,1,3.0,0
51.788,0.1749,0.5742,0.326,SEMICERRADO,11.05,0,0.4435,0,-3.2,-0.2,0,1,3.0,0
51.883,0.2455,0.8058,0.2187,OLHOS ABERTOS,8.66,0,0.4426,0,-3.3,-0.2,0,1,4.0,0
51.995,0.2771,0.9095,0.1787,OLHOS ABERTOS,5.87,0,0.4417,0,-3.3,-0.2,0,1,4.0,0
52.096,0.2924,0.9596,0.1605,OLHOS ABERTOS,3.34,0,0.4408,0,-3.2,-0.1,0,1,4.0,0
52.188,0.3002,0.9854,0.1548,OLHOS ABERTOS,1.03,0,0.4399,0,-3.3,-0.0,0,1,4.0,0
52.285,0.3037,0.9968,0.1529,OLHOS ABERTOS,0.0,0,0.439,0,-3.3,-0.1,0,1,4.0,0
52.398,0.3114,1.0222,0.1439,OLHOS ABERTOS,0.0,0,0.4381,0,-3.3,-0.1,0,1,4.0,0
52.491,0.3118,1.0234,0.1431,OLHOS ABERTOS,0.0,0,0.4372,0,-3.3,-0.2,0,1,4.0,0
52.596,0.3124,1.0255,0.1449,OLHOS ABERTOS,0.0,0,0.4364,0,-3.4,-0.1,0,1,4.0,0
52.685,0.3134,1.0285,0.1432,OLHOS ABERTOS,0.0,0,0.4355,0,-3.4,-0.3,0,1,4.0,0
52.796,0.3151,1.0343,0.1437,OLHOS ABERTOS,0.0,0,0.4346,0,-3.4,-0.1,0,1,4.0,0
52.891,0.3148,1.0331,0.1438,OLHOS ABERTOS,0.0,0,0.4337,0,-3.4,-0.2,0,1,4.0,0
52.989,0.3154,1.0351,0.1446,OLHOS ABERTOS,0.0,0,0.4329,0,-3.4,-0.0,0,1,4.0,0
53.086,0.316,1.0371,0.1447,OLHOS ABERTOS,0.0,0,0.432,0,-3.4,-0.0,0,1,4.0,0
53.195,0.3179,1.0436,0.1429,OLHOS ABERTOS,0.0,0,0.4311,0,-3.4,0.1,0,1,4.0,0
53.294,0.3158,1.0366,0.146,OLHOS ABERTOS,0.0,0,0.4303,0,-3.4,-0.3,0,1,4.0,0
53.389,0.3165,1.0388,0.1456,OLHOS ABERTOS,0.0,0,0.4294,0,-3.4,-0.4,0,1,4.0,0
53.495,0.3043,0.9989,0.1485,OLHOS ABERTOS,0.0,0,0.4286,0,-3.7,-0.7,0,1,4.0,0
53.595,0.3045,0.9994,0.1494,OLHOS ABERTOS,0.0,0,0.4277,0,-3.8,-0.7,0,1,4.0,0
53.692,0.3054,1.0025,0.1569,OLHOS ABERTOS,0.0,0,0.4269,0,-3.2,0.0,0,1,4.0,0
53.787,0.3012,0.9886,0.1656,OLHOS ABERTOS,0.0,0,0.426,0,-2.7,-0.2,0,1,4.0,0
53.9,0.2982,0.979,0.1717,OLHOS ABERTOS,0.0,0,0.4252,0,-2.2,0.4,0,1,4.0,0
53.995,0.2976,0.9769,0.177,OLHOS ABERTOS,0.0,0,0.4244,0,-2.2,0.4,0,1,4.0,0
54.091,0.2905,0.9536,0.1897,OLHOS ABERTOS,0.0,0,0.4235,0,-2.1,0.3,0,1,4.0,0
54.187,0.2844,0.9336,0.1973,OLHOS ABERTOS,0.0,0,0.4227,0,-2.4,-0.1,0,1,4.0,0
54.299,0.2903,0.9527,0.175,OLHOS ABERTOS,0.0,0,0.4219,0,-3.7,-0.7,0,1,4.0,0
54.396,0.2981,0.9786,0.1643,OLHOS ABERTOS,0.0,0,0.4211,0,-5.0,-1.6,0,1,4.0,0
54.492,0.3133,1.0283,0.1475,OLHOS ABERTOS,0.0,0,0.4202,0,-5.0,-1.3,0,1,4.0,0
54.587,0.3216,1.0556,0.1442,OLHOS ABERTOS,0.0,0,0.4194,0,-5.1,-1.2,0,1,4.0,0
54.7,0.3187,1.0461,0.146,OLHOS ABERTOS,0.0,0,0.4186,0,-4.8,-0.9,0,1,4.0,0
54.796,0.3264,1.0713,0.1316,OLHOS ABERTOS,0.0,0,0.4178,0,-4.7,-0.7,0,1,4.0,0
54.89,0.3253,1.0679,0.1343,OLHOS ABERTOS,0.0,0,0.417,0,-4.8,-0.8,0,1,4.0,0
54.987,0.3291,1.0803,0.133,OLHOS ABERTOS,0.0,0,0.4162,0,-4.7,-0.6,0,1,4.0,0
55.099,0.331,1.0863,0.1301,OLHOS ABERTOS,0.0,0,0.4154,0,-4.7,-0.7,0,1,4.0,0
55.195,0.328,1.0765,0.1387,OLHOS ABERTOS,0.0,0,0.4146,0,-4.5,-1.0,0,1,4.0,0
55.291,0.3296,1.0819,0.1338,OLHOS ABERTOS,0.0,0,0.4138,0,-4.5,-1.3,0,1,4.0,0
55.386,0.3312,1.087,0.1302,OLHOS ABERTOS,0.0,0,0.413,0,-4.5,-1.1,0,1,4.0,0
55.5,0.3286,1.0787,0.1308,OLHOS ABERTOS,0.0,0,0.4122,0,-4.8,-0.9,0,1,4.0,0
55.597,0.3323,1.0907,0.1338,OLHOS ABERTOS,0.0,0,0.4114,0,-4.7,-1.0,0,1,4.0,0
55.691,0.1357,0.4453,0.6056,OLHOS FECHADOS,4.23,0,0.4125,0,-4.7,-1.0,0,1,4.0,0
55.787,0.131,0.4298,0.5486,OLHOS FECHADOS,8.56,0,0.4137,0,-4.7,-1.0,0,1,4.0,0
55.899,0.2431,0.798,0.2373,OLHOS ABERTOS,5.75,0,0.4129,0,-4.8,-0.9,0,1,5.0,0
55.995,0.2935,0.9635,0.1574,OLHOS ABERTOS,3.36,0,0.4121,0,-4.7,-0.9,0,1,5.0,0
56.092,0.3222,1.0574,0.1318,OLHOS ABERTOS,0.94,0,0.4113,0,-4.4,-0.6,0,1,5.0,0
56.188,0.3307,1.0853,0.1291,OLHOS ABERTOS,0.0,0,0.4105,0,-4.5,-0.7,0,1,5.0,0
56.299,0.3312,1.0871,0.1327,OLHOS ABERTOS,0.0,0,0.4098,0,-4.5,-0.8,0,1,5.0,0
56.395,0.3347,1.0985,0.1274,OLHOS ABERTOS,0.0,0,0.409,0,-4.5,-0.6,0,1,5.0,0
56.491,0.1121,0.368,0.6323,OLHOS FECHADOS,4.3,0,0.4101,0,-4.2,-0.7,0,1,5.0,0
56.588,0.1272,0.4176,0.4963,OLHOS FECHADOS,8.68,0,0.4112,0,-4.4,-0.5,0,1,5.0,0
56.698,0.2407,0.7901,0.2297,OLHOS ABERTOS,5.93,0,0.4104,0,-4.7,-0.5,0,1,6.0,0
56.796,0.2936,0.9636,0.1608,OLHOS ABERTOS,3.49,0,0.4097,0,-4.6,-0.5,0,1,6.0,0
56.891,0.3178,1.0432,0.137,OLHOS ABERTOS,1.13,0,0.4089,0,-4.5,-0.4,0,1,6.0,0
56.987,0.3259,1.0699,0.1348,OLHOS ABERTOS,0.0,0,0.4082,0,-4.4,-0.4,0,1,6.0,0
57.1,0.3314,1.0878,0.1305,OLHOS ABERTOS,0.0,0,0.4074,0,-4.4,-0.4,0,1,6.0,0
57.199,0.3336,1.0951,0.13,OLHOS ABERTOS,0.0,0,0.4067,0,-4.5,-0.7,0,1,6.0,0
57.291,0.3361,1.1032,0.1271,OLHOS ABERTOS,0.0,0,0.4059,0,-4.4,-0.7,0,1,6.0,0
57.387,0.3398,1.1152,0.1271,OLHOS ABERTOS,0.0,0,0.4052,0,-4.5,-0.8,0,1,6.0,0
57.498,0.3429,1.1255,0.1261,OLHOS ABERTOS,0.0,0,0.4044,0,-4.6,-0.6,0,1,6.0,0
57.595,0.3412,1.1198,0.1239,OLHOS ABERTOS,0.0,0,0.4037,0,-4.5,-0.6,0,1,6.0,0
57.692,0.3406,1.118,0.126,OLHOS ABERTOS,0.0,0,0.4029,0,-4.5,-0.9,0,1,6.0,0
57.785,0.3419,1.1221,0.1259,OLHOS ABERTOS,0.0,0,0.4022,0,-4.6,-0.8,0,1,6.0,0
57.899,0.3449,1.132,0.1223,OLHOS ABERTOS,0.0,0,0.4015,0,-4.6,-0.9,0,1,6.0,0
57.996,0.347,1.1389,0.1205,OLHOS ABERTOS,0.0,0,0.4007,0,-4.6,-1.0,0,1,6.0,0
58.09,0.3471,1.1392,0.1225,OLHOS ABERTOS,0.0,0,0.4,0,-4.6,-0.9,0,1,6.0,0
58.188,0.3468,1.1382,0.124,OLHOS ABERTOS,0.0,0,0.3993,0,-4.6,-1.0,0,1,6.0,0
58.299,0.346,1.1357,0.1271,OLHOS ABERTOS,0.0,0,0.3986,0,-4.6,-1.0,0,1,6.0,0
58.394,0.3452,1.1329,0.1253,OLHOS ABERTOS,0.0,0,0.3978,0,-4.5,-1.1,0,1,6.0,0
58.491,0.3467,1.1379,0.1206,OLHOS ABERTOS,0.0,0,0.3971,0,-4.5,-1.0,0,1,6.0,0
58.587,0.3489,1.1453,0.1194,OLHOS ABERTOS,0.0,0,0.3964,0,-4.5,-1.1,0,1,6.0,0
58.702,0.3511,1.1525,0.1148,OLHOS ABERTOS,0.0,0,0.3957,0,-4.7,-1.0,0,1,6.0,0
58.798,0.3493,1.1466,0.1202,OLHOS ABERTOS,0.0,0,0.395,0,-4.7,-1.1,0,1,6.0,0
58.891,0.3488,1.1447,0.1216,OLHOS ABERTOS,0.0,0,0.3943,0,-4.8,-1.0,0,1,6.0,0
58.988,0.3504,1.1501,0.1179,OLHOS ABERTOS,0.0,0,0.3936,0,-4.8,-1.0,0,1,6.0,0
59.099,0.3503,1.1499,0.1167,OLHOS ABERTOS,0.0,0,0.3929,0,-4.7,-1.1,0,1,6.0,0
59.196,0.3508,1.1515,0.1178,OLHOS ABERTOS,0.0,0,0.3922,0,-4.7,-1.1,0,1,6.0,0
59.292,0.3492,1.1463,0.1179,OLHOS ABERTOS,0.0,0,0.3915,0,-4.7,-1.2,0,1,6.0,0
59.387,0.35,1.1489,0.1178,OLHOS ABERTOS,0.0,0,0.3908,0,-4.7,-1.0,0,1,6.0,0
59.5,0.353,1.1587,0.1132,OLHOS ABERTOS,0.0,0,0.3901,0,-4.6,-1.0,0,1,6.0,0
59.595,0.3537,1.1609,0.1107,OLHOS ABERTOS,0.0,0,0.3894,0,-4.6,-1.1,0,1,6.0,0
59.691,0.3449,1.132,0.1182,OLHOS ABERTOS,0.0,0,0.3887,0,-4.8,-1.4,0,1,6.0,0
59.788,0.3046,0.9999,0.1437,OLHOS ABERTOS,0.0,0,0.388,0,-4.6,-1.6,0,1,6.0,0
59.899,0.3022,0.9918,0.1448,OLHOS ABERTOS,0.0,0,0.3873,0,-4.6,-1.6,0,1,6.0,0
59.995,0.2979,0.9779,0.1528,OLHOS ABERTOS,0.0,0,0.3866,0,-4.8,-1.9,0,1,6.0,0
60.092,0.2986,0.9801,0.156,OLHOS ABERTOS,0.0,0,0.386,0,-4.7,-1.9,0,1,6.0,0
60.187,0.2975,0.9764,0.1558,OLHOS ABERTOS,0.0,0,0.3853,0,-4.7,-1.9,0,1,6.0,0
60.301,0.3004,0.9862,0.1554,OLHOS ABERTOS,0.0,0,0.3846,0,-4.7,-1.9,0,1,6.0,0
60.396,0.2992,0.9821,0.1571,OLHOS ABERTOS,0.0,0,0.3839,0,-4.7,-1.8,0,1,6.0,0
60.503,0.2892,0.9494,0.174,OLHOS ABERTOS,0.0,0,0.3833,0,-4.7,-1.7,0,1,6.0,0
60.592,0.148,0.4859,0.5841,OLHOS FECHADOS,4.01,0,0.3843,0,-4.7,-1.4,0,1,6.0,0
60.699,0.1897,0.6228,0.4016,SEMICERRADO,5.93,0,0.3854,0,-5.1,-1.6,0,1,6.0,0
60.795,0.2836,0.9307,0.1997,OLHOS ABERTOS,3.53,0,0.3847,0,-5.2,-1.5,0,1,7.0,0
60.89,0.3144,1.0319,0.148,OLHOS ABERTOS,1.13,0,0.3841,0,-5.2,-1.5,0,1,7.0,0
60.987,0.3266,1.0721,0.1417,OLHOS ABERTOS,0.0,0,0.3834,0,-5.2,-1.4,0,1,7.0,0
61.099,0.3328,1.0923,0.1285,OLHOS ABERTOS,0.0,0,0.3828,0,-5.2,-1.4,0,1,7.0,0
61.194,0.336,1.103,0.1291,OLHOS ABERTOS,0.0,0,0.3821,0,-5.0,-1.2,0,1,7.0,0
61.29,0.336,1.103,0.1275,OLHOS ABERTOS,0.0,0,0.3814,0,-4.8,-1.3,0,1,7.0,0
61.387,0.3424,1.1239,0.1244,OLHOS ABERTOS,0.0,0,0.3808,0,-4.8,-1.3,0,1,7.0,0
61.499,0.344,1.1291,0.1237,OLHOS ABERTOS,0.0,0,0.3801,0,-5.0,-1.5,0,1,7.0,0
61.594,0.35,1.1489,0.1202,OLHOS ABERTOS,0.0,0,0.3795,0,-4.9,-1.2,0,1,7.0,0
61.691,0.3504,1.15,0.1164,OLHOS ABERTOS,0.0,0,0.3788,0,-5.0,-1.1,0,1,7.0,0
61.788,0.3492,1.1462,0.1193,OLHOS ABERTOS,0.0,0,0.3782,0,-4.9,-1.2,0,1,7.0,0
61.899,0.3504,1.15,0.1187,OLHOS ABERTOS,0.0,0,0.3776,0,-4.9,-1.4,0,1,7.0,0
61.995,0.3528,1.1579,0.1136,OLHOS ABERTOS,0.0,0,0.3769,0,-4.9,-1.4,0,1,7.0,0
62.092,0.3557,1.1675,0.1127,OLHOS ABERTOS,0.0,0,0.3763,0,-4.9,-1.3,0,1,7.0,0
62.187,0.3496,1.1476,0.1205,OLHOS ABERTOS,0.0,0,0.3756,0,-4.8,-1.3,0,1,7.0,0
62.3,0.3501,1.1491,0.1187,OLHOS ABERTOS,0.0,0,0.375,0,-4.8,-1.4,0,1,7.0,0
62.396,0.3487,1.1446,0.1182,OLHOS ABERTOS,0.0,0,0.3744,0,-4.8,-1.3,0,1,7.0,0
62.491,0.3514,1.1535,0.1191,OLHOS ABERTOS,0.0,0,0.3737,0,-4.8,-1.5,0,1,7.0,0
62.587,0.3546,1.164,0.1188,OLHOS ABERTOS,0.0,0,0.3731,0,-4.9,-1.5,0,1,7.0,0
62.7,0.3533,1.1598,0.1176,OLHOS ABERTOS,0.0,0,0.3725,0,-5.0,-1.4,0,1,7.0,0
62.795,0.355,1.1653,0.1167,OLHOS ABERTOS,0.0,0,0.3719,0,-5.0,-1.4,0,1,7.0,0
62.891,0.3484,1.1437,0.1199,OLHOS ABERTOS,0.0,0,0.3712,0,-5.1,-1.4,0,1,7.0,0
62.987,0.1982,0.6504,0.4689,SEMICERRADO,1.73,0,0.3723,0,-5.4,-1.3,0,1,7.0,0
63.099,0.1087,0.3569,0.6166,OLHOS FECHADOS,6.75,0,0.3733,0,-4.9,-1.3,0,1,7.0,0
63.195,0.0923,0.3029,0.6437,OLHOS FECHADOS,11.09,0,0.3744,0,-4.9,-1.4,0,1,7.0,0
63.291,0.0999,0.3279,0.6368,OLHOS FECHADOS,15.41,0,0.376,0,-5.0,-1.6,0,1,7.0,0
63.387,0.0829,0.2723,0.6499,OLHOS FECHADOS,19.71,0,0.3777,0,-4.7,-1.4,0,1,7.0,0
63.499,0.0763,0.2505,0.6596,OLHOS FECHADOS,24.77,0,0.38,0,-4.6,-1.4,0,1,7.0,0
63.595,0.0732,0.2401,0.6711,OLHOS FECHADOS,29.07,0,0.381,0,-4.6,-1.6,0,1,7.0,0
63.691,0.0809,0.2657,0.6619,OLHOS FECHADOS,33.41,1,0.3827,0,-4.7,-1.5,0,1,7.0,0
63.787,0.0819,0.2689,0.661,OLHOS FECHADOS,37.74,1,0.3844,0,-4.7,-1.5,0,1,7.0,0
63.901,0.0825,0.2707,0.6614,OLHOS FECHADOS,42.85,1,0.3867,0,-4.8,-1.4,0,1,7.0,0
63.996,0.0787,0.2584,0.6713,OLHOS FECHADOS,47.11,1,0.3877,0,-4.8,-1.6,0,1,7.0,0
64.091,0.0784,0.2574,0.6785,OLHOS FECHADOS,51.41,1,0.3894,0,-4.8,-1.6,0,1,7.0,0
64.187,0.0815,0.2674,0.6745,OLHOS FECHADOS,55.74,1,0.3917,0,-4.8,-1.5,0,1,7.0,0
64.301,0.082,0.2691,0.6771,OLHOS FECHADOS,60.83,2,0.3933,0,-4.8,-1.5,0,1,7.0,0
64.395,0.0812,0.2664,0.6776,OLHOS FECHADOS,65.07,2,0.3943,0,-4.7,-1.2,0,1,7.0,0
64.492,0.0779,0.2557,0.6865,OLHOS FECHADOS,69.43,2,0.396,0,-4.6,-1.1,0,1,7.0,0
64.588,0.0833,0.2734,0.6767,OLHOS FECHADOS,73.79,2,0.3977,0,-4.7,-1.0,0,1,7.0,0
64.701,0.0815,0.2675,0.6788,OLHOS FECHADOS,78.85,2,0.4,0,-4.5,-1.3,0,1,7.0,0
64.796,0.0748,0.2454,0.681,OLHOS FECHADOS,83.11,2,0.401,0,-4.6,-1.4,0,1,7.0,0
64.893,0.0749,0.2457,0.688,OLHOS FECHADOS,87.5,3,0.4027,0,-4.7,-1.5,0,1,7.0,0
64.988,0.0718,0.2355,0.687,OLHOS FECHADOS,91.77,3,0.4043,0,-4.6,-1.4,0,2,7.0,0
65.101,0.0743,0.2438,0.6876,OLHOS FECHADOS,96.86,3,0.4067,0,-4.5,-1.3,0,2,7.0,0
65.195,0.0723,0.2373,0.6878,OLHOS FECHADOS,100.0,3,0.4077,0,-4.6,-1.4,0,2,7.0,0
65.292,0.0733,0.2406,0.6863,OLHOS FECHADOS,100.0,3,0.4077,0,-4.4,-1.3,0,2,7.0,0
65.387,0.0729,0.2393,0.6952,OLHOS FECHADOS,100.0,3,0.4077,0,-4.8,-1.7,0,2,7.0,0
65.513,0.0751,0.2464,0.6976,OLHOS FECHADOS,100.0,3,0.4083,0,-5.0,-2.0,0,2,6.0,0
65.596,0.075,0.2461,0.6955,OLHOS FECHADOS,100.0,3,0.4093,0,-4.7,-1.5,0,2,6.0,0
65.698,0.0749,0.246,0.6987,OLHOS FECHADOS,100.0,3,0.4117,0,-4.8,-1.7,0,2,6.0,0
65.802,0.0762,0.2502,0.6899,OLHOS FECHADOS,100.0,3,0.4133,0,-4.8,-1.8,0,2,6.0,0
65.903,0.075,0.2462,0.6874,OLHOS FECHADOS,100.0,3,0.415,0,-4.7,-1.7,0,2,6.0,0
66.004,0.0759,0.2491,0.6903,OLHOS FECHADOS,100.0,3,0.4167,0,-4.6,-1.7,0,2,6.0,0
66.107,0.0758,0.2487,0.6898,OLHOS FECHADOS,100.0,3,0.4183,0,-4.7,-1.7,0,2,6.0,0
66.195,0.0751,0.2464,0.6857,OLHOS FECHADOS,100.0,3,0.42,0,-4.6,-1.6,0,2,6.0,0
66.306,0.0709,0.2328,0.69,OLHOS FECHADOS,100.0,3,0.4217,0,-4.6,-1.6,0,2,6.0,0
66.405,0.0672,0.2205,0.6956,OLHOS FECHADOS,100.0,3,0.4233,0,-4.6,-1.6,0,2,6.0,0
66.505,0.066,0.2166,0.6955,OLHOS FECHADOS,100.0,3,0.425,0,-4.5,-1.2,0,2,6.0,0
66.586,0.0739,0.2427,0.6887,OLHOS FECHADOS,100.0,3,0.426,0,-4.6,-1.4,0,2,6.0,0
66.701,0.0755,0.2479,0.691,OLHOS FECHADOS,100.0,3,0.4283,0,-4.8,-1.6,0,2,6.0,0
66.795,0.0809,0.2657,0.6856,OLHOS FECHADOS,100.0,3,0.4293,0,-4.8,-1.5,0,2,6.0,0
66.903,0.0804,0.264,0.6846,OLHOS FECHADOS,100.0,3,0.4317,0,-4.6,-1.0,0,2,6.0,0
66.992,0.0779,0.2556,0.6816,OLHOS FECHADOS,100.0,3,0.4333,0,-4.6,-1.2,0,2,6.0,0
67.1,0.0794,0.2607,0.6807,OLHOS FECHADOS,100.0,3,0.435,0,-4.6,-1.2,0,2,6.0,0
67.196,0.0813,0.2669,0.6823,OLHOS FECHADOS,100.0,3,0.4367,0,-4.7,-1.5,0,2,6.0,0
67.296,0.0806,0.2645,0.6925,OLHOS FECHADOS,100.0,3,0.4383,0,-4.7,-1.5,0,2,6.0,0
67.387,0.0824,0.2703,0.6886,OLHOS FECHADOS,100.0,3,0.4393,0,-4.7,-1.3,0,2,6.0,0
67.499,0.0815,0.2674,0.6864,OLHOS FECHADOS,100.0,3,0.4417,0,-4.6,-1.1,0,2,6.0,0
67.596,0.0795,0.2608,0.6949,OLHOS FECHADOS,100.0,3,0.4426,0,-4.5,-1.1,0,2,6.0,0
67.692,0.0809,0.2654,0.6953,OLHOS FECHADOS,100.0,3,0.4443,0,-4.5,-1.1,0,2,6.0,0
67.788,0.0773,0.2538,0.6974,OLHOS FECHADOS,100.0,3,0.4459,0,-4.5,-1.4,0,2,6.0,0
67.899,0.0718,0.2357,0.6921,OLHOS FECHADOS,100.0,3,0.4483,0,-4.4,-1.1,0,2,6.0,0
67.995,0.069,0.2266,0.6915,OLHOS FECHADOS,100.0,3,0.4493,0,-4.5,-1.3,0,2,6.0,0
68.09,0.0718,0.2356,0.6906,OLHOS FECHADOS,100.0,3,0.4509,0,-4.7,-1.2,0,2,6.0,0
68.187,0.0729,0.2393,0.689,OLHOS FECHADOS,100.0,3,0.4526,0,-4.7,-1.5,0,2,6.0,0
68.299,0.0706,0.2318,0.6965,OLHOS FECHADOS,100.0,3,0.455,0,-4.5,-1.3,0,2,6.0,0
68.395,0.0722,0.2368,0.6888,OLHOS FECHADOS,100.0,3,0.4559,0,-4.6,-1.4,0,2,6.0,0
68.49,0.078,0.2561,0.6925,OLHOS FECHADOS,100.0,3,0.4576,0,-4.5,-1.4,0,2,6.0,0
68.587,0.0782,0.2568,0.6962,OLHOS FECHADOS,100.0,3,0.4592,0,-4.6,-1.4,0,2,6.0,0
68.699,0.0783,0.2571,0.7011,OLHOS FECHADOS,100.0,3,0.4617,0,-4.7,-1.4,0,2,6.0,0
68.795,0.0776,0.2547,0.7019,OLHOS FECHADOS,100.0,3,0.4626,0,-4.5,-1.3,0,2,6.0,0
68.897,0.0773,0.2536,0.6983,OLHOS FECHADOS,100.0,3,0.465,0,-4.5,-1.3,0,2,6.0,0
68.987,0.0754,0.2474,0.6988,OLHOS FECHADOS,100.0,3,0.4667,0,-4.4,-1.4,0,2,6.0,0
69.1,0.0772,0.2533,0.6914,OLHOS FECHADOS,100.0,3,0.4683,0,-4.5,-1.4,0,2,6.0,0
69.197,0.073,0.2396,0.701,OLHOS FECHADOS,100.0,3,0.4692,0,-4.3,-1.3,0,2,6.0,0
69.29,0.0748,0.2456,0.7024,OLHOS FECHADOS,100.0,3,0.4709,0,-4.6,-1.4,0,2,6.0,0
69.387,0.0774,0.2542,0.7011,OLHOS FECHADOS,100.0,3,0.4725,0,-4.7,-1.4,0,2,6.0,0
69.499,0.076,0.2495,0.695,OLHOS FECHADOS,100.0,3,0.475,0,-4.6,-1.5,0,2,6.0,0
69.595,0.0749,0.2459,0.6901,OLHOS FECHADOS,100.0,3,0.4759,0,-4.6,-1.1,0,2,6.0,0
69.691,0.0744,0.2443,0.6897,OLHOS FECHADOS,100.0,3,0.4775,0,-4.5,-0.9,0,2,6.0,0
69.786,0.0707,0.2321,0.6955,OLHOS FECHADOS,100.0,3,0.4792,0,-4.4,-1.0,0,2,6.0,0
69.9,0.0702,0.2304,0.6884,OLHOS FECHADOS,100.0,3,0.48,0,-4.3,-1.2,0,2,6.0,0
69.995,0.0702,0.2304,0.6836,OLHOS FECHADOS,100.0,3,0.4809,0,-4.4,-1.4,0,2,6.0,0
70.09,0.0711,0.2335,0.6851,OLHOS FECHADOS,100.0,3,0.4809,0,-4.3,-1.4,0,2,6.0,0
70.19,0.0689,0.2261,0.6948,OLHOS FECHADOS,100.0,3,0.48,0,-4.4,-1.4,0,2,6.0,0
70.3,0.0697,0.2289,0.6962,OLHOS FECHADOS,100.0,3,0.48,0,-4.7,-1.6,0,2,6.0,0
70.396,0.0705,0.2313,0.6969,OLHOS FECHADOS,100.0,3,0.48,0,-4.7,-1.5,0,2,6.0,0
70.492,0.0702,0.2306,0.6956,OLHOS FECHADOS,100.0,3,0.48,0,-4.7,-1.5,0,2,6.0,0
70.587,0.0693,0.2274,0.697,OLHOS FECHADOS,100.0,3,0.48,0,-4.8,-1.6,0,2,6.0,0
70.699,0.0733,0.2407,0.6811,OLHOS FECHADOS,100.0,3,0.48,0,-4.6,-1.6,0,2,6.0,0
70.796,0.0667,0.2188,0.6834,OLHOS FECHADOS,100.0,3,0.4809,0,-4.5,-1.6,0,2,6.0,0
70.89,0.0667,0.2189,0.6703,OLHOS FECHADOS,100.0,3,0.4809,0,-4.2,-1.7,0,2,6.0,0
70.987,0.0655,0.2151,0.6738,OLHOS FECHADOS,100.0,3,0.4809,0,-4.2,-1.5,0,2,6.0,0
71.098,0.0548,0.18,0.6823,OLHOS FECHADOS,100.0,3,0.48,0,-4.1,-1.4,0,2,6.0,0
71.195,0.0487,0.16,0.7004,OLHOS FECHADOS,100.0,3,0.48,0,-4.1,-1.4,0,2,6.0,0
71.29,0.0485,0.1591,0.7066,OLHOS FECHADOS,100.0,3,0.4809,0,-4.1,-1.5,0,2,6.0,0
71.387,0.0549,0.1803,0.7047,OLHOS FECHADOS,100.0,3,0.4809,0,-4.2,-1.6,0,2,6.0,0
71.499,0.0561,0.1843,0.699,OLHOS FECHADOS,100.0,3,0.4833,0,-4.2,-1.3,0,2,6.0,0
71.596,0.0625,0.205,0.7041,OLHOS FECHADOS,100.0,3,0.4842,0,-4.3,-1.0,0,2,6.0,0
71.691,0.0607,0.1992,0.7128,OLHOS FECHADOS,100.0,3,0.4867,0,-4.6,-1.0,0,2,6.0,0
71.788,0.072,0.2365,0.6776,OLHOS FECHADOS,100.0,3,0.4867,0,-4.5,-1.3,0,2,6.0,0
71.899,0.073,0.2395,0.6817,OLHOS FECHADOS,100.0,3,0.4867,0,-4.7,-1.7,0,2,6.0,0
71.994,0.0701,0.23,0.703,OLHOS FECHADOS,100.0,3,0.4875,0,-4.7,-1.6,0,2,6.0,0
72.092,0.0748,0.2455,0.6921,OLHOS FECHADOS,100.0,3,0.4883,0,-4.9,-1.4,0,2,5.0,0
72.186,0.071,0.233,0.6939,OLHOS FECHADOS,100.0,3,0.4892,0,-4.8,-1.6,0,2,5.0,0
72.299,0.0735,0.2414,0.691,OLHOS FECHADOS,100.0,3,0.4917,0,-4.8,-1.6,0,2,5.0,0
72.395,0.0768,0.252,0.6878,OLHOS FECHADOS,100.0,3,0.4925,0,-4.8,-1.5,0,2,5.0,0
72.49,0.077,0.2527,0.6789,OLHOS FECHADOS,100.0,3,0.4942,0,-4.5,-1.1,0,2,5.0,0
72.587,0.0651,0.2138,0.6964,OLHOS FECHADOS,100.0,3,0.4958,0,-4.3,-1.3,0,2,5.0,0
72.699,0.0644,0.2115,0.6987,OLHOS FECHADOS,100.0,3,0.4983,0,-4.2,-1.3,0,2,5.0,0
72.795,0.0646,0.2119,0.6989,OLHOS FECHADOS,100.0,3,0.4992,0,-4.2,-1.2,0,2,5.0,0
72.891,0.0658,0.2158,0.6963,OLHOS FECHADOS,100.0,3,0.5008,0,-4.1,-1.4,0,2,5.0,0
72.987,0.0631,0.207,0.6978,OLHOS FECHADOS,100.0,3,0.5025,0,-4.2,-1.5,0,2,5.0,0
73.1,0.0583,0.1913,0.6997,OLHOS FECHADOS,100.0,3,0.505,0,-4.0,-1.4,0,2,5.0,0
73.196,0.0586,0.1923,0.7006,OLHOS FECHADOS,100.0,3,0.5058,0,-4.1,-1.4,0,2,5.0,0
73.291,0.0612,0.2009,0.6987,OLHOS FECHADOS,100.0,3,0.5083,0,-4.2,-1.6,0,2,5.0,0
73.387,0.0618,0.2027,0.7023,OLHOS FECHADOS,100.0,3,0.5092,0,-4.2,-1.8,0,2,5.0,0
73.499,0.0674,0.2212,0.6953,OLHOS FECHADOS,100.0,3,0.5117,0,-4.5,-1.8,0,2,5.0,0
73.596,0.0704,0.2312,0.693,OLHOS FECHADOS,100.0,3,0.5125,0,-4.4,-1.4,0,2,5.0,0
73.692,0.0747,0.2452,0.6881,OLHOS FECHADOS,100.0,3,0.5141,0,-4.2,-0.9,0,2,5.0,0
73.787,0.0749,0.246,0.6845,OLHOS FECHADOS,100.0,3,0.5158,0,-4.3,-1.0,0,2,5.0,0
73.899,0.0744,0.2444,0.6835,OLHOS FECHADOS,100.0,3,0.5183,0,-4.2,-1.0,0,2,5.0,0
73.996,0.0753,0.247,0.6894,OLHOS FECHADOS,100.0,3,0.5191,0,-4.3,-1.2,0,2,5.0,0
74.09,0.0724,0.2377,0.6883,OLHOS FECHADOS,100.0,3,0.5208,0,-4.3,-1.4,0,2,5.0,0
74.187,0.0782,0.2567,0.6825,OLHOS FECHADOS,100.0,3,0.5233,0,-4.4,-1.4,0,2,5.0,0
74.299,0.0811,0.2661,0.6811,OLHOS FECHADOS,100.0,3,0.525,0,-4.5,-1.6,0,2,5.0,0
74.395,0.0844,0.277,0.6793,OLHOS FECHADOS,100.0,3,0.5258,0,-4.4,-1.4,0,2,5.0,0
74.492,0.0845,0.2775,0.6827,OLHOS FECHADOS,100.0,3,0.5275,0,-4.5,-1.5,0,2,5.0,0
74.587,0.0826,0.271,0.6872,OLHOS FECHADOS,100.0,3,0.5291,0,-4.4,-1.6,0,2,5.0,0
74.7,0.0789,0.2589,0.6845,OLHOS FECHADOS,100.0,3,0.5317,0,-4.5,-1.6,0,2,5.0,0
74.796,0.0799,0.2623,0.6835,OLHOS FECHADOS,100.0,3,0.5333,0,-4.4,-1.6,0,2,5.0,0
74.892,0.0801,0.2629,0.6835,OLHOS FECHADOS,100.0,3,0.5333,0,-4.4,-1.5,0,2,5.0,0
74.987,0.0795,0.2608,0.6847,OLHOS FECHADOS,100.0,3,0.5333,0,-4.4,-1.5,0,2,5.0,0
75.099,0.0811,0.2663,0.6823,OLHOS FECHADOS,100.0,3,0.5333,0,-4.3,-1.3,0,2,5.0,0
75.196,0.0844,0.2769,0.6762,OLHOS FECHADOS,100.0,3,0.5333,0,-4.4,-1.3,0,2,5.0,0
75.292,0.0811,0.2662,0.6808,OLHOS FECHADOS,100.0,3,0.535,0,-4.2,-1.1,0,2,5.0,0
75.388,0.082,0.269,0.6867,OLHOS FECHADOS,100.0,3,0.5367,0,-4.5,-1.6,0,2,5.0,0
75.5,0.0802,0.2632,0.6918,OLHOS FECHADOS,100.0,3,0.5383,0,-4.6,-1.8,0,2,5.0,0
75.605,0.078,0.2559,0.7055,OLHOS FECHADOS,100.0,3,0.54,0,-4.5,-1.8,0,2,5.0,0
75.704,0.077,0.2527,0.7,OLHOS FECHADOS,100.0,3,0.5417,0,-4.7,-1.8,0,2,5.0,0
75.787,0.0747,0.2451,0.7217,OLHOS FECHADOS,100.0,3,0.5424,0,-4.7,-1.8,0,2,5.0,0
75.9,0.0799,0.2621,0.7028,OLHOS FECHADOS,100.0,3,0.545,0,-4.7,-1.7,0,2,5.0,0
75.995,0.0807,0.265,0.6943,OLHOS FECHADOS,100.0,3,0.5458,0,-4.6,-1.5,0,2,5.0,0
76.092,0.081,0.266,0.6884,OLHOS FECHADOS,100.0,3,0.5483,0,-4.6,-1.4,0,2,5.0,0
76.188,0.0779,0.2557,0.6881,OLHOS FECHADOS,100.0,3,0.55,0,-4.2,-1.5,0,2,5.0,0
76.302,0.0767,0.2519,0.6891,OLHOS FECHADOS,100.0,3,0.5517,0,-4.2,-1.2,0,2,5.0,0
76.399,0.0773,0.2539,0.6837,OLHOS FECHADOS,100.0,3,0.5533,0,-4.3,-1.3,0,2,5.0,0
76.504,0.0787,0.2582,0.6832,OLHOS FECHADOS,100.0,3,0.555,0,-4.6,-1.4,0,2,5.0,0
76.601,0.0764,0.2507,0.6787,OLHOS FECHADOS,100.0,3,0.5567,0,-4.2,-1.2,0,2,5.0,0
76.7,0.0702,0.2303,0.6907,OLHOS FECHADOS,100.0,3,0.5583,0,-4.2,-1.2,0,2,5.0,0
76.795,0.0737,0.2419,0.691,OLHOS FECHADOS,100.0,3,0.56,0,-4.2,-1.3,0,2,5.0,0
76.891,0.0728,0.2389,0.6857,OLHOS FECHADOS,100.0,3,0.5607,0,-4.2,-1.2,0,2,5.0,0
76.987,0.0756,0.248,0.6836,OLHOS FECHADOS,100.0,3,0.5624,0,-4.3,-1.0,0,2,5.0,0
77.099,0.0754,0.2476,0.6815,OLHOS FECHADOS,100.0,3,0.565,0,-4.5,-1.4,0,2,5.0,0
77.196,0.0803,0.2634,0.6753,OLHOS FECHADOS,100.0,3,0.5667,0,-4.4,-1.3,0,2,5.0,0
77.291,0.0692,0.2272,0.6928,OLHOS FECHADOS,100.0,3,0.5674,0,-4.3,-1.2,0,2,5.0,0
77.387,0.0692,0.2273,0.69,OLHOS FECHADOS,100.0,3,0.5691,0,-4.3,-1.2,0,2,5.0,0
77.5,0.0698,0.2291,0.6863,OLHOS FECHADOS,100.0,3,0.5683,0,-4.3,-1.2,0,2,5.0,0
77.595,0.074,0.243,0.684,OLHOS FECHADOS,100.0,3,0.5683,0,-4.4,-1.2,0,2,5.0,0
77.691,0.0751,0.2466,0.6812,OLHOS FECHADOS,100.0,3,0.5691,0,-4.5,-1.1,0,2,5.0,0
77.787,0.0769,0.2523,0.6821,OLHOS FECHADOS,100.0,3,0.5691,0,-4.5,-1.2,0,2,5.0,0
77.907,0.0777,0.2552,0.6868,OLHOS FECHADOS,100.0,3,0.5683,0,-4.4,-1.4,0,2,5.0,0
77.998,0.0778,0.2555,0.6892,OLHOS FECHADOS,100.0,3,0.5683,0,-4.4,-1.4,0,2,5.0,0
78.095,0.0805,0.2642,0.6874,OLHOS FECHADOS,100.0,3,0.5683,0,-4.3,-1.2,0,2,5.0,0
78.192,0.0776,0.2547,0.6915,OLHOS FECHADOS,100.0,3,0.5683,0,-4.4,-1.3,0,2,5.0,0
78.304,0.0712,0.2337,0.7049,OLHOS FECHADOS,100.0,3,0.5683,0,-4.4,-1.7,0,2,5.0,0
78.396,0.0733,0.2405,0.7049,OLHOS FECHADOS,100.0,3,0.5691,0,-4.5,-1.8,0,2,5.0,0
78.502,0.0786,0.258,0.6881,OLHOS FECHADOS,100.0,3,0.57,0,-4.5,-2.0,0,2,5.0,0
78.591,0.0843,0.2766,0.6789,OLHOS FECHADOS,100.0,3,0.5717,0,-4.7,-2.2,0,2,5.0,0
78.698,0.084,0.2756,0.672,OLHOS FECHADOS,100.0,3,0.5733,0,-4.7,-2.2,0,2,5.0,0
78.801,0.0945,0.3103,0.6428,OLHOS FECHADOS,100.0,3,0.575,0,-4.8,-2.0,0,2,5.0,0
78.892,0.0865,0.2838,0.6571,OLHOS FECHADOS,100.0,3,0.5757,0,-4.7,-2.1,0,2,5.0,0
78.99,0.0911,0.2989,0.6479,OLHOS FECHADOS,100.0,3,0.5783,0,-4.8,-2.4,0,2,5.0,0
79.098,0.0873,0.2865,0.6626,OLHOS FECHADOS,100.0,3,0.58,0,-4.8,-2.3,0,2,5.0,0
79.196,0.0888,0.2914,0.6601,OLHOS FECHADOS,100.0,3,0.5807,0,-4.7,-2.1,0,2,5.0,0
79.29,0.0864,0.2837,0.6565,OLHOS FECHADOS,100.0,3,0.5824,0,-4.6,-1.4,0,2,5.0,0
79.387,0.0776,0.2546,0.6672,OLHOS FECHADOS,100.0,3,0.584,0,-4.4,-1.2,0,2,5.0,0
79.498,0.0782,0.2565,0.6725,OLHOS FECHADOS,100.0,3,0.5867,0,-4.5,-1.2,0,2,5.0,0
79.595,0.0793,0.2602,0.6723,OLHOS FECHADOS,100.0,3,0.5874,0,-4.6,-1.2,0,2,5.0,0
79.691,0.0785,0.2578,0.6777,OLHOS FECHADOS,100.0,3,0.589,0,-4.6,-1.3,0,2,5.0,0
79.789,0.0837,0.2748,0.6737,OLHOS FECHADOS,100.0,3,0.5917,0,-4.6,-1.3,0,2,5.0,0
79.902,0.0817,0.2683,0.6816,OLHOS FECHADOS,100.0,3,0.5933,0,-4.6,-1.2,0,2,5.0,0
79.995,0.0824,0.2704,0.6743,OLHOS FECHADOS,100.0,3,0.594,0,-4.6,-1.2,0,2,5.0,0
80.092,0.0807,0.2648,0.6765,OLHOS FECHADOS,100.0,3,0.5957,0,-4.7,-1.5,0,2,5.0,0
80.187,0.0793,0.2604,0.6789,OLHOS FECHADOS,100.0,3,0.5973,0,-4.6,-1.7,0,2,5.0,0
80.299,0.0815,0.2675,0.681,OLHOS FECHADOS,100.0,3,0.6,0,-4.9,-1.7,0,2,5.0,0
80.395,0.0839,0.2753,0.679,OLHOS FECHADOS,100.0,3,0.6007,0,-4.7,-1.8,0,2,5.0,0
80.491,0.0827,0.2714,0.6845,OLHOS FECHADOS,100.0,3,0.6023,0,-4.8,-1.9,0,2,5.0,0
80.589,0.0779,0.2555,0.6866,OLHOS FECHADOS,100.0,3,0.605,0,-4.6,-1.8,0,2,5.0,0
80.703,0.0781,0.2562,0.689,OLHOS FECHADOS,100.0,3,0.6067,0,-4.7,-1.9,0,2,5.0,0
80.795,0.0752,0.247,0.6879,OLHOS FECHADOS,100.0,3,0.6073,0,-4.6,-2.0,0,2,5.0,0
80.891,0.0719,0.2361,0.6872,OLHOS FECHADOS,100.0,3,0.609,0,-4.5,-1.9,0,2,5.0,0
80.986,0.0714,0.2342,0.695,OLHOS FECHADOS,100.0,3,0.6106,0,-4.4,-1.7,0,2,5.0,0
81.099,0.0701,0.2301,0.7004,OLHOS FECHADOS,100.0,3,0.6133,0,-4.5,-1.8,0,2,5.0,0
81.197,0.0757,0.2486,0.6995,OLHOS FECHADOS,100.0,3,0.615,0,-4.5,-1.9,0,2,5.0,0
81.291,0.0765,0.2513,0.7059,OLHOS FECHADOS,100.0,3,0.6156,0,-5.2,-2.3,0,2,5.0,0
81.387,0.0752,0.247,0.7022,OLHOS FECHADOS,100.0,3,0.6173,0,-4.7,-2.3,0,2,5.0,0
81.5,0.0946,0.3106,0.673,OLHOS FECHADOS,100.0,3,0.62,0,-4.9,-2.3,0,2,5.0,0
81.596,0.0869,0.2852,0.677,OLHOS FECHADOS,100.0,3,0.6217,0,-4.9,-2.0,0,2,5.0,0
81.701,0.0845,0.2772,0.6792,OLHOS FECHADOS,100.0,3,0.6233,0,-4.8,-2.3,0,2,5.0,0
81.787,0.0795,0.2609,0.6697,OLHOS FECHADOS,100.0,3,0.624,0,-4.7,-2.1,0,2,5.0,0
81.899,0.072,0.2365,0.6812,OLHOS FECHADOS,100.0,3,0.6267,0,-4.5,-1.9,0,2,5.0,0
81.997,0.076,0.2495,0.6775,OLHOS FECHADOS,100.0,3,0.6283,0,-4.4,-1.8,0,2,5.0,0
82.091,0.0799,0.2623,0.6664,OLHOS FECHADOS,100.0,3,0.629,0,-4.4,-1.9,0,2,5.0,0
82.187,0.0903,0.2962,0.6608,OLHOS FECHADOS,100.0,3,0.6306,0,-4.5,-1.7,0,2,5.0,0
82.299,0.0919,0.3017,0.6505,OLHOS FECHADOS,100.0,3,0.6333,0,-4.6,-1.8,0,2,5.0,0
82.395,0.0992,0.3258,0.6521,OLHOS FECHADOS,100.0,3,0.6339,0,-4.7,-1.6,0,2,5.0,0
82.492,0.0933,0.3063,0.6556,OLHOS FECHADOS,100.0,3,0.6356,0,-4.8,-1.9,0,2,5.0,0
82.587,0.0937,0.3074,0.6527,OLHOS FECHADOS,100.0,3,0.6373,0,-5.1,-2.0,0,2,5.0,0
82.699,0.0899,0.2951,0.6562,OLHOS FECHADOS,100.0,3,0.64,0,-4.9,-2.2,0,2,5.0,0
82.795,0.0967,0.3175,0.6511,OLHOS FECHADOS,100.0,3,0.6417,0,-4.8,-2.0,0,2,5.0,0
82.891,0.1075,0.3529,0.6193,OLHOS FECHADOS,100.0,3,0.6423,0,-4.8,-2.0,0,2,5.0,0
82.987,0.1294,0.4249,0.5802,OLHOS FECHADOS,100.0,3,0.6439,0,-4.9,-2.0,0,2,5.0,0
83.099,0.1575,0.5168,0.4739,OLHOS FECHADOS,100.0,3,0.6467,0,-4.8,-2.0,0,2,5.0,0
83.195,0.3128,1.0267,0.1624,OLHOS ABERTOS,97.61,3,0.6456,0,-5.2,-2.1,0,2,5.0,0
83.291,0.3514,1.1534,0.1157,OLHOS ABERTOS,95.21,3,0.6456,0,-5.1,-1.9,0,2,5.0,0
83.387,0.3631,1.192,0.1054,OLHOS ABERTOS,92.81,3,0.6456,0,-5.0,-1.6,0,2,5.0,0
83.5,0.366,1.2015,0.0995,OLHOS ABERTOS,89.98,3,0.6467,0,-5.1,-1.6,0,2,5.0,0
83.595,0.3647,1.1971,0.1036,OLHOS ABERTOS,87.6,3,0.6456,0,-5.2,-1.7,0,2,5.0,0
83.69,0.3632,1.1923,0.1079,OLHOS ABERTOS,85.23,3,0.6456,0,-5.2,-1.8,0,2,5.0,0
83.787,0.3615,1.1866,0.1081,OLHOS ABERTOS,82.8,2,0.6456,0,-5.2,-1.7,0,2,5.0,0
83.898,0.3603,1.1825,0.1118,OLHOS ABERTOS,80.02,2,0.6467,0,-5.4,-1.9,0,2,5.0,0
83.997,0.3612,1.1855,0.1109,OLHOS ABERTOS,77.56,2,0.6467,0,-5.2,-1.8,0,2,5.0,0
84.093,0.3594,1.1797,0.1146,OLHOS ABERTOS,75.16,2,0.6456,0,-5.2,-1.9,0,2,5.0,0
84.189,0.3597,1.1807,0.1109,OLHOS ABERTOS,72.74,2,0.6467,0,-5.1,-1.8,0,2,5.0,0
84.303,0.3578,1.1743,0.1115,OLHOS ABERTOS,69.9,2,0.6467,0,-5.2,-1.7,0,2,5.0,0
84.399,0.3569,1.1716,0.1114,OLHOS ABERTOS,67.52,2,0.6456,0,-5.2,-1.7,0,2,5.0,0
84.503,0.3561,1.1688,0.1141,OLHOS ABERTOS,64.9,2,0.6456,0,-5.3,-1.6,0,2,5.0,0
84.589,0.3548,1.1647,0.1147,OLHOS ABERTOS,62.76,2,0.6456,0,-5.3,-1.5,0,2,5.0,0
84.703,0.3346,1.0981,0.1388,OLHOS ABERTOS,59.92,1,0.6467,0,-5.3,-1.7,0,2,5.0,0
84.797,0.2892,0.9493,0.1804,OLHOS ABERTOS,57.56,1,0.645,0,-5.1,-1.8,0,2,5.0,0
84.896,0.2877,0.9443,0.1755,OLHOS ABERTOS,55.07,1,0.6433,0,-5.0,-2.0,0,2,5.0,0
84.988,0.2865,0.9405,0.1764,OLHOS ABERTOS,52.77,1,0.6417,0,-5.1,-2.1,0,2,5.0,0
85.099,0.2859,0.9383,0.1767,OLHOS ABERTOS,50.02,1,0.64,0,-5.0,-2.0,0,2,5.0,0
85.195,0.2849,0.9352,0.1801,OLHOS ABERTOS,47.6,1,0.6389,0,-5.0,-2.2,0,2,5.0,0
85.301,0.2929,0.9614,0.1836,OLHOS ABERTOS,44.95,1,0.6367,0,-5.1,-2.1,0,2,5.0,0
85.387,0.3131,1.0277,0.1646,OLHOS ABERTOS,42.81,1,0.6356,0,-5.2,-2.2,0,2,5.0,0
85.508,0.3319,1.0895,0.1418,OLHOS ABERTOS,39.79,1,0.6333,0,-5.1,-2.1,0,2,5.0,0
85.596,0.3385,1.111,0.1352,OLHOS ABERTOS,37.59,1,0.6323,0,-5.0,-2.1,0,2,5.0,0
85.692,0.341,1.1193,0.1332,OLHOS ABERTOS,35.19,1,0.6306,0,-5.1,-1.9,0,2,5.0,0
85.787,0.3452,1.1329,0.1275,OLHOS ABERTOS,32.81,1,0.629,0,-5.1,-1.9,0,2,5.0,0
85.9,0.3448,1.1318,0.1315,OLHOS ABERTOS,29.97,0,0.6267,0,-5.3,-1.9,0,2,5.0,0
85.996,0.3447,1.1314,0.1319,OLHOS ABERTOS,27.58,0,0.6256,0,-5.3,-1.9,0,2,5.0,0
86.092,0.3459,1.1354,0.1304,OLHOS ABERTOS,25.19,0,0.6233,0,-5.3,-1.9,0,2,5.0,0
86.188,0.3481,1.1427,0.1278,OLHOS ABERTOS,22.79,0,0.6217,0,-5.2,-1.7,0,2,5.0,0
86.304,0.3482,1.1428,0.1258,OLHOS ABERTOS,19.87,0,0.62,0,-5.2,-1.6,0,2,5.0,0
86.396,0.3485,1.1439,0.124,OLHOS ABERTOS,17.58,0,0.619,0,-5.1,-1.4,0,2,5.0,0
86.491,0.3497,1.1478,0.1206,OLHOS ABERTOS,15.2,0,0.6173,0,-5.0,-1.4,0,2,5.0,0
86.591,0.3521,1.1559,0.1222,OLHOS ABERTOS,12.71,0,0.6156,0,-5.3,-1.5,0,2,5.0,0
86.702,0.3507,1.1511,0.1193,OLHOS ABERTOS,9.94,0,0.6133,0,-5.1,-1.5,0,2,5.0,0
86.796,0.3502,1.1495,0.1194,OLHOS ABERTOS,7.58,0,0.6123,0,-5.1,-1.5,0,2,5.0,0
86.892,0.3498,1.1481,0.1183,OLHOS ABERTOS,5.19,0,0.6106,0,-5.1,-1.6,0,2,5.0,0
86.988,0.351,1.1522,0.1177,OLHOS ABERTOS,2.79,0,0.609,0,-5.1,-1.5,0,2,5.0,0
87.101,0.35,1.1489,0.1188,OLHOS ABERTOS,0.0,0,0.6067,0,-5.0,-1.4,0,2,5.0,0
87.195,0.2255,0.7402,0.4094,SEMICERRADO,1.69,0,0.6073,0,-5.9,-1.0,0,2,5.0,0
87.292,0.0964,0.3164,0.6075,OLHOS FECHADOS,6.03,0,0.6073,0,-4.7,-0.9,0,2,5.0,0
87.388,0.1701,0.5582,0.3453,SEMICERRADO,7.75,0,0.6067,0,-4.9,-1.0,0,2,5.0,0
87.5,0.2688,0.8823,0.1844,OLHOS ABERTOS,4.94,0,0.605,0,-4.8,-1.3,0,2,6.0,0
87.596,0.2996,0.9833,0.1544,OLHOS ABERTOS,2.54,0,0.604,0,-4.8,-1.3,0,2,6.0,0
87.692,0.3119,1.0237,0.1431,OLHOS ABERTOS,0.15,0,0.6023,0,-4.9,-1.4,0,2,6.0,0
87.789,0.3199,1.0499,0.1381,OLHOS ABERTOS,0.0,0,0.6,0,-4.7,-1.5,0,2,6.0,0
87.9,0.321,1.0537,0.1393,OLHOS ABERTOS,0.0,0,0.5983,0,-4.7,-1.5,0,2,6.0,0
87.996,0.3245,1.0653,0.1373,OLHOS ABERTOS,0.0,0,0.5973,0,-4.7,-1.5,0,2,6.0,0
88.092,0.3185,1.0455,0.1392,OLHOS ABERTOS,0.0,0,0.5957,0,-4.7,-1.7,0,2,6.0,0
88.198,0.3157,1.0364,0.1495,OLHOS ABERTOS,0.0,0,0.5933,0,-4.5,-1.7,0,2,6.0,0
88.3,0.3139,1.0303,0.1452,OLHOS ABERTOS,0.0,0,0.5917,0,-4.6,-1.8,0,2,6.0,0
88.402,0.303,0.9946,0.1646,OLHOS ABERTOS,0.0,0,0.59,0,-4.9,-1.9,0,2,6.0,0
88.491,0.3007,0.9871,0.1703,OLHOS ABERTOS,0.0,0,0.589,0,-5.0,-1.8,0,2,6.0,0
88.591,0.2979,0.9778,0.1678,OLHOS ABERTOS,0.0,0,0.5867,0,-5.0,-1.8,0,2,6.0,0
88.699,0.2948,0.9677,0.178,OLHOS ABERTOS,0.0,0,0.585,0,-5.0,-1.9,0,2,6.0,0
88.796,0.2922,0.9592,0.1812,OLHOS ABERTOS,0.0,0,0.584,0,-4.9,-2.0,0,2,6.0,0
88.891,0.2915,0.9567,0.1767,OLHOS ABERTOS,0.0,0,0.5824,0,-4.7,-1.8,0,2,6.0,0
88.987,0.2899,0.9516,0.1755,OLHOS ABERTOS,0.0,0,0.5807,0,-4.7,-1.8,0,2,6.0,0
89.099,0.2897,0.9507,0.1795,OLHOS ABERTOS,0.0,0,0.5783,0,-4.8,-2.0,0,2,6.0,0
89.195,0.2907,0.9543,0.1755,OLHOS ABERTOS,0.0,0,0.5774,0,-5.0,-2.0,0,2,6.0,0
89.291,0.2904,0.9531,0.1767,OLHOS ABERTOS,0.0,0,0.575,0,-4.6,-1.9,0,2,6.0,0
89.388,0.2904,0.9533,0.1805,OLHOS ABERTOS,0.0,0,0.574,0,-4.9,-2.1,0,2,6.0,0
89.499,0.2893,0.9495,0.1842,OLHOS ABERTOS,0.0,0,0.5717,0,-4.9,-2.2,0,2,6.0,0
89.595,0.2858,0.9381,0.1893,OLHOS ABERTOS,0.0,0,0.5707,0,-4.8,-2.2,0,2,6.0,0
89.692,0.2855,0.937,0.1868,OLHOS ABERTOS,0.0,0,0.5691,0,-4.8,-2.2,0,2,6.0,0
89.788,0.286,0.9386,0.1856,OLHOS ABERTOS,0.0,0,0.5674,0,-4.7,-2.2,0,2,6.0,0
89.902,0.284,0.9322,0.1864,OLHOS ABERTOS,0.0,0,0.565,0,-4.7,-2.2,0,2,6.0,0
89.995,0.2836,0.931,0.1864,OLHOS ABERTOS,0.0,0,0.5641,0,-4.5,-2.0,0,2,6.0,0
90.091,0.2839,0.9319,0.186,OLHOS ABERTOS,0.0,0,0.5617,0,-4.7,-2.1,0,2,6.0,0
90.187,0.286,0.9387,0.1854,OLHOS ABERTOS,0.0,0,0.56,0,-4.6,-1.9,0,2,6.0,0
90.299,0.2868,0.9413,0.1857,OLHOS ABERTOS,0.0,0,0.5583,0,-4.6,-1.9,0,2,6.0,0
90.395,0.2878,0.9447,0.1824,OLHOS ABERTOS,0.0,0,0.5567,0,-4.5,-1.8,0,2,6.0,0
90.491,0.2934,0.9631,0.179,OLHOS ABERTOS,0.0,0,0.5557,0,-4.5,-1.8,0,2,6.0,0
90.587,0.2966,0.9734,0.1718,OLHOS ABERTOS,0.0,0,0.5541,0,-4.6,-1.7,0,2,6.0,0
90.701,0.3006,0.9867,0.1687,OLHOS ABERTOS,0.0,0,0.5517,0,-4.6,-1.8,0,2,6.0,0
90.795,0.3063,1.0054,0.1564,OLHOS ABERTOS,0.0,0,0.5507,0,-4.7,-1.7,0,2,6.0,0
90.891,0.3104,1.0189,0.1525,OLHOS ABERTOS,0.0,0,0.5491,0,-4.7,-1.7,0,2,6.0,0
90.987,0.3103,1.0187,0.1524,OLHOS ABERTOS,0.0,0,0.5474,0,-4.5,-1.6,0,2,6.0,0
91.1,0.3146,1.0325,0.1594,OLHOS ABERTOS,0.0,0,0.545,0,-4.8,-1.3,0,2,6.0,0
91.196,0.3194,1.0483,0.1531,OLHOS ABERTOS,0.0,0,0.5441,0,-5.0,-1.3,0,2,6.0,0
91.292,0.3259,1.0697,0.1478,OLHOS ABERTOS,0.0,0,0.5424,0,-5.0,-1.3,0,2,6.0,0
91.387,0.3296,1.082,0.1476,OLHOS ABERTOS,0.0,0,0.5408,0,-5.0,-1.3,0,2,6.0,0
91.5,0.3307,1.0856,0.1448,OLHOS ABERTOS,0.0,0,0.5383,0,-5.0,-1.3,0,2,6.0,0
91.595,0.2965,0.9732,0.2111,OLHOS ABERTOS,0.0,0,0.5374,0,-6.0,-1.6,0,2,6.0,0
91.691,0.1637,0.5372,0.4984,OLHOS FECHADOS,4.3,0,0.5374,0,-5.7,-1.4,0,2,6.0,0
91.787,0.2121,0.6962,0.2947,SEMICERRADO,6.03,0,0.5374,0,-5.6,-1.5,0,2,6.0,0
91.9,0.2736,0.8979,0.1899,OLHOS ABERTOS,3.21,0,0.535,0,-5.2,-1.0,0,2,7.0,0
91.998,0.2986,0.9801,0.1664,OLHOS ABERTOS,0.75,0,0.5333,0,-5.4,-1.2,0,2,7.0,0
92.092,0.3099,1.0173,0.1587,OLHOS ABERTOS,0.0,0,0.5324,0,-5.4,-1.2,0,2,7.0,0
92.19,0.3163,1.0383,0.1538,OLHOS ABERTOS,0.0,0,0.53,0,-5.8,-1.0,0,2,7.0,0
92.3,0.3174,1.0419,0.1506,OLHOS ABERTOS,0.0,0,0.5283,0,-5.6,-0.7,0,2,7.0,0
92.404,0.3209,1.0534,0.1477,OLHOS ABERTOS,0.0,0,0.5267,0,-5.2,-0.1,0,2,7.0,0
92.495,0.3346,1.0982,0.1503,OLHOS ABERTOS,0.0,0,0.5258,0,-5.4,-0.2,0,2,7.0,0
92.589,0.3359,1.1024,0.1418,OLHOS ABERTOS,0.0,0,0.5241,0,-5.4,-0.7,0,2,7.0,0
92.701,0.3393,1.1136,0.1406,OLHOS ABERTOS,0.0,0,0.5217,0,-5.4,-0.8,0,2,7.0,0
92.803,0.3392,1.1135,0.1352,OLHOS ABERTOS,0.0,0,0.52,0,-5.3,-1.0,0,2,7.0,0
92.891,0.338,1.1094,0.1335,OLHOS ABERTOS,0.0,0,0.5191,0,-5.3,-1.2,0,2,7.0,0
92.987,0.3375,1.1077,0.1339,OLHOS ABERTOS,0.0,0,0.5167,0,-5.3,-1.4,0,2,7.0,0
93.099,0.3356,1.1015,0.1303,OLHOS ABERTOS,0.0,0,0.515,0,-5.2,-2.1,0,2,7.0,0
93.195,0.3376,1.1081,0.1207,OLHOS ABERTOS,0.0,0,0.5141,0,-5.4,-2.7,0,2,7.0,0
93.29,0.3383,1.1105,0.1206,OLHOS ABERTOS,0.0,0,0.5125,0,-5.4,-4.1,0,2,7.0,0
93.389,0.3353,1.1006,0.117,OLHOS ABERTOS,0.0,0,0.51,0,-5.2,-4.5,0,2,7.0,0
93.5,0.3318,1.0891,0.122,OLHOS ABERTOS,0.0,0,0.5083,0,-5.2,-4.6,0,2,7.0,0
93.595,0.3365,1.1045,0.1204,OLHOS ABERTOS,0.0,0,0.5067,0,-5.3,-4.9,0,2,7.0,0
93.691,0.3372,1.1067,0.121,OLHOS ABERTOS,0.0,0,0.5058,0,-5.1,-4.8,0,2,7.0,0
93.787,0.3351,1.0998,0.1237,OLHOS ABERTOS,0.0,0,0.5042,0,-4.8,-4.4,0,2,7.0,0
93.899,0.3342,1.0968,0.1294,OLHOS ABERTOS,0.0,0,0.5017,0,-4.8,-4.4,0,2,7.0,0
93.996,0.3328,1.0923,0.1289,OLHOS ABERTOS,0.0,0,0.5,0,-4.7,-4.3,0,2,7.0,0
94.091,0.3271,1.0736,0.134,OLHOS ABERTOS,0.0,0,0.4992,0,-4.5,-4.0,0,2,7.0,0
94.188,0.3286,1.0786,0.1349,OLHOS ABERTOS,0.0,0,0.4967,0,-4.7,-4.1,0,2,7.0,0
94.299,0.3273,1.0743,0.1363,OLHOS ABERTOS,0.0,0,0.495,0,-4.7,-4.0,0,2,7.0,0
94.395,0.3301,1.0835,0.1358,OLHOS ABERTOS,0.0,0,0.4933,0,-5.0,-4.1,0,2,7.0,0
94.492,0.3267,1.0723,0.136,OLHOS ABERTOS,5.58,0,0.4917,1,-4.9,-3.8,0,2,7.0,0
94.587,0.3273,1.0745,0.1373,OLHOS ABERTOS,3.2,0,0.4908,1,-5.1,-4.0,0,2,7.0,0
94.7,0.3266,1.072,0.1511,OLHOS ABERTOS,0.39,0,0.4883,1,-5.0,-4.4,0,2,7.0,0
94.796,0.3163,1.0382,0.1785,OLHOS ABERTOS,0.0,0,0.4867,1,-5.3,-4.7,0,2,7.0,0
94.891,0.3167,1.0394,0.1795,OLHOS ABERTOS,0.0,0,0.485,1,-5.4,-5.1,0,2,7.0,0
94.987,0.3191,1.0474,0.1796,OLHOS ABERTOS,0.0,0,0.4842,1,-5.5,-5.1,0,2,7.0,0
95.107,0.3159,1.0369,0.1943,OLHOS ABERTOS,0.0,0,0.4817,1,-5.4,-5.9,0,2,7.0,0
95.195,0.304,0.9979,0.1938,OLHOS ABERTOS,0.0,0,0.48,1,-5.2,-5.8,0,2,7.0,0
95.296,0.293,0.9619,0.2197,OLHOS ABERTOS,0.0,0,0.4783,1,-5.2,-6.1,0,2,7.0,0
95.389,0.2981,0.9783,0.2125,OLHOS ABERTOS,0.0,0,0.4767,1,-5.0,-5.7,0,2,7.0,0
95.499,0.2991,0.9816,0.2218,OLHOS ABERTOS,0.0,0,0.475,1,-4.9,-6.1,0,2,7.0,0
95.597,0.2981,0.9784,0.229,OLHOS ABERTOS,0.0,0,0.4733,1,-4.9,-6.3,0,2,7.0,0
95.692,0.2936,0.9636,0.2182,OLHOS ABERTOS,0.0,0,0.4717,1,-4.8,-6.7,0,2,7.0,0
95.787,0.2933,0.9629,0.2203,OLHOS ABERTOS,0.0,0,0.4709,1,-4.7,-6.9,0,2,7.0,0
95.899,0.3082,1.0117,0.1869,OLHOS ABERTOS,0.0,0,0.4683,1,-4.8,-8.2,0,2,7.0,0
95.995,0.3132,1.0279,0.1942,OLHOS ABERTOS,0.0,0,0.4676,1,-5.2,-8.8,0,2,7.0,0
96.091,0.3185,1.0454,0.1796,OLHOS ABERTOS,0.0,0,0.4659,1,-4.9,-9.1,0,2,7.0,0
96.187,0.319,1.0472,0.2052,OLHOS ABERTOS,0.0,0,0.4633,1,-5.1,-9.4,0,2,7.0,0
96.299,0.3179,1.0436,0.2111,OLHOS ABERTOS,0.0,0,0.4617,1,-5.0,-9.6,0,2,7.0,0
96.396,0.319,1.0471,0.2006,OLHOS ABERTOS,0.0,0,0.46,1,-4.9,-9.2,0,2,7.0,0
96.495,0.3222,1.0574,0.1904,OLHOS ABERTOS,0.0,0,0.4583,1,-5.1,-9.5,0,2,7.0,0
96.588,0.3254,1.068,0.1899,OLHOS ABERTOS,0.0,0,0.4567,1,-5.2,-9.6,0,2,7.0,0
96.698,0.3269,1.0731,0.1891,OLHOS ABERTOS,0.0,0,0.455,1,-5.0,-9.9,0,2,7.0,0
96.795,0.3255,1.0686,0.1905,OLHOS ABERTOS,0.0,0,0.4542,1,-5.1,-10.6,0,2,7.0,0
96.891,0.325,1.0667,0.1844,OLHOS ABERTOS,0.0,0,0.4517,1,-5.2,-10.9,0,2,7.0,0
96.993,0.3222,1.0575,0.173,OLHOS ABERTOS,0.0,0,0.45,1,-4.7,-11.2,0,2,7.0,0
97.1,0.3161,1.0377,0.1631,OLHOS ABERTOS,0.0,0,0.4483,1,-4.8,-11.9,0,2,7.0,0
97.206,0.3131,1.0279,0.1607,OLHOS ABERTOS,0.0,0,0.4467,1,-4.4,-12.7,0,2,7.0,0
97.291,0.3115,1.0224,0.1527,OLHOS ABERTOS,0.0,0,0.4459,1,-4.3,-13.3,0,2,7.0,0
97.387,0.3055,1.0026,0.1534,OLHOS ABERTOS,0.0,0,0.4443,1,-4.3,-13.3,0,2,7.0,0
97.498,0.2954,0.9695,0.1664,OLHOS ABERTOS,0.0,0,0.4417,1,-3.9,-13.6,0,2,7.0,0
97.596,0.2848,0.9348,0.1673,OLHOS ABERTOS,0.0,0,0.44,1,-3.6,-13.5,0,2,7.0,0
97.689,0.2693,0.884,0.2091,OLHOS ABERTOS,0.0,0,0.4393,1,-3.7,-13.3,0,2,7.0,0
97.787,0.2634,0.8646,0.2113,OLHOS ABERTOS,0.0,0,0.4367,1,-3.6,-12.9,0,2,7.0,0
97.899,0.2386,0.7832,0.2599,OLHOS ABERTOS,0.0,0,0.435,1,-3.1,-12.3,0,2,7.0,0
97.996,0.2348,0.7708,0.2504,SEMICERRADO,1.75,0,0.435,1,-2.9,-12.1,0,2,7.0,0
98.092,0.2414,0.7922,0.2571,OLHOS ABERTOS,0.0,0,0.4333,1,-3.1,-12.0,0,2,8.0,0
98.19,0.2414,0.7924,0.2505,OLHOS ABERTOS,0.0,0,0.4317,1,-2.9,-11.5,0,2,8.0,0
98.3,0.2456,0.8061,0.2323,OLHOS ABERTOS,0.0,0,0.43,1,-3.1,-11.4,0,2,8.0,0
98.395,0.2506,0.8225,0.2269,OLHOS ABERTOS,0.0,0,0.4283,1,-3.2,-11.5,0,2,8.0,0
98.503,0.2554,0.8383,0.213,OLHOS ABERTOS,0.0,0,0.4267,1,-3.4,-11.8,0,2,8.0,0
98.597,0.267,0.8765,0.1902,OLHOS ABERTOS,0.0,0,0.425,1,-3.6,-12.1,0,2,8.0,0
98.699,0.2851,0.9359,0.157,OLHOS ABERTOS,0.0,0,0.4233,1,-3.4,-12.3,0,2,8.0,0
98.806,0.3066,1.0064,0.129,OLHOS ABERTOS,0.0,0,0.4217,1,-3.5,-12.7,0,2,8.0,0
98.891,0.3118,1.0233,0.1601,OLHOS ABERTOS,0.0,0,0.421,1,-3.7,-10.8,0,2,8.0,0
98.988,0.2987,0.9806,0.2082,OLHOS ABERTOS,0.0,0,0.4193,1,-3.7,-9.8,0,2,8.0,0
99.103,0.2919,0.9581,0.2249,OLHOS ABERTOS,0.0,0,0.4167,1,-4.2,-8.6,0,2,8.0,0
99.195,0.2857,0.9378,0.2103,OLHOS ABERTOS,0.0,0,0.416,1,-3.6,-7.5,0,2,8.0,0
99.291,0.2712,0.89,0.2354,OLHOS ABERTOS,0.0,0,0.4143,1,-3.3,-7.7,0,2,8.0,0
99.387,0.2619,0.8595,0.2378,OLHOS ABERTOS,0.0,0,0.4117,1,-2.7,-8.2,0,2,8.0,0
99.501,0.2518,0.8265,0.26,OLHOS ABERTOS,0.0,0,0.41,1,-2.4,-8.4,0,2,8.0,0
99.596,0.249,0.8174,0.2589,OLHOS ABERTOS,0.0,0,0.4083,1,-2.1,-8.6,0,2,8.0,0
99.69,0.2521,0.8273,0.2528,OLHOS ABERTOS,0.0,0,0.4077,1,-2.3,-8.4,0,2,8.0,0
99.787,0.2539,0.8334,0.2632,OLHOS ABERTOS,0.0,0,0.406,1,-2.3,-8.6,0,2,8.0,0
99.898,0.2526,0.8292,0.2829,OLHOS ABERTOS,0.0,0,0.4033,1,-2.7,-9.0,0,2,8.0,0
99.994,0.2476,0.8128,0.2928,OLHOS ABERTOS,0.0,0,0.4027,1,-2.9,-9.3,0,2,8.0,0
100.091,0.249,0.8174,0.3039,OLHOS ABERTOS,0.0,0,0.401,1,-3.1,-9.5,0,2,8.0,0
100.186,0.2487,0.8163,0.285,OLHOS ABERTOS,0.0,0,0.3993,1,-3.3,-9.6,0,2,8.0,0
100.299,0.2489,0.8169,0.2803,OLHOS ABERTOS,0.0,0,0.3967,1,-3.2,-9.6,0,2,8.0,0
100.395,0.2499,0.8204,0.2794,OLHOS ABERTOS,0.0,0,0.396,1,-3.3,-9.7,0,2,8.0,0
100.49,0.2487,0.8164,0.2842,OLHOS ABERTOS,0.0,0,0.3933,1,-3.7,-10.1,0,2,8.0,0
100.588,0.2511,0.8241,0.2787,OLHOS ABERTOS,0.0,0,0.3927,1,-3.8,-10.0,0,2,8.0,0
100.698,0.2539,0.8333,0.2771,OLHOS ABERTOS,0.0,0,0.39,1,-3.8,-9.9,0,2,8.0,0
100.796,0.2532,0.8311,0.278,OLHOS ABERTOS,0.0,0,0.3883,1,-3.8,-10.1,0,2,8.0,0
100.892,0.2541,0.8339,0.2787,OLHOS ABERTOS,0.0,0,0.3867,1,-4.0,-10.1,0,2,8.0,0
100.988,0.2557,0.8394,0.2758,OLHOS ABERTOS,0.0,0,0.385,1,-4.0,-10.1,0,2,8.0,0
101.1,0.2539,0.8333,0.2864,OLHOS ABERTOS,0.0,0,0.3833,1,-4.1,-10.0,0,2,8.0,0
101.196,0.2521,0.8274,0.2801,OLHOS ABERTOS,0.0,0,0.3817,1,-4.1,-10.1,0,2,8.0,0
101.294,0.2535,0.8321,0.2734,OLHOS ABERTOS,0.0,0,0.38,1,-4.2,-10.4,0,2,8.0,0
101.388,0.2547,0.836,0.2725,OLHOS ABERTOS,0.0,0,0.3783,1,-4.3,-10.3,0,2,8.0,0
101.501,0.26,0.8533,0.2668,OLHOS ABERTOS,0.0,0,0.3767,1,-4.2,-10.4,0,2,8.0,0
101.595,0.2592,0.8507,0.2672,OLHOS ABERTOS,0.0,0,0.376,1,-4.5,-10.4,0,2,8.0,0
101.691,0.2578,0.8462,0.2658,OLHOS ABERTOS,0.0,0,0.3733,1,-4.5,-10.3,0,2,8.0,0
101.788,0.2542,0.8344,0.2698,OLHOS ABERTOS,0.0,0,0.3717,1,-4.4,-10.3,0,2,8.0,0
101.899,0.255,0.8372,0.2682,OLHOS ABERTOS,0.0,0,0.37,1,-4.5,-10.3,0,2,8.0,0
101.996,0.2553,0.8381,0.264,OLHOS ABERTOS,0.0,0,0.3683,1,-4.5,-10.4,0,2,8.0,0
102.093,0.2553,0.8381,0.2609,OLHOS ABERTOS,0.0,0,0.3667,1,-4.4,-10.4,0,2,8.0,0
102.187,0.2483,0.815,0.279,OLHOS ABERTOS,0.0,0,0.365,1,-4.4,-10.7,0,2,8.0,0
102.299,0.2419,0.7939,0.3028,OLHOS ABERTOS,0.0,0,0.365,1,-4.6,-11.1,0,2,8.0,0
102.395,0.2413,0.792,0.2975,OLHOS ABERTOS,0.0,0,0.365,1,-4.5,-11.1,0,2,8.0,0
102.496,0.2368,0.7772,0.3054,SEMICERRADO,1.81,0,0.3667,1,-4.6,-11.1,0,2,8.0,0
102.589,0.2349,0.7709,0.3088,SEMICERRADO,3.49,0,0.3683,1,-4.6,-11.2,0,2,8.0,0
102.7,0.2317,0.7605,0.3259,SEMICERRADO,5.48,0,0.37,1,-4.6,-11.2,0,2,8.0,0
102.795,0.2314,0.7596,0.3221,SEMICERRADO,7.2,0,0.371,1,-4.5,-11.0,0,2,8.0,0
102.892,0.2302,0.7558,0.3239,SEMICERRADO,8.94,0,0.3727,1,-4.5,-10.9,0,2,8.0,0
102.988,0.2308,0.7577,0.3227,SEMICERRADO,10.67,0,0.3744,1,-4.5,-11.0,0,2,8.0,0
103.099,0.231,0.7581,0.3226,SEMICERRADO,12.67,0,0.3767,1,-4.5,-10.7,0,2,8.0,0
103.196,0.2287,0.7508,0.3268,SEMICERRADO,14.42,0,0.3783,1,-4.4,-10.8,0,2,8.0,0
103.292,0.2291,0.752,0.3242,SEMICERRADO,16.15,0,0.38,1,-4.4,-10.8,0,2,8.0,0
103.389,0.2279,0.7481,0.3301,SEMICERRADO,17.88,0,0.3817,1,-4.5,-10.9,0,2,8.0,0
103.507,0.2267,0.7441,0.3289,SEMICERRADO,20.02,0,0.3833,1,-4.5,-10.8,0,2,8.0,0
103.596,0.2248,0.738,0.3324,SEMICERRADO,21.61,0,0.3844,1,-4.6,-10.8,0,2,8.0,0
103.692,0.2249,0.7383,0.3319,SEMICERRADO,23.33,0,0.386,1,-4.6,-10.8,0,2,8.0,0
103.789,0.2248,0.7378,0.3345,SEMICERRADO,25.08,0,0.3883,1,-4.7,-10.9,0,2,8.0,0
103.899,0.2251,0.7388,0.3342,SEMICERRADO,27.07,0,0.39,1,-4.6,-10.9,0,2,8.0,0
103.995,0.2244,0.7365,0.3331,SEMICERRADO,28.8,0,0.391,1,-4.6,-10.9,0,2,8.0,0
104.095,0.229,0.7516,0.3278,SEMICERRADO,30.59,1,0.3933,1,-4.6,-11.0,0,2,8.0,0
104.188,0.2284,0.7498,0.3305,SEMICERRADO,32.27,1,0.395,1,-4.6,-11.0,0,2,8.0,0
104.304,0.1413,0.4639,0.6452,OLHOS FECHADOS,37.48,1,0.3967,1,-4.6,-9.9,0,2,8.0,0
104.396,0.1065,0.3495,0.6776,OLHOS FECHADOS,41.65,1,0.3983,1,-4.7,-10.3,0,2,8.0,0
104.498,0.1103,0.3619,0.6743,OLHOS FECHADOS,46.21,1,0.4,1,-4.5,-10.3,0,3,8.0,0
104.588,0.1154,0.3787,0.6475,OLHOS FECHADOS,50.29,1,0.401,1,-4.3,-10.3,0,3,8.0,0
104.701,0.1305,0.4284,0.5868,OLHOS FECHADOS,55.35,1,0.4033,1,-4.3,-10.6,0,3,8.0,0
104.796,0.146,0.4791,0.5317,OLHOS FECHADOS,59.62,1,0.405,1,-4.3,-10.7,0,3,8.0,0
104.891,0.1566,0.5139,0.5114,OLHOS FECHADOS,63.92,2,0.406,1,-4.4,-10.7,0,3,8.0,0
104.997,0.1622,0.5322,0.485,OLHOS FECHADOS,68.66,2,0.4083,1,-4.3,-10.7,0,3,8.0,0
105.101,0.1699,0.5576,0.4654,SEMICERRADO,70.53,2,0.41,1,-4.3,-10.8,0,3,8.0,0
105.195,0.1745,0.5728,0.454,SEMICERRADO,72.23,2,0.411,1,-4.3,-10.8,0,3,8.0,0
105.291,0.1773,0.5819,0.4458,SEMICERRADO,73.95,2,0.4126,1,-4.4,-10.9,0,3,8.0,0
105.388,0.1806,0.5927,0.4426,SEMICERRADO,75.7,2,0.4143,1,-4.3,-11.0,0,3,8.0,0
105.499,0.1805,0.5924,0.4436,SEMICERRADO,77.7,2,0.4167,1,-4.3,-11.0,0,3,8.0,0
105.595,0.1814,0.5953,0.4349,SEMICERRADO,79.44,2,0.4183,1,-4.2,-10.9,0,3,8.0,0
105.691,0.1825,0.5989,0.4329,SEMICERRADO,81.15,2,0.4193,1,-4.2,-10.8,0,3,8.0,0
105.788,0.1673,0.5493,0.4765,OLHOS FECHADOS,85.53,3,0.421,1,-4.1,-10.6,0,3,8.0,0
105.901,0.1224,0.4017,0.6558,OLHOS FECHADOS,90.63,3,0.4233,1,-4.1,-9.5,0,3,8.0,0
105.996,0.1033,0.3391,0.6801,OLHOS FECHADOS,94.89,3,0.425,1,-4.2,-9.4,0,3,8.0,0
106.092,0.0969,0.3181,0.6874,OLHOS FECHADOS,99.2,3,0.426,1,-4.2,-9.5,0,3,8.0,0
106.187,0.0937,0.3075,0.6823,OLHOS FECHADOS,100.0,3,0.4283,1,-3.9,-9.0,0,3,8.0,0
106.3,0.0909,0.2984,0.6851,OLHOS FECHADOS,100.0,3,0.43,1,-4.0,-9.0,0,3,8.0,0
106.395,0.0898,0.2946,0.6882,OLHOS FECHADOS,100.0,3,0.4309,1,-4.0,-8.9,0,3,8.0,0
106.492,0.0894,0.2934,0.6933,OLHOS FECHADOS,100.0,3,0.4326,1,-4.1,-8.9,0,3,8.0,0
106.597,0.0883,0.29,0.6994,OLHOS FECHADOS,100.0,3,0.4343,1,-4.1,-9.0,0,3,8.0,0
106.705,0.0921,0.3023,0.692,OLHOS FECHADOS,100.0,3,0.4333,1,-4.1,-9.3,0,3,8.0,0
106.798,0.0917,0.301,0.6989,OLHOS FECHADOS,100.0,3,0.435,1,-4.1,-9.3,0,3,7.0,0
106.891,0.092,0.302,0.6946,OLHOS FECHADOS,100.0,3,0.4367,1,-4.1,-9.1,0,3,7.0,0
106.99,0.0893,0.2933,0.6858,OLHOS FECHADOS,100.0,3,0.4383,1,-4.0,-8.5,0,3,7.0,0
107.1,0.0889,0.2917,0.6984,OLHOS FECHADOS,100.0,3,0.44,1,-4.1,-8.8,0,3,7.0,0
107.196,0.0945,0.3102,0.6916,OLHOS FECHADOS,100.0,3,0.4417,1,-4.1,-9.0,0,3,7.0,0
107.292,0.0952,0.3125,0.6853,OLHOS FECHADOS,100.0,3,0.4426,1,-4.0,-8.9,0,3,7.0,0
107.387,0.0949,0.3116,0.6866,OLHOS FECHADOS,100.0,3,0.4443,1,-4.1,-9.0,0,3,7.0,0
107.5,0.0989,0.3247,0.6776,OLHOS FECHADOS,100.0,3,0.4467,1,-4.0,-8.9,0,3,7.0,0
107.595,0.0974,0.3198,0.6826,OLHOS FECHADOS,100.0,3,0.4476,1,-4.0,-8.9,0,3,7.0,0
107.692,0.0992,0.3256,0.6774,OLHOS FECHADOS,100.0,3,0.45,1,-3.8,-9.1,0,3,7.0,0
107.788,0.0975,0.32,0.6753,OLHOS FECHADOS,100.0,3,0.4517,1,-4.1,-9.2,0,3,7.0,0
107.9,0.0946,0.3104,0.6719,OLHOS FECHADOS,100.0,3,0.4533,1,-4.2,-9.1,0,3,7.0,0
107.995,0.0883,0.29,0.6932,OLHOS FECHADOS,100.0,3,0.455,1,-4.4,-9.0,0,3,7.0,0
108.091,0.0903,0.2963,0.6907,OLHOS FECHADOS,100.0,3,0.4567,1,-4.4,-9.1,0,3,7.0,0
108.187,0.0922,0.3027,0.6922,OLHOS FECHADOS,100.0,3,0.4576,1,-4.3,-9.2,0,3,7.0,0
108.299,0.0929,0.3048,0.692,OLHOS FECHADOS,100.0,3,0.46,1,-4.3,-9.0,0,3,7.0,0
108.396,0.0894,0.2935,0.6972,OLHOS FECHADOS,100.0,3,0.4617,1,-4.3,-8.7,0,3,7.0,0
108.491,0.0889,0.2919,0.7004,OLHOS FECHADOS,100.0,3,0.4633,1,-4.2,-8.9,0,3,7.0,0
108.587,0.0904,0.2967,0.6983,OLHOS FECHADOS,100.0,3,0.4642,1,-4.2,-9.0,0,3,7.0,0
108.699,0.092,0.3019,0.699,OLHOS FECHADOS,100.0,3,0.4667,1,-4.2,-9.0,0,3,7.0,0
108.796,0.0924,0.3032,0.6949,OLHOS FECHADOS,100.0,3,0.4676,1,-4.2,-8.9,0,3,7.0,0
108.892,0.093,0.3053,0.6895,OLHOS FECHADOS,100.0,3,0.47,1,-4.2,-8.9,0,3,7.0,0
108.999,0.0978,0.321,0.6845,OLHOS FECHADOS,100.0,3,0.4717,1,-4.2,-8.9,0,3,7.0,0
109.108,0.1041,0.3417,0.6666,OLHOS FECHADOS,100.0,3,0.4733,1,-4.2,-8.7,0,3,7.0,0
109.195,0.1045,0.3429,0.6819,OLHOS FECHADOS,100.0,3,0.4742,1,-4.2,-8.6,0,3,7.0,0
109.292,0.1027,0.3372,0.6826,OLHOS FECHADOS,100.0,3,0.4767,1,-4.0,-8.2,0,3,7.0,0
109.388,0.1035,0.3396,0.6769,OLHOS FECHADOS,100.0,3,0.4783,1,-3.8,-7.4,0,3,7.0,0
109.5,0.0922,0.3027,0.6822,OLHOS FECHADOS,100.0,3,0.48,1,-3.1,-6.2,0,3,7.0,0
109.595,0.0771,0.2531,0.6885,OLHOS FECHADOS,100.0,3,0.4817,1,-2.8,-5.5,0,3,7.0,0
109.691,0.0729,0.2394,0.6952,OLHOS FECHADOS,100.0,3,0.4833,1,-2.4,-4.8,0,3,7.0,0
109.788,0.0745,0.2445,0.7028,OLHOS FECHADOS,100.0,3,0.485,1,-2.7,-4.7,0,3,7.0,0
109.901,0.0866,0.2843,0.6917,OLHOS FECHADOS,100.0,3,0.4867,1,-2.9,-4.7,0,3,7.0,0
109.996,0.0799,0.2624,0.7037,OLHOS FECHADOS,100.0,3,0.4883,1,-2.8,-4.5,0,3,7.0,0
110.091,0.0645,0.2116,0.7213,OLHOS FECHADOS,100.0,3,0.49,1,-2.9,-4.1,0,3,7.0,0
110.187,0.0686,0.2252,0.7156,OLHOS FECHADOS,100.0,3,0.4917,1,-3.0,-4.2,0,3,7.0,0
110.299,0.0624,0.2049,0.721,OLHOS FECHADOS,100.0,3,0.4933,1,-2.7,-3.1,0,3,7.0,0
110.395,0.0546,0.1791,0.7311,OLHOS FECHADOS,100.0,3,0.4942,1,-2.3,-2.1,0,3,7.0,0
110.492,0.0475,0.1559,0.7286,OLHOS FECHADOS,100.0,3,0.4967,1,-2.2,-1.7,0,3,7.0,0
110.588,0.0478,0.1571,0.7409,OLHOS FECHADOS,100.0,3,0.4983,1,-2.1,-0.9,0,3,7.0,0
110.7,0.0485,0.159,0.7237,OLHOS FECHADOS,100.0,3,0.5,1,-2.0,-0.6,0,3,7.0,0
110.795,0.0452,0.1482,0.7339,OLHOS FECHADOS,100.0,3,0.5017,1,-1.7,0.7,0,3,7.0,0
110.892,0.046,0.1511,0.7235,OLHOS FECHADOS,100.0,3,0.5025,1,-1.5,1.1,0,3,7.0,0
110.987,0.0506,0.1661,0.7193,OLHOS FECHADOS,100.0,3,0.505,1,-1.6,1.4,0,3,7.0,0
111.1,0.0494,0.1622,0.706,OLHOS FECHADOS,100.0,3,0.5067,1,-1.5,1.4,0,3,7.0,0
111.196,0.0503,0.1651,0.7013,OLHOS FECHADOS,100.0,3,0.5083,1,-1.3,1.6,0,3,7.0,0
111.292,0.0503,0.1652,0.6999,OLHOS FECHADOS,100.0,3,0.5092,1,-1.2,1.9,0,3,7.0,0
111.388,0.0483,0.1586,0.7109,OLHOS FECHADOS,100.0,3,0.5117,1,-1.2,1.9,0,3,7.0,0
111.5,0.0497,0.163,0.7054,OLHOS FECHADOS,100.0,3,0.5133,1,-1.0,2.1,0,3,7.0,0
111.603,0.0521,0.1711,0.7043,OLHOS FECHADOS,100.0,3,0.5133,1,-1.2,1.6,0,3,7.0,0
111.701,0.0511,0.1677,0.7041,OLHOS FECHADOS,100.0,3,0.5133,1,-1.1,1.8,0,3,7.0,0
111.787,0.0534,0.1751,0.6944,OLHOS FECHADOS,100.0,3,0.5141,1,-1.2,2.0,0,3,7.0,0
111.9,0.0489,0.1604,0.6998,OLHOS FECHADOS,100.0,3,0.515,1,-1.0,1.9,0,3,6.0,0
111.996,0.0477,0.1565,0.6961,OLHOS FECHADOS,100.0,3,0.5167,1,-1.0,2.1,0,3,6.0,0
112.091,0.049,0.1608,0.6924,OLHOS FECHADOS,100.0,3,0.5175,1,-1.0,2.1,0,3,6.0,0
112.187,0.0501,0.1644,0.6953,OLHOS FECHADOS,100.0,3,0.5191,1,-1.1,2.0,0,3,6.0,0
112.3,0.0501,0.1645,0.6953,OLHOS FECHADOS,100.0,3,0.5217,1,-1.0,1.9,0,3,6.0,0
112.397,0.048,0.1575,0.7015,OLHOS FECHADOS,100.0,3,0.5225,1,-1.0,2.0,0,3,6.0,0
112.491,0.0508,0.1669,0.6976,OLHOS FECHADOS,100.0,3,0.5241,1,-1.0,2.1,0,3,6.0,0
112.587,0.0546,0.1793,0.6944,OLHOS FECHADOS,100.0,3,0.5258,1,-1.0,1.9,0,3,6.0,0
112.699,0.0568,0.1866,0.6894,OLHOS FECHADOS,100.0,3,0.5283,1,-1.0,1.9,0,3,6.0,0
112.796,0.0541,0.1775,0.6986,OLHOS FECHADOS,100.0,3,0.53,1,-1.1,1.7,0,3,6.0,0
112.892,0.054,0.1772,0.7044,OLHOS FECHADOS,100.0,3,0.5317,1,-1.1,1.9,0,3,6.0,0
112.987,0.0549,0.1803,0.6993,OLHOS FECHADOS,100.0,3,0.5324,1,-1.2,1.8,0,3,6.0,0
113.099,0.0536,0.1759,0.6997,OLHOS FECHADOS,100.0,3,0.535,1,-1.2,1.7,0,3,6.0,0
113.195,0.0538,0.1767,0.6987,OLHOS FECHADOS,100.0,3,0.5358,1,-1.3,1.7,0,3,6.0,0
113.292,0.0507,0.1663,0.7066,OLHOS FECHADOS,100.0,3,0.5374,1,-1.2,1.7,0,3,6.0,0
113.387,0.0513,0.1683,0.7001,OLHOS FECHADOS,100.0,3,0.5391,1,-1.2,1.9,0,3,6.0,0
113.5,0.0518,0.1699,0.697,OLHOS FECHADOS,100.0,3,0.5417,1,-1.2,1.9,0,3,6.0,0
113.597,0.0482,0.1582,0.7004,OLHOS FECHADOS,100.0,3,0.5433,1,-1.2,2.0,0,3,6.0,0
113.691,0.0501,0.1645,0.6884,OLHOS FECHADOS,100.0,3,0.5441,1,-1.2,2.0,0,3,6.0,0
113.787,0.0499,0.1638,0.6888,OLHOS FECHADOS,100.0,3,0.5458,1,-1.1,2.0,0,3,6.0,0
113.899,0.0484,0.1588,0.696,OLHOS FECHADOS,100.0,3,0.5474,1,-1.2,1.9,0,3,6.0,0
113.996,0.0504,0.1656,0.6904,OLHOS FECHADOS,100.0,3,0.55,1,-1.2,1.9,0,3,6.0,0
114.092,0.0532,0.1745,0.6824,OLHOS FECHADOS,100.0,3,0.5517,1,-1.3,2.0,0,3,6.0,0
114.187,0.0534,0.1754,0.6845,OLHOS FECHADOS,100.0,3,0.5524,1,-1.1,2.1,0,3,6.0,0
114.299,0.0483,0.1587,0.6948,OLHOS FECHADOS,100.0,3,0.5541,1,-1.1,1.9,0,3,6.0,0
114.396,0.0489,0.1604,0.6921,OLHOS FECHADOS,100.0,3,0.5557,1,-1.0,2.0,0,3,6.0,0
114.491,0.0491,0.1611,0.6905,OLHOS FECHADOS,100.0,3,0.5574,1,-1.1,2.0,0,3,6.0,0
114.587,0.0509,0.1669,0.6868,OLHOS FECHADOS,100.0,3,0.5591,1,-1.4,1.8,0,3,6.0,0
114.699,0.0526,0.1727,0.6896,OLHOS FECHADOS,100.0,3,0.5607,1,-1.3,1.8,0,3,6.0,0
114.797,0.0541,0.1777,0.6876,OLHOS FECHADOS,100.0,3,0.5633,1,-1.3,1.7,0,3,6.0,0
114.895,0.0532,0.1746,0.695,OLHOS FECHADOS,100.0,3,0.565,1,-1.3,1.6,0,3,6.0,0
115.001,0.0514,0.1687,0.7008,OLHOS FECHADOS,100.0,3,0.5667,1,-1.3,1.6,0,3,6.0,0
115.099,0.0512,0.1681,0.6983,OLHOS FECHADOS,100.0,3,0.5683,1,-1.1,2.0,0,3,6.0,0
115.196,0.0498,0.1635,0.6968,OLHOS FECHADOS,100.0,3,0.57,1,-1.1,2.2,0,3,6.0,0
115.291,0.0512,0.1681,0.6945,OLHOS FECHADOS,100.0,3,0.5717,1,-1.2,2.2,0,3,6.0,0
115.387,0.0498,0.1636,0.6989,OLHOS FECHADOS,100.0,3,0.5733,1,-1.2,2.2,0,3,6.0,0
115.5,0.0471,0.1545,0.7048,OLHOS FECHADOS,100.0,3,0.575,1,-1.2,1.9,0,3,6.0,0
115.596,0.0474,0.1555,0.7065,OLHOS FECHADOS,100.0,3,0.5757,1,-1.2,1.9,0,3,6.0,0
115.692,0.0478,0.1568,0.7066,OLHOS FECHADOS,100.0,3,0.5767,1,-1.2,1.9,0,3,6.0,0
115.788,0.0464,0.1524,0.7074,OLHOS FECHADOS,100.0,3,0.5767,1,-1.2,1.8,0,3,6.0,0
115.9,0.0467,0.1533,0.7069,OLHOS FECHADOS,100.0,3,0.5783,1,-1.3,2.2,0,3,5.0,0
115.995,0.0475,0.1558,0.711,OLHOS FECHADOS,100.0,3,0.58,1,-1.3,2.0,0,3,5.0,0
116.092,0.0465,0.1525,0.7073,OLHOS FECHADOS,100.0,3,0.5807,1,-1.0,2.1,0,3,5.0,0
116.188,0.0479,0.1573,0.7047,OLHOS FECHADOS,100.0,3,0.5833,1,-1.2,2.2,0,3,5.0,0
116.3,0.0479,0.1571,0.7049,OLHOS FECHADOS,100.0,3,0.585,1,-1.1,2.3,0,3,5.0,0
116.395,0.0472,0.1551,0.7077,OLHOS FECHADOS,100.0,3,0.5857,1,-1.3,2.2,0,3,5.0,0
116.491,0.0459,0.1506,0.7107,OLHOS FECHADOS,100.0,3,0.5874,1,-1.2,2.1,0,3,5.0,0
116.588,0.0441,0.1448,0.7116,OLHOS FECHADOS,100.0,3,0.5874,1,-1.2,2.2,0,3,5.0,0
116.699,0.0434,0.1423,0.7066,OLHOS FECHADOS,100.0,3,0.5883,1,-1.4,1.9,0,3,4.0,0
116.796,0.048,0.1575,0.6985,OLHOS FECHADOS,100.0,3,0.589,1,-1.3,1.8,0,3,4.0,0
116.891,0.0503,0.165,0.7,OLHOS FECHADOS,100.0,3,0.5917,1,-1.4,1.7,0,3,4.0,0
116.987,0.0493,0.1617,0.7058,OLHOS FECHADOS,100.0,3,0.5923,1,-1.2,1.6,0,3,4.0,0
117.103,0.0481,0.1579,0.7097,OLHOS FECHADOS,100.0,3,0.595,1,-1.2,1.8,0,3,4.0,0
117.196,0.0479,0.1573,0.7129,OLHOS FECHADOS,100.0,3,0.5957,1,-1.4,1.7,0,3,4.0,0
117.291,0.0454,0.1491,0.7226,OLHOS FECHADOS,100.0,3,0.5983,1,-1.3,1.6,0,3,4.0,0
117.388,0.0449,0.1474,0.7157,OLHOS FECHADOS,100.0,3,0.6,1,-1.2,1.9,0,3,4.0,0
117.5,0.0466,0.1531,0.7124,OLHOS FECHADOS,100.0,3,0.6017,1,-1.4,1.8,0,3,4.0,0
117.595,0.0467,0.1534,0.7126,OLHOS FECHADOS,100.0,3,0.6023,1,-1.3,1.9,0,3,4.0,0
117.692,0.0455,0.1494,0.7169,OLHOS FECHADOS,100.0,3,0.604,1,-1.2,1.8,0,3,4.0,0
117.788,0.0434,0.1425,0.7198,OLHOS FECHADOS,100.0,3,0.6067,1,-1.2,1.9,0,3,4.0,0
117.9,0.0433,0.1422,0.7225,OLHOS FECHADOS,100.0,3,0.6083,1,-1.4,1.7,0,3,4.0,0
117.996,0.0453,0.1487,0.7155,OLHOS FECHADOS,100.0,3,0.609,1,-1.5,1.6,0,3,4.0,0
118.09,0.048,0.1576,0.7166,OLHOS FECHADOS,100.0,3,0.6117,1,-1.3,1.6,0,3,4.0,0
118.187,0.0473,0.1553,0.7168,OLHOS FECHADOS,100.0,3,0.6123,1,-1.4,1.4,0,3,4.0,0
118.309,0.0527,0.1729,0.6975,OLHOS FECHADOS,100.0,3,0.615,1,-1.6,1.7,0,3,4.0,0
118.398,0.0562,0.1846,0.6887,OLHOS FECHADOS,100.0,3,0.6167,1,-1.8,1.6,0,3,4.0,0
118.497,0.0553,0.1817,0.6923,OLHOS FECHADOS,100.0,3,0.6183,1,-1.9,1.3,0,3,4.0,0
118.603,0.0559,0.1836,0.6923,OLHOS FECHADOS,100.0,3,0.62,1,-1.9,1.3,0,3,4.0,0
118.701,0.0516,0.1695,0.7036,OLHOS FECHADOS,100.0,3,0.6206,1,-1.8,0.9,0,3,4.0,0
118.801,0.0618,0.2028,0.6807,OLHOS FECHADOS,100.0,3,0.6233,1,-1.8,1.5,0,3,4.0,0
118.895,0.0623,0.2043,0.6762,OLHOS FECHADOS,100.0,3,0.625,1,-1.9,1.4,0,3,4.0,0
118.995,0.0593,0.1945,0.6799,OLHOS FECHADOS,100.0,3,0.6267,1,-1.9,1.6,0,3,4.0,0
119.102,0.0609,0.1998,0.6732,OLHOS FECHADOS,100.0,3,0.6283,1,-2.1,1.3,0,3,4.0,0
119.216,0.0612,0.2009,0.667,OLHOS FECHADOS,100.0,3,0.63,1,-2.2,1.0,0,3,4.0,0
119.292,0.0602,0.1976,0.6702,OLHOS FECHADOS,100.0,3,0.6306,1,-2.1,1.0,0,3,4.0,0
119.398,0.0592,0.1943,0.6744,OLHOS FECHADOS,100.0,3,0.6333,1,-2.1,0.9,0,3,4.0,0
119.501,0.0574,0.1883,0.6792,OLHOS FECHADOS,100.0,3,0.635,1,-2.2,0.6,0,3,4.0,0
119.601,0.0558,0.1832,0.6832,OLHOS FECHADOS,100.0,3,0.6367,1,-2.1,0.8,0,3,4.0,0
119.694,0.0594,0.195,0.6847,OLHOS FECHADOS,100.0,3,0.6383,1,-2.2,0.4,0,3,4.0,0
119.794,0.0601,0.1974,0.6759,OLHOS FECHADOS,100.0,3,0.64,1,-2.1,0.9,0,3,4.0,0
119.904,0.055,0.1804,0.6895,OLHOS FECHADOS,100.0,3,0.6417,1,-2.3,0.5,0,3,4.0,0
120.005,0.0511,0.1679,0.7003,OLHOS FECHADOS,100.0,3,0.6433,1,-2.1,0.8,0,3,4.0,0
120.093,0.0499,0.1636,0.7035,OLHOS FECHADOS,100.0,3,0.645,1,-2.2,0.8,0,3,4.0,0
120.193,0.0481,0.1577,0.7014,OLHOS FECHADOS,100.0,3,0.6467,1,-2.0,0.9,0,3,4.0,0
120.3,0.0482,0.1581,0.7023,OLHOS FECHADOS,100.0,3,0.6473,1,-1.9,1.0,0,3,4.0,0
120.398,0.0522,0.1714,0.6989,OLHOS FECHADOS,100.0,3,0.65,1,-1.8,1.0,0,3,4.0,0
120.491,0.0519,0.1702,0.6985,OLHOS FECHADOS,100.0,3,0.6506,1,-1.8,1.0,0,3,4.0,0
120.587,0.0507,0.1665,0.6981,OLHOS FECHADOS,100.0,3,0.6522,1,-1.8,1.1,0,3,4.0,0
120.7,0.0548,0.1798,0.6842,OLHOS FECHADOS,100.0,3,0.6517,1,-1.8,1.0,0,3,4.0,0
120.796,0.054,0.1772,0.6863,OLHOS FECHADOS,100.0,3,0.6533,1,-2.1,0.7,0,3,3.0,0
120.891,0.0529,0.1738,0.6911,OLHOS FECHADOS,100.0,3,0.655,1,-2.2,1.0,0,3,3.0,0
120.987,0.061,0.2003,0.681,OLHOS FECHADOS,100.0,3,0.6556,1,-2.1,0.8,0,3,3.0,0
121.1,0.0645,0.2116,0.6721,OLHOS FECHADOS,100.0,3,0.6583,1,-2.1,0.9,0,3,3.0,0
121.195,0.0674,0.2211,0.6625,OLHOS FECHADOS,100.0,3,0.66,1,-2.0,0.9,0,3,3.0,0
121.299,0.0687,0.2254,0.6632,OLHOS FECHADOS,100.0,3,0.6617,1,-2.2,1.2,0,3,3.0,0
121.388,0.0701,0.2302,0.6573,OLHOS FECHADOS,100.0,3,0.6633,1,-2.2,1.2,0,3,3.0,0
121.499,0.0699,0.2295,0.6645,OLHOS FECHADOS,100.0,3,0.665,1,-2.1,1.3,0,3,3.0,0
121.596,0.0689,0.2262,0.6617,OLHOS FECHADOS,100.0,3,0.6667,1,-2.3,1.0,0,3,3.0,0
121.691,0.0704,0.2312,0.6676,OLHOS FECHADOS,100.0,3,0.6672,1,-2.5,1.1,0,3,3.0,0
121.787,0.0761,0.2499,0.6303,OLHOS FECHADOS,100.0,3,0.6689,1,-2.4,1.0,0,3,3.0,0
121.9,0.086,0.2824,0.6183,OLHOS FECHADOS,100.0,3,0.6717,1,-2.4,1.1,0,3,3.0,0
121.995,0.1456,0.4779,0.4358,OLHOS FECHADOS,100.0,3,0.6733,1,-2.5,0.9,0,3,3.0,0
122.092,0.2742,0.8999,0.195,OLHOS ABERTOS,97.58,3,0.6733,1,-2.9,0.9,0,3,3.0,0
122.188,0.3185,1.0456,0.1433,OLHOS ABERTOS,95.19,3,0.6733,1,-3.0,0.9,0,3,3.0,0
122.301,0.3318,1.0889,0.1354,OLHOS ABERTOS,92.37,3,0.6733,1,-2.9,0.9,0,3,3.0,0
122.401,0.3374,1.1075,0.1305,OLHOS ABERTOS,89.85,3,0.6733,1,-2.8,0.8,0,3,3.0,0
122.494,0.3392,1.1133,0.1285,OLHOS ABERTOS,87.54,3,0.6733,1,-2.8,0.9,0,3,3.0,0
122.59,0.3507,1.1511,0.1149,OLHOS ABERTOS,85.12,3,0.6733,1,-2.8,1.0,0,3,3.0,0
122.705,0.3547,1.1641,0.1037,OLHOS ABERTOS,82.25,2,0.6733,1,-2.7,1.2,0,3,3.0,0
122.796,0.3637,1.1938,0.0931,OLHOS ABERTOS,79.99,2,0.6733,1,-2.7,1.5,0,3,3.0,0
122.895,0.3643,1.1957,0.0874,OLHOS ABERTOS,77.5,2,0.6733,1,-2.7,1.4,0,3,3.0,0
122.989,0.3706,1.2166,0.0762,OLHOS ABERTOS,75.16,2,0.6717,1,-2.7,1.5,0,3,3.0,0
123.101,0.3622,1.1888,0.0725,OLHOS ABERTOS,72.35,2,0.67,1,-2.6,1.1,0,3,3.0,0
123.196,0.3668,1.2039,0.0641,OLHOS ABERTOS,69.98,2,0.6683,1,-2.7,1.0,0,3,3.0,0
123.3,0.3714,1.219,0.0598,OLHOS ABERTOS,67.37,2,0.6667,1,-2.7,1.0,0,3,3.0,0
123.393,0.3767,1.2364,0.0573,OLHOS ABERTOS,65.05,2,0.665,1,-2.8,0.9,0,3,3.0,0
123.503,0.3884,1.2749,0.0521,OLHOS ABERTOS,62.31,2,0.6633,1,-2.8,0.9,0,3,3.0,0
123.598,0.3871,1.2708,0.0537,OLHOS ABERTOS,59.94,1,0.6617,1,-2.9,1.1,0,3,3.0,0
123.693,0.3882,1.2743,0.0509,OLHOS ABERTOS,57.57,1,0.66,1,-2.8,1.1,0,3,3.0,0
123.788,0.3876,1.2721,0.0524,OLHOS ABERTOS,55.18,1,0.6583,1,-2.8,1.0,0,3,3.0,0
123.901,0.3875,1.2719,0.0535,OLHOS ABERTOS,52.35,1,0.6567,1,-2.8,1.0,0,3,3.0,0
123.996,0.3855,1.2654,0.0549,OLHOS ABERTOS,49.97,1,0.655,1,-2.9,0.9,0,3,3.0,0
124.092,0.1204,0.3951,0.6179,OLHOS FECHADOS,54.27,1,0.655,1,-2.9,0.7,0,3,3.0,0
124.188,0.1547,0.5078,0.561,OLHOS FECHADOS,58.6,1,0.655,1,-3.0,0.8,0,3,3.0,0
124.301,0.2667,0.8754,0.2122,OLHOS ABERTOS,55.79,1,0.6533,1,-2.9,0.8,0,3,4.0,0
124.396,0.3112,1.0213,0.1339,OLHOS ABERTOS,53.41,1,0.6517,1,-3.1,0.7,0,3,4.0,0
124.492,0.3306,1.0852,0.1237,OLHOS ABERTOS,51.02,1,0.65,1,-3.1,0.6,0,3,4.0,0
124.588,0.3352,1.1002,0.1181,OLHOS ABERTOS,48.61,1,0.6489,1,-2.9,0.5,0,3,4.0,0
124.7,0.3337,1.0954,0.109,OLHOS ABERTOS,45.8,1,0.6473,1,-3.0,0.5,0,3,4.0,0
124.798,0.3353,1.1007,0.1066,OLHOS ABERTOS,43.35,1,0.645,1,-3.0,0.5,0,3,4.0,0
124.893,0.3406,1.118,0.101,OLHOS ABERTOS,41.0,1,0.6439,1,-3.0,0.5,0,3,4.0,0
124.989,0.3411,1.1196,0.1014,OLHOS ABERTOS,38.58,1,0.6417,1,-2.9,0.5,0,3,4.0,0
125.103,0.3439,1.1288,0.0996,OLHOS ABERTOS,35.73,1,0.64,1,-2.9,0.6,0,3,4.0,0
125.197,0.3433,1.1269,0.0978,OLHOS ABERTOS,33.38,1,0.6383,1,-2.9,0.4,0,3,4.0,0
125.292,0.3451,1.1327,0.0966,OLHOS ABERTOS,31.01,1,0.6367,1,-2.8,0.6,0,3,4.0,0
125.388,0.3461,1.1359,0.097,OLHOS ABERTOS,28.62,0,0.635,1,-2.9,0.4,0,3,4.0,0
125.504,0.3448,1.1319,0.1002,OLHOS ABERTOS,25.71,0,0.6339,1,-2.9,0.4,0,3,4.0,0
125.598,0.3422,1.1231,0.1005,OLHOS ABERTOS,23.37,0,0.6317,1,-2.9,0.5,0,3,4.0,0
125.693,0.3385,1.1111,0.1045,OLHOS ABERTOS,20.98,0,0.6306,1,-2.9,0.5,0,3,4.0,0
125.788,0.3361,1.1031,0.1059,OLHOS ABERTOS,18.6,0,0.629,1,-2.9,0.5,0,3,4.0,0
125.903,0.3341,1.0967,0.1098,OLHOS ABERTOS,15.73,0,0.6267,1,-3.0,0.5,0,3,4.0,0
126.0,0.3339,1.0959,0.1111,OLHOS ABERTOS,13.31,0,0.6256,1,-3.1,0.4,0,3,4.0,0
126.092,0.3331,1.0933,0.1154,OLHOS ABERTOS,11.01,0,0.624,1,-3.0,0.5,0,3,4.0,0
126.188,0.3309,1.0861,0.1157,OLHOS ABERTOS,8.6,0,0.6223,1,-3.0,0.4,0,3,4.0,0
126.309,0.3342,1.097,0.1165,OLHOS ABERTOS,5.58,0,0.62,1,-3.0,0.2,0,3,4.0,0
126.396,0.3329,1.0926,0.1171,OLHOS ABERTOS,3.4,0,0.619,1,-2.9,0.4,0,3,4.0,0
126.492,0.3317,1.0889,0.1195,OLHOS ABERTOS,1.0,0,0.6173,1,-2.9,0.4,0,3,4.0,0
126.592,0.3278,1.0758,0.1281,OLHOS ABERTOS,0.0,0,0.615,1,-2.9,0.5,0,3,4.0,0
126.702,0.3234,1.0614,0.1258,OLHOS ABERTOS,0.0,0,0.6133,1,-2.9,0.5,0,3,4.0,0
126.799,0.3237,1.0625,0.1247,OLHOS ABERTOS,0.0,0,0.6117,1,-2.9,0.6,0,3,4.0,0
126.892,0.3229,1.0599,0.1238,OLHOS ABERTOS,0.0,0,0.6106,1,-2.9,0.6,0,3,4.0,0
126.987,0.3242,1.0643,0.1214,OLHOS ABERTOS,0.0,0,0.609,1,-2.8,0.7,0,3,4.0,0
127.101,0.137,0.4496,0.5968,OLHOS FECHADOS,5.14,0,0.6083,1,-3.0,0.6,0,3,4.0,0
127.198,0.1055,0.3462,0.5688,OLHOS FECHADOS,9.5,0,0.6083,1,-3.2,0.6,0,3,4.0,0
127.291,0.239,0.7844,0.2241,OLHOS ABERTOS,7.16,0,0.6073,1,-3.1,0.3,0,3,5.0,0
127.405,0.3084,1.0122,0.1466,OLHOS ABERTOS,4.33,0,0.605,1,-3.1,0.4,0,3,5.0,0
127.504,0.3214,1.0548,0.132,OLHOS ABERTOS,1.85,0,0.6033,1,-2.9,0.0,0,3,5.0,0
127.607,0.3347,1.0986,0.1253,OLHOS ABERTOS,0.0,0,0.6017,1,-2.9,0.4,0,3,5.0,0
127.692,0.3388,1.1122,0.1204,OLHOS ABERTOS,0.0,0,0.6007,1,-2.9,0.4,0,3,5.0,0
127.803,0.3436,1.1278,0.1158,OLHOS ABERTOS,0.0,0,0.5983,1,-3.0,0.6,0,3,5.0,0
127.903,0.3456,1.1345,0.1118,OLHOS ABERTOS,0.0,0,0.5967,1,-2.9,0.6,0,3,5.0,0
128.003,0.3415,1.121,0.1195,OLHOS ABERTOS,0.0,0,0.595,1,-2.9,0.6,0,3,5.0,0
128.094,0.3427,1.1249,0.1147,OLHOS ABERTOS,0.0,0,0.5933,1,-3.0,0.5,0,3,5.0,0
128.188,0.3433,1.1267,0.1117,OLHOS ABERTOS,0.0,0,0.5917,1,-2.9,0.5,0,3,5.0,0
128.314,0.341,1.1194,0.1145,OLHOS ABERTOS,0.0,0,0.59,1,-2.9,0.4,0,3,5.0,0
128.408,0.3436,1.1277,0.1091,OLHOS ABERTOS,0.0,0,0.5883,1,-3.0,0.6,0,3,5.0,0
128.492,0.3423,1.1237,0.1096,OLHOS ABERTOS,0.0,0,0.5867,1,-3.0,0.5,0,3,5.0,0
128.597,0.3463,1.1368,0.1059,OLHOS ABERTOS,0.0,0,0.585,1,-3.1,0.5,0,3,5.0,0
128.701,0.3341,1.0968,0.1054,OLHOS ABERTOS,0.0,0,0.5833,1,-3.0,0.3,0,3,5.0,0
128.802,0.3288,1.0792,0.1131,OLHOS ABERTOS,0.0,0,0.5817,1,-2.9,0.3,0,3,5.0,0
128.892,0.329,1.0798,0.1172,OLHOS ABERTOS,0.0,0,0.5807,1,-2.9,0.5,0,3,5.0,0
128.991,0.3242,1.0642,0.1204,OLHOS ABERTOS,0.0,0,0.5783,1,-2.9,0.5,0,3,5.0,0
129.099,0.3221,1.0573,0.1224,OLHOS ABERTOS,0.0,0,0.5774,1,-2.8,0.5,0,3,5.0,0
129.195,0.322,1.0571,0.1237,OLHOS ABERTOS,0.0,0,0.5757,1,-2.8,0.4,0,3,5.0,0
129.291,0.3225,1.0585,0.1233,OLHOS ABERTOS,0.0,0,0.5733,1,-2.8,0.6,0,3,5.0,0
129.388,0.3203,1.0513,0.1221,OLHOS ABERTOS,0.0,0,0.5717,1,-2.7,0.5,0,3,5.0,0
129.502,0.321,1.0538,0.1234,OLHOS ABERTOS,0.0,0,0.57,1,-2.8,0.6,0,3,5.0,0
129.595,0.32,1.0502,0.1253,OLHOS ABERTOS,0.0,0,0.5683,1,-2.8,0.6,0,3,5.0,0
129.691,0.324,1.0634,0.1265,OLHOS ABERTOS,0.0,0,0.5667,1,-2.8,0.6,0,3,5.0,0
129.787,0.3253,1.0677,0.1245,OLHOS ABERTOS,0.0,0,0.565,1,-2.8,0.6,0,3,5.0,0
129.899,0.3308,1.0857,0.1225,OLHOS ABERTOS,0.0,0,0.5641,1,-2.9,0.6,0,3,5.0,0
129.998,0.3424,1.1237,0.1126,OLHOS ABERTOS,0.0,0,0.5617,1,-2.9,0.7,0,3,5.0,0
130.091,0.289,0.9487,0.2161,OLHOS ABERTOS,0.0,0,0.56,1,-3.7,0.7,0,3,5.0,0
130.187,0.1221,0.4007,0.5579,OLHOS FECHADOS,4.33,0,0.5607,1,-3.6,0.7,0,3,5.0,0
130.303,0.2045,0.6711,0.3061,SEMICERRADO,6.4,0,0.56,1,-3.4,0.3,0,3,5.0,0
130.395,0.2796,0.9178,0.1785,OLHOS ABERTOS,4.1,0,0.5591,1,-3.1,0.5,0,3,6.0,0
130.492,0.3021,0.9918,0.1538,OLHOS ABERTOS,1.68,0,0.5567,1,-3.0,0.4,0,3,6.0,0
130.587,0.3172,1.0412,0.1447,OLHOS ABERTOS,0.0,0,0.555,1,-3.0,0.5,0,3,6.0,0
130.699,0.3213,1.0546,0.1391,OLHOS ABERTOS,0.0,0,0.5541,1,-3.0,0.5,0,3,6.0,0
130.797,0.3271,1.0737,0.1359,OLHOS ABERTOS,0.0,0,0.5517,1,-2.9,0.6,0,3,6.0,0
130.891,0.3288,1.0791,0.1347,OLHOS ABERTOS,0.0,0,0.55,1,-3.0,0.6,0,3,6.0,0
130.989,0.3324,1.0912,0.1299,OLHOS ABERTOS,0.0,0,0.5483,1,-3.0,0.6,0,3,6.0,0
131.104,0.3359,1.1025,0.1295,OLHOS ABERTOS,0.0,0,0.5467,1,-2.9,0.7,0,3,6.0,0
131.195,0.3388,1.1121,0.1253,OLHOS ABERTOS,0.0,0,0.5458,1,-3.0,0.6,0,3,6.0,0
131.291,0.3394,1.114,0.1255,OLHOS ABERTOS,0.0,0,0.5433,1,-2.9,0.7,0,3,6.0,0
131.403,0.3393,1.1137,0.1235,OLHOS ABERTOS,0.0,0,0.5417,1,-2.9,0.7,0,3,6.0,0
131.499,0.3403,1.117,0.1209,OLHOS ABERTOS,0.0,0,0.54,1,-2.9,0.8,0,3,6.0,0
131.595,0.3389,1.1125,0.1211,OLHOS ABERTOS,0.0,0,0.5391,1,-2.8,0.7,0,3,6.0,0
131.69,0.3415,1.1209,0.1184,OLHOS ABERTOS,0.0,0,0.5374,1,-2.9,0.8,0,3,6.0,0
131.805,0.3419,1.1221,0.1193,OLHOS ABERTOS,0.0,0,0.535,1,-2.8,0.9,0,3,6.0,0
131.899,0.3408,1.1187,0.1198,OLHOS ABERTOS,0.0,0,0.5333,1,-2.8,0.8,0,3,6.0,0
131.995,0.341,1.1191,0.1216,OLHOS ABERTOS,0.0,0,0.5317,1,-2.8,0.8,0,3,6.0,0
132.092,0.338,1.1095,0.1242,OLHOS ABERTOS,0.0,0,0.53,1,-2.8,0.6,0,3,6.0,0
132.204,0.3436,1.1278,0.1202,OLHOS ABERTOS,0.0,0,0.5283,1,-2.9,0.6,0,3,6.0,0
132.3,0.3451,1.1328,0.1177,OLHOS ABERTOS,0.0,0,0.5267,1,-2.9,0.5,0,3,6.0,0
132.395,0.3467,1.1379,0.1149,OLHOS ABERTOS,0.0,0,0.5258,1,-2.9,0.6,0,3,6.0,0
132.49,0.3385,1.1111,0.1221,OLHOS ABERTOS,0.0,0,0.5233,1,-3.1,0.2,0,3,6.0,0
132.605,0.3434,1.1271,0.1211,OLHOS ABERTOS,0.0,0,0.5217,1,-3.3,0.1,0,3,6.0,0
132.699,0.3442,1.1299,0.1182,OLHOS ABERTOS,0.0,0,0.52,1,-3.3,0.1,0,3,6.0,0
132.795,0.3493,1.1464,0.1128,OLHOS ABERTOS,0.0,0,0.5191,1,-3.0,0.5,0,3,6.0,0
132.891,0.3479,1.142,0.1131,OLHOS ABERTOS,0.0,0,0.5167,1,-3.0,0.3,0,3,6.0,0
133.004,0.349,1.1455,0.1129,OLHOS ABERTOS,0.0,0,0.515,1,-2.9,0.5,0,3,6.0,0
133.1,0.3476,1.1411,0.1141,OLHOS ABERTOS,0.0,0,0.5141,1,-2.9,0.4,0,3,6.0,0
133.195,0.3492,1.1463,0.1098,OLHOS ABERTOS,0.0,0,0.5125,1,-3.0,0.5,0,3,6.0,0
133.29,0.3485,1.1439,0.1097,OLHOS ABERTOS,0.0,0,0.5108,1,-3.0,0.5,0,3,6.0,0
133.405,0.3528,1.1581,0.1065,OLHOS ABERTOS,0.0,0,0.5083,1,-3.0,0.5,0,3,6.0,0
133.511,0.3531,1.159,0.1059,OLHOS ABERTOS,0.0,0,0.5067,1,-3.1,0.4,0,3,6.0,0
133.594,0.3516,1.1542,0.1067,OLHOS ABERTOS,0.0,0,0.5058,1,-3.1,0.4,0,3,6.0,0
133.691,0.352,1.1554,0.1063,OLHOS ABERTOS,0.0,0,0.5042,1,-3.1,0.4,0,3,6.0,0
133.803,0.352,1.1552,0.106,OLHOS ABERTOS,0.0,0,0.5017,1,-3.1,0.3,0,3,6.0,0
133.898,0.3539,1.1616,0.1055,OLHOS ABERTOS,0.0,0,0.5008,1,-3.1,0.6,0,3,6.0,0
133.994,0.3529,1.1584,0.1061,OLHOS ABERTOS,0.0,0,0.4992,1,-3.1,0.5,0,3,6.0,0
134.091,0.3545,1.1637,0.1045,OLHOS ABERTOS,0.0,0,0.4967,1,-3.2,0.5,0,3,6.0,0
134.205,0.1519,0.4985,0.5353,OLHOS FECHADOS,5.13,0,0.4967,1,-3.4,-0.0,0,3,6.0,0
134.3,0.1845,0.6057,0.3927,SEMICERRADO,6.84,0,0.4967,1,-3.4,0.0,0,3,6.0,0
134.396,0.2669,0.8761,0.2027,OLHOS ABERTOS,4.44,0,0.495,1,-3.2,0.3,0,3,7.0,0
134.492,0.3049,1.0007,0.1489,OLHOS ABERTOS,2.04,0,0.4933,1,-3.2,0.4,0,3,7.0,0
134.607,0.3141,1.0309,0.1435,OLHOS ABERTOS,0.0,0,0.4917,1,-3.2,0.3,0,3,7.0,0
134.699,0.3188,1.0463,0.1345,OLHOS ABERTOS,0.0,0,0.4908,1,-3.1,0.3,0,3,7.0,0
134.796,0.3236,1.0623,0.1318,OLHOS ABERTOS,0.0,0,0.4892,1,-2.9,0.6,0,3,7.0,0
134.891,0.3298,1.0826,0.1263,OLHOS ABERTOS,0.0,0,0.4875,1,-2.9,0.6,0,3,7.0,0
135.004,0.3297,1.0821,0.1301,OLHOS ABERTOS,0.0,0,0.485,1,-3.0,0.5,0,3,7.0,0
135.099,0.33,1.0831,0.1304,OLHOS ABERTOS,0.0,0,0.4842,1,-2.9,0.5,0,3,7.0,0
135.195,0.3307,1.0856,0.1285,OLHOS ABERTOS,0.0,0,0.4825,1,-2.9,0.6,0,3,7.0,0
135.291,0.332,1.0897,0.1265,OLHOS ABERTOS,0.0,0,0.4809,1,-3.0,0.6,0,3,7.0,0
135.404,0.3304,1.0845,0.1157,OLHOS ABERTOS,0.0,0,0.4783,1,-3.1,0.3,0,3,7.0,0
135.501,0.327,1.0733,0.1215,OLHOS ABERTOS,0.0,0,0.4767,1,-3.1,0.3,0,3,7.0,0
135.598,0.3281,1.077,0.1175,OLHOS ABERTOS,0.0,0,0.4759,1,-3.0,0.3,0,3,7.0,0
135.695,0.309,1.0143,0.1414,OLHOS ABERTOS,0.0,0,0.4742,1,-3.0,0.2,0,3,7.0,0
135.804,0.3057,1.0034,0.148,OLHOS ABERTOS,0.0,0,0.4717,1,-3.0,0.2,0,3,7.0,0
135.912,0.3029,0.9943,0.1469,OLHOS ABERTOS,0.0,0,0.47,1,-2.9,0.1,0,3,7.0,0
135.995,0.3028,0.9938,0.1497,OLHOS ABERTOS,0.0,0,0.4692,1,-2.9,0.0,0,3,7.0,0
136.091,0.3014,0.9892,0.15,OLHOS ABERTOS,0.0,0,0.4676,1,-3.0,-0.1,0,3,7.0,0
136.203,0.3,0.9847,0.1469,OLHOS ABERTOS,0.0,0,0.465,1,-2.9,-0.1,0,3,7.0,0
136.299,0.2963,0.9726,0.155,OLHOS ABERTOS,0.0,0,0.4642,1,-2.9,-0.0,0,3,7.0,0
136.395,0.2943,0.9661,0.1569,OLHOS ABERTOS,0.0,0,0.4626,1,-2.8,-0.0,0,3,7.0,0
136.491,0.296,0.9715,0.1541,OLHOS ABERTOS,0.0,0,0.4609,1,-2.8,-0.0,0,3,7.0,0
136.603,0.2954,0.9696,0.1565,OLHOS ABERTOS,0.0,0,0.4583,1,-2.8,0.0,0,3,7.0,0
136.7,0.2973,0.9757,0.1522,OLHOS ABERTOS,0.0,0,0.4567,1,-2.8,-0.0,0,3,7.0,0
136.795,0.2965,0.9732,0.1523,OLHOS ABERTOS,0.0,0,0.455,1,-2.8,-0.0,0,3,7.0,0
136.892,0.2957,0.9706,0.1562,OLHOS ABERTOS,0.0,0,0.4533,1,-2.8,-0.0,0,3,7.0,0
137.002,0.2966,0.9735,0.1569,OLHOS ABERTOS,0.0,0,0.4517,1,-2.8,0.1,0,3,7.0,0
137.099,0.2915,0.9569,0.1638,OLHOS ABERTOS,0.0,0,0.45,1,-2.8,0.2,0,3,7.0,0
137.195,0.2965,0.9731,0.1571,OLHOS ABERTOS,0.0,0,0.4493,1,-3.0,-0.1,0,3,7.0,0
137.291,0.2986,0.98,0.1521,OLHOS ABERTOS,0.0,0,0.4476,1,-3.0,-0.1,0,3,7.0,0
137.405,0.2994,0.9826,0.1568,OLHOS ABERTOS,0.0,0,0.445,1,-3.1,0.0,0,3,7.0,0
137.498,0.3049,1.0008,0.1489,OLHOS ABERTOS,0.0,0,0.4443,1,-3.1,0.2,0,3,7.0,0
137.607,0.3103,1.0185,0.1388,OLHOS ABERTOS,0.0,0,0.4417,1,-3.2,-0.0,0,3,7.0,0
137.704,0.3157,1.0364,0.1366,OLHOS ABERTOS,0.0,0,0.44,1,-3.2,0.2,0,3,7.0,0
137.806,0.3146,1.0327,0.1367,OLHOS ABERTOS,0.0,0,0.4383,1,-3.2,0.1,0,3,7.0,0
137.901,0.3164,1.0386,0.1373,OLHOS ABERTOS,0.0,0,0.4376,1,-3.1,0.2,0,3,7.0,0
137.999,0.3171,1.0409,0.1377,OLHOS ABERTOS,0.0,0,0.435,1,-3.2,0.3,0,3,7.0,0
138.092,0.3181,1.044,0.1364,OLHOS ABERTOS,0.0,0,0.4343,1,-3.1,0.1,0,3,7.0,0
138.203,0.3197,1.0495,0.1322,OLHOS ABERTOS,0.0,0,0.4317,1,-3.1,0.1,0,3,7.0,0
138.306,0.32,1.0503,0.1334,OLHOS ABERTOS,0.0,0,0.43,1,-3.1,0.1,0,3,7.0,0
138.395,0.3148,1.0333,0.1402,OLHOS ABERTOS,0.0,0,0.4293,1,-3.1,-0.0,0,3,7.0,0
138.491,0.3031,0.9949,0.1582,OLHOS ABERTOS,0.0,0,0.4276,1,-3.0,-0.1,0,3,7.0,0
138.602,0.293,0.9618,0.1577,OLHOS ABERTOS,0.0,0,0.425,1,-2.8,0.1,0,3,7.0,0
138.699,0.2847,0.9346,0.1612,OLHOS ABERTOS,0.0,0,0.4233,1,-2.7,0.1,0,3,7.0,0
138.795,0.2871,0.9424,0.1642,OLHOS ABERTOS,0.0,0,0.4226,1,-2.8,-0.1,0,3,7.0,0
138.898,0.291,0.9552,0.1661,OLHOS ABERTOS,0.0,0,0.42,1,-2.8,0.0,0,3,7.0,0
139.005,0.2927,0.9606,0.1638,OLHOS ABERTOS,0.0,0,0.4183,1,-2.9,-0.2,0,3,7.0,0
139.099,0.2925,0.9602,0.1585,OLHOS ABERTOS,0.0,0,0.4167,1,-3.0,-0.4,0,3,7.0,0
139.194,0.2927,0.9606,0.1592,OLHOS ABERTOS,0.0,0,0.416,1,-3.0,-0.6,0,3,7.0,0
139.291,0.2913,0.9563,0.1592,OLHOS ABERTOS,0.0,0,0.4133,1,-3.0,-0.6,0,3,7.0,0
139.403,0.2933,0.9626,0.154,OLHOS ABERTOS,0.0,0,0.4117,1,-3.0,-0.4,0,3,7.0,0
139.499,0.294,0.9649,0.154,OLHOS ABERTOS,0.0,0,0.41,1,-3.0,-0.5,0,3,7.0,0
139.596,0.3252,1.0673,0.1323,OLHOS ABERTOS,0.0,0,0.4083,1,-3.1,-0.3,0,3,7.0,0
139.691,0.332,1.0896,0.1283,OLHOS ABERTOS,0.0,0,0.4067,1,-3.2,-0.3,0,3,7.0,0
139.807,0.3373,1.1071,0.1292,OLHOS ABERTOS,0.0,0,0.405,1,-3.3,-0.2,0,3,7.0,0
139.899,0.3437,1.1283,0.1237,OLHOS ABERTOS,0.0,0,0.4043,1,-3.2,0.2,0,3,7.0,0
139.996,0.3461,1.136,0.116,OLHOS ABERTOS,0.0,0,0.4017,1,-3.2,0.0,0,3,7.0,0
140.099,0.3516,1.154,0.1059,OLHOS ABERTOS,0.0,0,0.4,1,-3.1,0.3,0,3,7.0,0
140.205,0.3515,1.1538,0.1033,OLHOS ABERTOS,0.0,0,0.3983,1,-3.1,0.2,0,3,7.0,0
140.3,0.3529,1.1584,0.1026,OLHOS ABERTOS,0.0,0,0.3967,1,-3.0,0.4,0,3,7.0,0
140.395,0.3532,1.1595,0.1022,OLHOS ABERTOS,0.0,0,0.395,1,-3.1,0.3,0,3,7.0,0
140.491,0.3512,1.1527,0.105,OLHOS ABERTOS,0.0,0,0.3943,1,-3.2,0.4,0,3,7.0,0
140.603,0.3519,1.1551,0.1069,OLHOS ABERTOS,0.0,0,0.3917,1,-3.2,0.1,0,3,7.0,0
140.699,0.3535,1.1604,0.1031,OLHOS ABERTOS,0.0,0,0.391,1,-3.3,0.2,0,3,7.0,0
140.794,0.3535,1.1604,0.1017,OLHOS ABERTOS,0.0,0,0.3894,1,-3.1,0.1,0,3,7.0,0
140.892,0.3545,1.1636,0.1003,OLHOS ABERTOS,0.0,0,0.3867,1,-3.2,0.2,0,3,7.0,0
141.002,0.3554,1.1667,0.0996,OLHOS ABERTOS,0.0,0,0.385,1,-3.2,0.1,0,3,7.0,0
141.099,0.3571,1.172,0.0978,OLHOS ABERTOS,0.0,0,0.3844,1,-3.2,0.1,0,3,7.0,0
141.196,0.3558,1.1679,0.0994,OLHOS ABERTOS,0.0,0,0.3827,1,-3.2,-0.1,0,3,7.0,0
141.29,0.3514,1.1533,0.1055,OLHOS ABERTOS,0.0,0,0.381,1,-3.2,-0.1,0,3,7.0,0
141.404,0.1203,0.3947,0.5869,OLHOS FECHADOS,5.11,0,0.38,1,-3.1,0.2,0,3,7.0,0
141.499,0.1954,0.6413,0.3369,SEMICERRADO,6.81,0,0.381,1,-3.4,0.2,0,3,7.0,0
141.595,0.2775,0.9108,0.1825,OLHOS ABERTOS,4.4,0,0.3794,1,-3.3,0.1,0,3,8.0,0
141.692,0.3146,1.0325,0.1425,OLHOS ABERTOS,1.98,0,0.3777,1,-3.2,0.2,0,3,8.0,0
141.804,0.3259,1.0696,0.1296,OLHOS ABERTOS,0.0,0,0.375,1,-3.2,0.2,0,3,8.0,0
141.899,0.331,1.0863,0.1271,OLHOS ABERTOS,0.0,0,0.3733,1,-3.3,0.1,0,3,8.0,0
141.996,0.3373,1.1073,0.1216,OLHOS ABERTOS,0.0,0,0.3727,1,-3.2,0.2,0,3,8.0,0
142.09,0.3382,1.11,0.1209,OLHOS ABERTOS,0.0,0,0.371,1,-3.2,0.2,0,3,8.0,0
142.204,0.3423,1.1236,0.12,OLHOS ABERTOS,0.0,0,0.3683,1,-3.1,0.2,0,3,8.0,0
142.3,0.3437,1.128,0.115,OLHOS ABERTOS,0.0,0,0.3667,1,-3.1,0.2,0,3,8.0,0
142.395,0.3478,1.1416,0.1129,OLHOS ABERTOS,0.0,0,0.3661,1,-3.1,0.3,0,3,8.0,0
142.492,0.3459,1.1354,0.1131,OLHOS ABERTOS,0.0,0,0.3633,1,-3.0,0.1,0,3,8.0,0
142.602,0.3494,1.1467,0.1125,OLHOS ABERTOS,0.0,0,0.3617,1,-3.0,0.2,0,3,8.0,0
142.699,0.3481,1.1427,0.1085,OLHOS ABERTOS,0.0,0,0.3611,1,-3.1,0.1,0,3,8.0,0
142.796,0.3535,1.1602,0.1064,OLHOS ABERTOS,0.0,0,0.3583,1,-3.2,-0.0,0,3,8.0,0
142.891,0.1669,0.5479,0.5056,OLHOS FECHADOS,4.29,0,0.3583,1,-3.1,0.4,0,3,8.0,0
143.003,0.0904,0.2966,0.6613,OLHOS FECHADOS,9.29,0,0.3583,1,-3.0,0.1,0,3,8.0,0
143.1,0.0746,0.2448,0.6884,OLHOS FECHADOS,13.66,0,0.3583,1,-3.0,0.0,0,3,8.0,0
143.196,0.0729,0.2393,0.6823,OLHOS FECHADOS,18.0,0,0.36,1,-3.0,0.0,0,3,8.0,0
143.298,0.0646,0.212,0.6874,OLHOS FECHADOS,22.57,0,0.3617,1,-2.9,-0.0,0,3,8.0,0
143.403,0.0596,0.1955,0.6958,OLHOS FECHADOS,27.29,0,0.3633,1,-3.0,-0.2,0,3,8.0,0
143.501,0.0588,0.1932,0.6931,OLHOS FECHADOS,31.74,1,0.365,1,-3.0,-0.2,0,3,8.0,0
143.6,0.0528,0.1732,0.6942,OLHOS FECHADOS,36.18,1,0.3667,1,-3.0,-0.2,0,3,8.0,0
143.691,0.0546,0.1793,0.7053,OLHOS FECHADOS,40.28,1,0.3683,1,-2.8,-0.2,0,3,8.0,0
143.806,0.0583,0.1913,0.6975,OLHOS FECHADOS,45.44,1,0.37,1,-2.8,0.2,0,3,8.0,0
143.901,0.0579,0.19,0.7003,OLHOS FECHADOS,49.74,1,0.3717,1,-2.7,-0.2,0,3,8.0,0
144.001,0.0607,0.1994,0.6966,OLHOS FECHADOS,54.24,1,0.3733,1,-2.7,-0.2,0,3,8.0,0
144.109,0.0587,0.1927,0.6975,OLHOS FECHADOS,59.08,1,0.375,1,-2.8,-0.2,0,3,8.0,0
144.204,0.0563,0.1848,0.697,OLHOS FECHADOS,63.34,2,0.3767,1,-2.8,-0.1,0,3,8.0,0
144.301,0.0566,0.1857,0.6953,OLHOS FECHADOS,67.7,2,0.3777,1,-2.7,-0.1,0,3,8.0,0
144.396,0.0572,0.1877,0.6868,OLHOS FECHADOS,71.97,2,0.3794,1,-2.7,0.0,0,3,8.0,0
144.491,0.0585,0.192,0.691,OLHOS FECHADOS,76.27,2,0.381,1,-2.7,0.1,0,3,8.0,0
144.613,0.059,0.1938,0.6891,OLHOS FECHADOS,81.78,2,0.3833,1,-2.8,0.1,0,3,8.0,0
144.701,0.0592,0.1943,0.6881,OLHOS FECHADOS,85.71,3,0.3844,1,-2.7,0.1,0,3,8.0,0
144.797,0.0575,0.1886,0.6952,OLHOS FECHADOS,90.06,3,0.3867,1,-2.9,-0.2,0,3,8.0,0
144.892,0.0572,0.1877,0.6957,OLHOS FECHADOS,94.34,3,0.3877,1,-2.8,-0.1,0,4,8.0,0
145.004,0.063,0.2069,0.6752,OLHOS FECHADOS,99.36,3,0.39,1,-2.8,-0.1,0,4,8.0,0
145.101,0.0624,0.2048,0.6727,OLHOS FECHADOS,100.0,3,0.3917,1,-2.8,-0.2,0,4,8.0,0
145.211,0.0561,0.1842,0.6879,OLHOS FECHADOS,100.0,3,0.3933,1,-2.6,-0.2,0,4,8.0,0
145.292,0.0566,0.1858,0.6908,OLHOS FECHADOS,100.0,3,0.3943,1,-2.7,-0.1,0,4,8.0,0
145.406,0.0553,0.1817,0.6939,OLHOS FECHADOS,100.0,3,0.3967,1,-2.7,-0.0,0,4,8.0,0
145.503,0.0541,0.1774,0.6981,OLHOS FECHADOS,100.0,3,0.3977,1,-2.8,-0.1,0,4,8.0,0
145.605,0.0596,0.1955,0.6903,OLHOS FECHADOS,100.0,3,0.4,1,-2.8,-0.1,0,4,8.0,0
145.705,0.0552,0.1812,0.6977,OLHOS FECHADOS,100.0,3,0.4017,1,-2.8,-0.4,0,4,8.0,0
145.817,0.0565,0.1855,0.6979,OLHOS FECHADOS,100.0,3,0.4033,1,-2.7,-0.1,0,4,8.0,0
145.902,0.0563,0.1849,0.6955,OLHOS FECHADOS,100.0,3,0.405,1,-2.7,-0.1,0,4,8.0,0
146.009,0.0556,0.1824,0.693,OLHOS FECHADOS,100.0,3,0.4067,1,-2.5,-0.1,0,4,8.0,0
146.091,0.0558,0.183,0.691,OLHOS FECHADOS,100.0,3,0.4077,1,-2.5,-0.1,0,4,8.0,0
146.207,0.0536,0.176,0.7038,OLHOS FECHADOS,100.0,3,0.41,1,-2.5,-0.2,0,4,8.0,0
146.302,0.0526,0.1728,0.7025,OLHOS FECHADOS,100.0,3,0.411,1,-2.6,-0.6,0,4,8.0,0
146.394,0.0511,0.1677,0.7002,OLHOS FECHADOS,100.0,3,0.4126,1,-2.7,-0.5,0,4,8.0,0
146.496,0.0513,0.1683,0.7022,OLHOS FECHADOS,100.0,3,0.415,1,-2.7,-0.6,0,4,8.0,0
146.603,0.0521,0.1711,0.7067,OLHOS FECHADOS,100.0,3,0.4167,1,-2.6,-0.6,0,4,8.0,0
146.7,0.0521,0.1709,0.7043,OLHOS FECHADOS,100.0,3,0.4176,1,-2.6,-0.4,0,4,8.0,0
146.794,0.0538,0.1768,0.7072,OLHOS FECHADOS,100.0,3,0.4193,1,-2.7,-0.7,0,4,8.0,0
146.89,0.0512,0.1681,0.7055,OLHOS FECHADOS,100.0,3,0.421,1,-2.6,-0.7,0,4,8.0,0
147.004,0.0508,0.1668,0.71,OLHOS FECHADOS,100.0,3,0.4233,1,-2.8,-0.7,0,4,8.0,0
147.099,0.0511,0.1677,0.7054,OLHOS FECHADOS,100.0,3,0.4243,1,-2.7,-0.6,0,4,8.0,0
147.195,0.0514,0.1688,0.7057,OLHOS FECHADOS,100.0,3,0.426,1,-2.9,-0.4,0,4,8.0,0
147.292,0.0516,0.1692,0.7042,OLHOS FECHADOS,100.0,3,0.426,1,-2.9,-0.8,0,4,8.0,0
147.403,0.0501,0.1645,0.7162,OLHOS FECHADOS,100.0,3,0.425,1,-2.9,-0.9,0,4,8.0,0
147.499,0.0517,0.1698,0.717,OLHOS FECHADOS,100.0,3,0.426,1,-2.8,-0.7,0,4,8.0,0
147.595,0.0499,0.1639,0.7164,OLHOS FECHADOS,100.0,3,0.4276,1,-2.8,-0.6,0,4,7.0,0
147.69,0.0543,0.1782,0.7114,OLHOS FECHADOS,100.0,3,0.4293,1,-2.8,-0.5,0,4,7.0,0
147.804,0.0545,0.1788,0.7106,OLHOS FECHADOS,100.0,3,0.4317,1,-2.8,-0.5,0,4,7.0,0
147.899,0.0548,0.1798,0.7083,OLHOS FECHADOS,100.0,3,0.4326,1,-2.7,-0.4,0,4,7.0,0
147.995,0.0556,0.1826,0.7025,OLHOS FECHADOS,100.0,3,0.4343,1,-2.7,-0.4,0,4,7.0,0
148.091,0.051,0.1675,0.7098,OLHOS FECHADOS,100.0,3,0.4359,1,-2.7,-0.4,0,4,7.0,0
148.203,0.0519,0.1702,0.7073,OLHOS FECHADOS,100.0,3,0.4383,1,-3.0,-0.6,0,4,7.0,0
148.298,0.052,0.1708,0.7042,OLHOS FECHADOS,100.0,3,0.4393,1,-2.8,-0.4,0,4,7.0,0
148.395,0.0497,0.1632,0.7015,OLHOS FECHADOS,100.0,3,0.4409,1,-2.8,-0.4,0,4,7.0,0
148.491,0.0544,0.1786,0.6916,OLHOS FECHADOS,100.0,3,0.4433,1,-2.8,-0.3,0,4,7.0,0
148.604,0.0544,0.1784,0.6938,OLHOS FECHADOS,100.0,3,0.445,1,-2.8,-0.1,0,4,7.0,0
148.699,0.0534,0.1751,0.6949,OLHOS FECHADOS,100.0,3,0.4467,1,-2.8,-0.2,0,4,7.0,0
148.794,0.0524,0.1719,0.6989,OLHOS FECHADOS,100.0,3,0.4476,1,-2.7,-0.4,0,4,7.0,0
148.89,0.0533,0.1749,0.6924,OLHOS FECHADOS,100.0,3,0.4493,1,-2.9,-0.4,0,4,7.0,0
149.003,0.0571,0.1876,0.693,OLHOS FECHADOS,100.0,3,0.4517,1,-2.8,-0.1,0,4,7.0,0
149.1,0.0571,0.1874,0.6949,OLHOS FECHADOS,100.0,3,0.4533,1,-3.0,-0.3,0,4,7.0,0
149.194,0.057,0.1872,0.6988,OLHOS FECHADOS,100.0,3,0.4542,1,-2.9,-0.3,0,4,7.0,0
149.291,0.0591,0.1941,0.6993,OLHOS FECHADOS,100.0,3,0.4567,1,-2.9,-0.4,0,4,7.0,0
149.405,0.0587,0.1927,0.7047,OLHOS FECHADOS,100.0,3,0.4583,1,-3.0,-0.6,0,4,7.0,0
149.499,0.056,0.1837,0.7088,OLHOS FECHADOS,100.0,3,0.46,1,-2.9,-0.6,0,4,7.0,0
149.594,0.0561,0.1841,0.7018,OLHOS FECHADOS,100.0,3,0.4609,1,-3.0,-0.5,0,4,7.0,0
149.691,0.0552,0.1813,0.702,OLHOS FECHADOS,100.0,3,0.4626,1,-2.8,-0.5,0,4,7.0,0
149.803,0.055,0.1807,0.6962,OLHOS FECHADOS,100.0,3,0.465,1,-2.6,-0.4,0,4,7.0,0
149.902,0.0516,0.1695,0.7047,OLHOS FECHADOS,100.0,3,0.4667,1,-2.4,-0.2,0,4,7.0,0
149.997,0.05,0.1642,0.7072,OLHOS FECHADOS,100.0,3,0.4683,1,-2.4,-0.2,0,4,7.0,0
150.091,0.0493,0.1617,0.7089,OLHOS FECHADOS,100.0,3,0.4692,1,-2.4,-0.3,0,4,7.0,0
150.204,0.0485,0.1591,0.7112,OLHOS FECHADOS,100.0,3,0.4717,1,-2.4,-0.2,0,4,7.0,0
150.301,0.0482,0.1583,0.7202,OLHOS FECHADOS,100.0,3,0.4733,1,-2.2,-0.1,0,4,7.0,0
150.395,0.0471,0.1546,0.7216,OLHOS FECHADOS,100.0,3,0.4742,1,-2.2,-0.1,0,4,7.0,0
150.498,0.0453,0.1488,0.7328,OLHOS FECHADOS,100.0,3,0.4767,1,-2.3,-0.2,0,4,7.0,0
150.606,0.0478,0.1568,0.7279,OLHOS FECHADOS,100.0,3,0.4783,1,-2.4,-0.2,0,4,7.0,0
150.699,0.0459,0.1508,0.7281,OLHOS FECHADOS,100.0,3,0.4792,1,-2.4,-0.7,0,4,7.0,0
150.796,0.0482,0.1582,0.7221,OLHOS FECHADOS,100.0,3,0.4817,1,-2.5,-0.7,0,4,7.0,0
150.895,0.0493,0.1618,0.7203,OLHOS FECHADOS,100.0,3,0.4833,1,-2.5,-0.7,0,4,7.0,0
151.005,0.0533,0.1749,0.7091,OLHOS FECHADOS,100.0,3,0.485,1,-2.8,-0.8,0,4,7.0,0
151.1,0.053,0.1739,0.7117,OLHOS FECHADOS,100.0,3,0.4859,1,-2.7,-0.8,0,4,7.0,0
151.195,0.0525,0.1725,0.7061,OLHOS FECHADOS,100.0,3,0.4875,1,-2.7,-0.8,0,4,7.0,0
151.291,0.051,0.1674,0.6993,OLHOS FECHADOS,100.0,3,0.4892,1,-2.7,-0.6,0,4,7.0,0
151.403,0.0588,0.193,0.6955,OLHOS FECHADOS,100.0,3,0.4917,1,-2.4,-0.2,0,4,7.0,0
151.5,0.1055,0.3462,0.595,OLHOS FECHADOS,100.0,3,0.4933,1,-3.0,-0.3,0,4,7.0,0
151.595,0.1861,0.6108,0.3518,SEMICERRADO,100.0,3,0.4942,1,-3.0,-0.3,0,4,7.0,0
151.691,0.2177,0.7147,0.2832,SEMICERRADO,100.0,3,0.495,1,-2.9,-0.3,0,4,7.0,0
151.803,0.2621,0.8602,0.2096,OLHOS ABERTOS,97.21,3,0.4933,1,-3.3,-0.2,0,4,7.0,0
151.899,0.2893,0.9495,0.1711,OLHOS ABERTOS,94.82,3,0.4925,1,-3.3,-0.4,0,4,7.0,0
151.996,0.3081,1.0112,0.1552,OLHOS ABERTOS,92.37,3,0.4925,1,-3.3,-0.6,0,4,6.0,0
152.092,0.2998,0.984,0.1774,OLHOS ABERTOS,89.99,3,0.4933,1,-3.1,-0.6,0,4,6.0,0
152.204,0.3049,1.0007,0.1689,OLHOS ABERTOS,87.17,3,0.4933,1,-3.0,-0.6,0,4,6.0,0
152.301,0.3042,0.9985,0.1657,OLHOS ABERTOS,84.75,2,0.4933,1,-3.0,-0.6,0,4,6.0,0
152.395,0.3035,0.9962,0.1674,OLHOS ABERTOS,82.4,2,0.4925,1,-2.9,-0.8,0,4,6.0,0
152.499,0.3069,1.0074,0.1615,OLHOS ABERTOS,79.82,2,0.4933,1,-2.7,-0.6,0,4,6.0,0
152.607,0.3081,1.0113,0.157,OLHOS ABERTOS,77.12,2,0.4933,1,-2.7,-0.7,0,4,6.0,0
152.702,0.3072,1.0082,0.1609,OLHOS ABERTOS,74.74,2,0.4933,1,-2.8,-0.8,0,4,6.0,0
152.795,0.3083,1.0118,0.161,OLHOS ABERTOS,72.4,2,0.4925,1,-2.8,-0.8,0,4,6.0,0
152.91,0.3056,1.0031,0.1659,OLHOS ABERTOS,69.54,2,0.4933,1,-2.8,-0.8,0,4,6.0,0
153.005,0.3054,1.0023,0.1679,OLHOS ABERTOS,67.17,2,0.4933,1,-2.7,-0.8,0,4,6.0,0
153.098,0.305,1.001,0.1668,OLHOS ABERTOS,64.82,2,0.4925,1,-2.7,-0.7,0,4,6.0,0
153.196,0.3025,0.9929,0.1672,OLHOS ABERTOS,62.38,2,0.4933,1,-2.8,-0.7,0,4,6.0,0
153.292,0.3042,0.9984,0.1712,OLHOS ABERTOS,59.99,1,0.4933,1,-2.7,-0.5,0,4,6.0,0
153.412,0.3043,0.9989,0.1675,OLHOS ABERTOS,56.99,1,0.4933,1,-2.8,-0.4,0,4,6.0,0
153.5,0.2922,0.9591,0.1761,OLHOS ABERTOS,54.78,1,0.4925,1,-2.9,-0.6,0,4,6.0,0
153.596,0.2799,0.9186,0.19,OLHOS ABERTOS,52.38,1,0.4933,1,-2.9,-0.6,0,4,6.0,0
153.692,0.2791,0.9162,0.1933,OLHOS ABERTOS,49.98,1,0.4933,1,-2.8,-0.5,0,4,6.0,0
153.804,0.2793,0.9168,0.1917,OLHOS ABERTOS,47.19,1,0.4933,1,-2.8,-0.4,0,4,6.0,0
153.901,0.2789,0.9155,0.1946,OLHOS ABERTOS,44.76,1,0.4933,1,-2.7,-0.4,0,4,6.0,0
153.996,0.2791,0.916,0.1959,OLHOS ABERTOS,42.37,1,0.4933,1,-2.8,-0.6,0,4,6.0,0
154.092,0.2794,0.9172,0.1976,OLHOS ABERTOS,39.99,1,0.4933,1,-2.8,-0.6,0,4,6.0,0
154.205,0.2798,0.9183,0.1964,OLHOS ABERTOS,37.17,1,0.4933,1,-2.9,-0.5,0,4,6.0,0
154.307,0.2789,0.9155,0.1987,OLHOS ABERTOS,34.6,1,0.4933,1,-2.7,-0.5,0,4,6.0,0
154.395,0.2783,0.9136,0.2009,OLHOS ABERTOS,32.41,1,0.4925,1,-2.9,-0.6,0,4,6.0,0
154.492,0.2787,0.9148,0.1982,OLHOS ABERTOS,29.99,0,0.4925,1,-2.9,-0.6,0,4,6.0,0
154.603,0.283,0.9289,0.1918,OLHOS ABERTOS,27.21,0,0.4933,1,-2.9,-0.6,0,4,6.0,0
154.703,0.2822,0.9262,0.1906,OLHOS ABERTOS,24.71,0,0.4933,1,-2.8,-0.4,0,4,6.0,0
154.796,0.2856,0.9375,0.1874,OLHOS ABERTOS,22.39,0,0.4925,1,-2.8,-0.4,0,4,6.0,0
154.892,0.2856,0.9374,0.1873,OLHOS ABERTOS,19.97,0,0.4933,1,-2.7,-0.4,0,4,6.0,0
155.006,0.2895,0.9501,0.1786,OLHOS ABERTOS,17.14,0,0.4933,1,-2.8,-0.2,0,4,6.0,0
155.1,0.2905,0.9534,0.178,OLHOS ABERTOS,14.77,0,0.4925,1,-2.8,-0.3,0,4,6.0,0
155.196,0.2903,0.9528,0.1793,OLHOS ABERTOS,12.38,0,0.4933,1,-2.8,-0.3,0,4,6.0,0
155.294,0.2912,0.9558,0.1793,OLHOS ABERTOS,9.94,0,0.4925,1,-2.7,-0.4,0,4,6.0,0
155.405,0.2917,0.9573,0.1798,OLHOS ABERTOS,7.17,0,0.4933,1,-2.7,-0.3,0,4,6.0,0
155.502,0.2932,0.9625,0.1816,OLHOS ABERTOS,4.74,0,0.4933,1,-2.8,-0.4,0,4,6.0,0
155.596,0.2952,0.9691,0.1793,OLHOS ABERTOS,2.38,0,0.4925,1,-2.9,-0.4,0,4,6.0,0
155.705,0.2955,0.9701,0.1764,OLHOS ABERTOS,0.0,0,0.4933,1,-2.8,-0.6,0,4,6.0,0
155.807,0.2984,0.9794,0.1755,OLHOS ABERTOS,0.0,0,0.4933,1,-2.8,-0.4,0,4,6.0,0
155.899,0.2998,0.984,0.1708,OLHOS ABERTOS,0.0,0,0.4933,1,-2.8,-0.4,0,4,6.0,0
156.002,0.3002,0.9852,0.1712,OLHOS ABERTOS,0.0,0,0.4933,1,-2.8,-0.3,0,4,6.0,0
156.106,0.3006,0.9868,0.1696,OLHOS ABERTOS,0.0,0,0.4933,1,-2.8,-0.1,0,4,6.0,0
156.212,0.2989,0.9809,0.1693,OLHOS ABERTOS,0.0,0,0.4933,1,-2.8,-0.2,0,4,6.0,0
156.303,0.298,0.978,0.168,OLHOS ABERTOS,0.0,0,0.4933,1,-2.8,-0.2,0,4,6.0,0
