t,ear,ear_ratio,blink_blend,state,score,level,perclos,yawns,yaw_dev,pitch_dev,distracted,microsleep,blink_rate,ground_truth
3.414,0.3273,1.0026,0.1143,OLHOS ABERTOS,0.0,0,0.0,0,-0.8,-0.1,0,0,0.0,0
3.511,0.3302,1.0112,0.1138,OLHOS ABERTOS,0.0,0,0.0,0,-0.8,-0.1,0,0,0.0,0
3.622,0.3294,1.0089,0.117,OLHOS ABERTOS,0.0,0,0.0,0,-1.0,-0.2,0,0,0.0,0
3.717,0.3331,1.0203,0.1141,OLHOS ABERTOS,0.0,0,0.0,0,-0.9,-0.2,0,0,0.0,0
3.814,0.3385,1.0367,0.1103,OLHOS ABERTOS,0.0,0,0.0,0,-1.0,-0.2,0,0,0.0,0
3.909,0.3379,1.0349,0.1113,OLHOS ABERTOS,0.0,0,0.0,0,-0.9,-0.2,0,0,0.0,0
4.022,0.3393,1.0393,0.1073,OLHOS ABERTOS,0.0,0,0.0,0,-1.0,-0.1,0,0,0.0,0
4.121,0.3418,1.0469,0.1041,OLHOS ABERTOS,0.0,0,0.0,0,-1.1,-0.0,0,0,0.0,0
4.214,0.1018,0.312,0.6493,OLHOS FECHADOS,4.18,0,0.0833,0,-1.1,-0.4,0,0,0.0,0
4.314,0.1165,0.357,0.5647,OLHOS FECHADOS,8.71,0,0.1538,0,-1.5,-0.9,0,0,0.0,0
4.427,0.2125,0.6509,0.2821,SEMICERRADO,10.74,0,0.2143,0,-1.5,-1.1,0,0,0.0,0
4.523,0.281,0.8607,0.1827,OLHOS ABERTOS,8.32,0,0.2,0,-1.4,-0.8,0,0,1.0,0
4.619,0.3004,0.9202,0.1526,OLHOS ABERTOS,5.93,0,0.1875,0,-1.2,-0.5,0,0,1.0,0
4.71,0.3115,0.9541,0.1407,OLHOS ABERTOS,3.65,0,0.1765,0,-1.3,-0.5,0,0,1.0,0
4.822,0.3211,0.9835,0.13,OLHOS ABERTOS,0.85,0,0.1667,0,-1.3,-0.4,0,0,1.0,0
4.919,0.3214,0.9843,0.1306,OLHOS ABERTOS,0.0,0,0.1579,0,-1.2,-0.5,0,0,1.0,0
5.015,0.3275,1.003,0.1271,OLHOS ABERTOS,0.0,0,0.15,0,-1.2,-0.4,0,0,1.0,0
5.111,0.3309,1.0136,0.1229,OLHOS ABERTOS,0.0,0,0.1429,0,-1.3,-0.4,0,0,1.0,0
5.225,0.3298,1.0101,0.1215,OLHOS ABERTOS,0.0,0,0.1364,0,-1.2,-0.3,0,0,1.0,0
5.322,0.3307,1.013,0.1203,OLHOS ABERTOS,0.0,0,0.1304,0,-1.3,-0.3,0,0,1.0,0
5.415,0.3312,1.0146,0.1189,OLHOS ABERTOS,0.0,0,0.125,0,-1.3,-0.2,0,0,1.0,0
5.51,0.3363,1.0302,0.1149,OLHOS ABERTOS,0.0,0,0.12,0,-1.2,-0.3,0,0,1.0,0
5.622,0.3313,1.0148,0.1186,OLHOS ABERTOS,0.0,0,0.1154,0,-1.2,-0.4,0,0,1.0,0
5.719,0.334,1.0229,0.1178,OLHOS ABERTOS,0.0,0,0.1111,0,-1.3,-0.3,0,0,1.0,0
5.814,0.3293,1.0088,0.1208,OLHOS ABERTOS,0.0,0,0.1071,0,-1.2,-0.2,0,0,1.0,0
5.912,0.3299,1.0104,0.1231,OLHOS ABERTOS,0.0,0,0.1034,0,-1.4,-0.4,0,0,1.0,0
6.022,0.3323,1.0179,0.1209,OLHOS ABERTOS,0.0,0,0.1,0,-1.5,-0.4,0,0,1.0,0
6.118,0.3394,1.0396,0.1122,OLHOS ABERTOS,0.0,0,0.0968,0,-1.6,-0.1,0,0,1.0,0
6.214,0.3398,1.0407,0.1125,OLHOS ABERTOS,0.0,0,0.0938,0,-1.5,-0.2,0,0,1.0,0
6.31,0.3414,1.0457,0.1127,OLHOS ABERTOS,0.0,0,0.0909,0,-1.5,-0.1,0,0,1.0,0
6.422,0.3455,1.0583,0.1042,OLHOS ABERTOS,0.0,0,0.0882,0,-1.5,-0.2,0,0,1.0,0
6.518,0.2606,0.7981,0.2558,OLHOS ABERTOS,0.0,0,0.0857,0,-2.0,-0.7,0,0,1.0,0
6.613,0.2461,0.7537,0.2627,SEMICERRADO,1.71,0,0.1111,0,-2.0,-0.9,0,0,1.0,0
6.711,0.2835,0.8683,0.2004,OLHOS ABERTOS,0.0,0,0.1081,0,-1.9,-0.7,0,0,2.0,0
6.827,0.3138,0.9611,0.1562,OLHOS ABERTOS,0.0,0,0.1053,0,-1.8,-0.2,0,0,2.0,0
6.918,0.3167,0.97,0.1486,OLHOS ABERTOS,0.0,0,0.1026,0,-1.8,-0.2,0,0,2.0,0
7.015,0.3277,1.0036,0.1331,OLHOS ABERTOS,0.0,0,0.1,0,-1.7,-0.1,0,0,2.0,0
7.11,0.3281,1.005,0.1292,OLHOS ABERTOS,0.0,0,0.0976,0,-1.6,-0.2,0,0,2.0,0
7.221,0.3322,1.0173,0.1253,OLHOS ABERTOS,0.0,0,0.0952,0,-1.6,-0.2,0,0,2.0,0
7.318,0.3333,1.0209,0.1228,OLHOS ABERTOS,0.0,0,0.093,0,-1.6,-0.3,0,0,2.0,0
7.413,0.3346,1.025,0.1193,OLHOS ABERTOS,0.0,0,0.0909,0,-1.6,-0.2,0,0,2.0,0
7.51,0.337,1.0322,0.1177,OLHOS ABERTOS,0.0,0,0.0889,0,-1.8,-0.2,0,0,2.0,0
7.622,0.3366,1.031,0.1149,OLHOS ABERTOS,0.0,0,0.087,0,-1.8,-0.3,0,0,2.0,0
7.719,0.3401,1.0417,0.1127,OLHOS ABERTOS,0.0,0,0.0851,0,-1.8,0.1,0,0,2.0,0
7.815,0.3345,1.0246,0.116,OLHOS ABERTOS,0.0,0,0.0833,0,-1.8,0.1,0,0,2.0,0
7.91,0.3341,1.0232,0.1181,OLHOS ABERTOS,0.0,0,0.0816,0,-1.8,-0.2,0,0,2.0,0
8.021,0.282,0.8638,0.1871,OLHOS ABERTOS,0.0,0,0.08,0,-1.8,-0.7,0,0,2.0,0
8.118,0.0983,0.301,0.6475,OLHOS FECHADOS,4.36,0,0.098,0,-1.8,-0.8,0,0,2.0,0
8.215,0.0995,0.3047,0.5846,OLHOS FECHADOS,8.71,0,0.1154,0,-2.1,-1.2,0,0,2.0,0
8.312,0.2366,0.7248,0.2481,SEMICERRADO,10.47,0,0.1321,0,-2.0,-0.9,0,0,2.0,0
8.423,0.1262,0.3865,0.5738,OLHOS FECHADOS,15.44,0,0.1481,0,-2.3,-0.6,0,0,2.0,0
8.518,0.1105,0.3384,0.5651,OLHOS FECHADOS,19.72,0,0.1636,0,-2.2,-1.0,0,0,2.0,0
8.614,0.2477,0.7588,0.2237,SEMICERRADO,21.45,0,0.1786,0,-2.1,-1.1,0,0,2.0,0
8.71,0.3018,0.9244,0.1568,OLHOS ABERTOS,19.04,0,0.1754,0,-1.9,-0.7,0,0,2.0,0
8.822,0.3068,0.9396,0.1485,OLHOS ABERTOS,16.25,0,0.1724,0,-1.9,-0.9,0,0,2.0,0
8.918,0.3202,0.9806,0.1363,OLHOS ABERTOS,13.85,0,0.1695,0,-1.9,-0.6,0,0,2.0,0
9.015,0.325,0.9953,0.1288,OLHOS ABERTOS,11.43,0,0.1667,0,-1.9,-0.6,0,0,2.0,0
9.11,0.3293,1.0086,0.1239,OLHOS ABERTOS,9.04,0,0.1639,0,-1.8,-0.5,0,0,2.0,0
9.227,0.3297,1.01,0.1207,OLHOS ABERTOS,6.13,0,0.1613,0,-1.9,-0.6,0,0,2.0,0
9.319,0.3319,1.0165,0.1189,OLHOS ABERTOS,3.81,0,0.1587,0,-1.8,-0.7,0,0,2.0,0
9.414,0.3335,1.0215,0.1174,OLHOS ABERTOS,1.43,0,0.1562,0,-1.8,-0.6,0,0,2.0,0
9.51,0.3341,1.0234,0.1168,OLHOS ABERTOS,0.0,0,0.1538,0,-1.9,-0.5,0,0,2.0,0
9.629,0.3323,1.0177,0.1183,OLHOS ABERTOS,0.0,0,0.1515,0,-1.8,-0.5,0,0,2.0,0
9.717,0.332,1.017,0.1205,OLHOS ABERTOS,0.0,0,0.1493,0,-2.0,-0.5,0,0,2.0,0
9.813,0.3345,1.0246,0.1216,OLHOS ABERTOS,0.0,0,0.1471,0,-2.0,-0.5,0,0,2.0,0
9.91,0.3325,1.0183,0.1218,OLHOS ABERTOS,0.0,0,0.1449,0,-1.9,-0.6,0,0,2.0,0
10.021,0.3334,1.0212,0.1225,OLHOS ABERTOS,0.0,0,0.1429,0,-1.9,-0.5,0,0,2.0,0
10.118,0.3292,1.0084,0.1295,OLHOS ABERTOS,0.0,0,0.1408,0,-1.9,-0.7,0,0,2.0,0
10.214,0.3326,1.0188,0.1323,OLHOS ABERTOS,0.0,0,0.1389,0,-1.8,-0.6,0,0,2.0,0
10.311,0.3309,1.0136,0.1316,OLHOS ABERTOS,0.0,0,0.137,0,-1.8,-0.8,0,0,2.0,0
10.421,0.3343,1.0241,0.1247,OLHOS ABERTOS,0.0,0,0.1351,0,-1.7,-0.2,0,0,2.0,0
10.518,0.3349,1.0257,0.12,OLHOS ABERTOS,0.0,0,0.1333,0,-1.8,-0.6,0,0,2.0,0
10.613,0.2476,0.7583,0.2485,SEMICERRADO,1.72,0,0.1447,0,-2.7,-1.2,0,0,2.0,0
10.71,0.2524,0.7729,0.2261,SEMICERRADO,3.46,0,0.1558,0,-2.5,-1.3,0,0,2.0,0
10.822,0.2853,0.8739,0.1838,OLHOS ABERTOS,0.67,0,0.1538,0,-2.3,-1.1,0,0,3.0,0
10.918,0.2993,0.9166,0.1575,OLHOS ABERTOS,0.0,0,0.1519,0,-2.2,-1.0,0,0,3.0,0
11.015,0.3114,0.9539,0.1428,OLHOS ABERTOS,0.0,0,0.15,0,-2.2,-0.9,0,0,3.0,0
11.11,0.3139,0.9614,0.1413,OLHOS ABERTOS,0.0,0,0.1481,0,-2.0,-0.9,0,0,3.0,0
11.228,0.3258,0.9979,0.1327,OLHOS ABERTOS,0.0,0,0.1463,0,-1.8,-0.2,0,0,3.0,0
11.321,0.1264,0.3871,0.5954,OLHOS FECHADOS,4.22,0,0.1566,0,-2.2,-0.7,0,0,3.0,0
11.419,0.1297,0.3973,0.5382,OLHOS FECHADOS,8.62,0,0.1667,0,-2.4,-1.2,0,0,3.0,0
11.51,0.2325,0.712,0.2351,SEMICERRADO,10.26,0,0.1765,0,-2.2,-1.3,0,0,3.0,0
11.627,0.2976,0.9114,0.1627,OLHOS ABERTOS,7.33,0,0.1744,0,-2.3,-1.0,0,0,4.0,0
11.718,0.3141,0.962,0.1344,OLHOS ABERTOS,5.06,0,0.1724,0,-2.2,-1.1,0,0,4.0,0
11.813,0.3237,0.9915,0.1319,OLHOS ABERTOS,2.68,0,0.1705,0,-2.3,-0.7,0,0,4.0,0
11.909,0.3293,1.0086,0.1219,OLHOS ABERTOS,0.29,0,0.1685,0,-2.3,-0.7,0,0,4.0,0
12.021,0.3299,1.0104,0.1245,OLHOS ABERTOS,0.0,0,0.1667,0,-2.2,-0.8,0,0,4.0,0
12.118,0.3325,1.0184,0.12,OLHOS ABERTOS,0.0,0,0.1648,0,-2.2,-0.8,0,0,4.0,0
12.213,0.3306,1.0126,0.1245,OLHOS ABERTOS,0.0,0,0.163,0,-2.3,-1.0,0,0,4.0,0
12.312,0.3374,1.0335,0.1187,OLHOS ABERTOS,0.0,0,0.1613,0,-2.3,-1.0,0,0,4.0,0
12.436,0.3345,1.0245,0.1182,OLHOS ABERTOS,0.0,0,0.1596,0,-2.2,-0.9,0,0,4.0,0
12.519,0.3188,0.9763,0.1441,OLHOS ABERTOS,0.0,0,0.1579,0,-2.1,-1.1,0,0,4.0,0
12.615,0.3189,0.9767,0.1481,OLHOS ABERTOS,0.0,0,0.1562,0,-2.0,-1.3,0,0,4.0,0
12.71,0.3202,0.9806,0.1313,OLHOS ABERTOS,0.0,0,0.1546,0,-2.0,-1.3,0,0,4.0,0
12.821,0.3218,0.9855,0.1224,OLHOS ABERTOS,0.0,0,0.1531,0,-1.9,-1.5,0,0,4.0,0
12.924,0.3249,0.9953,0.1151,OLHOS ABERTOS,0.0,0,0.1515,0,-1.9,-1.6,0,0,4.0,0
13.014,0.3241,0.9928,0.1175,OLHOS ABERTOS,0.0,0,0.15,0,-1.9,-1.7,0,0,4.0,0
13.11,0.3221,0.9865,0.1172,OLHOS ABERTOS,0.0,0,0.1485,0,-2.2,-1.9,0,0,4.0,0
13.221,0.3254,0.9967,0.1134,OLHOS ABERTOS,0.0,0,0.1471,0,-2.2,-1.9,0,0,4.0,0
13.317,0.3253,0.9963,0.1118,OLHOS ABERTOS,0.0,0,0.1456,0,-2.1,-1.7,0,0,4.0,0
13.414,0.3224,0.9876,0.1156,OLHOS ABERTOS,0.0,0,0.1442,0,-2.2,-1.8,0,0,4.0,0
13.51,0.3204,0.9814,0.1172,OLHOS ABERTOS,0.0,0,0.1429,0,-2.2,-1.9,0,0,4.0,0
13.621,0.3219,0.9858,0.1172,OLHOS ABERTOS,0.0,0,0.1415,0,-2.2,-1.8,0,0,4.0,0
13.718,0.3211,0.9835,0.1164,OLHOS ABERTOS,0.0,0,0.1402,0,-2.2,-1.9,0,0,4.0,0
13.813,0.3262,0.999,0.1166,OLHOS ABERTOS,0.0,0,0.1389,0,-2.3,-2.0,0,0,4.0,0
13.91,0.3264,0.9999,0.1304,OLHOS ABERTOS,0.0,0,0.1376,0,-2.3,-1.8,0,0,4.0,0
14.022,0.324,0.9924,0.1362,OLHOS ABERTOS,0.0,0,0.1364,0,-2.4,-1.6,0,0,4.0,0
14.117,0.3231,0.9897,0.1388,OLHOS ABERTOS,0.0,0,0.1351,0,-2.2,-1.5,0,0,4.0,0
14.215,0.3217,0.9852,0.1391,OLHOS ABERTOS,0.0,0,0.1339,0,-2.1,-1.3,0,0,4.0,0
14.309,0.3219,0.9858,0.1407,OLHOS ABERTOS,0.0,0,0.1327,0,-2.2,-1.4,0,0,4.0,0
14.421,0.3191,0.9774,0.1415,OLHOS ABERTOS,0.0,0,0.1316,0,-2.1,-1.3,0,0,4.0,0
14.518,0.3199,0.9797,0.1424,OLHOS ABERTOS,0.0,0,0.1304,0,-2.1,-1.3,0,0,4.0,0
14.613,0.3244,0.9937,0.1411,OLHOS ABERTOS,0.0,0,0.1293,0,-2.1,-1.8,0,0,4.0,0
14.711,0.3131,0.9589,0.1558,OLHOS ABERTOS,0.0,0,0.1282,0,-2.2,-2.0,0,0,4.0,0
14.822,0.3024,0.9261,0.1693,OLHOS ABERTOS,0.0,0,0.1271,0,-2.6,-2.7,0,0,4.0,0
14.918,0.2872,0.8796,0.1868,OLHOS ABERTOS,0.0,0,0.1261,0,-2.6,-2.8,0,0,4.0,0
15.014,0.2767,0.8476,0.1989,OLHOS ABERTOS,0.0,0,0.125,0,-2.8,-3.1,0,0,4.0,0
15.11,0.2704,0.8281,0.2131,OLHOS ABERTOS,0.0,0,0.124,0,-2.8,-3.5,0,0,4.0,0
15.221,0.2688,0.8233,0.2185,OLHOS ABERTOS,0.0,0,0.123,0,-3.1,-3.7,0,0,4.0,0
15.317,0.268,0.8209,0.2221,OLHOS ABERTOS,0.0,0,0.122,0,-3.3,-4.1,0,0,4.0,0
15.413,0.2714,0.8314,0.2156,OLHOS ABERTOS,0.0,0,0.121,0,-3.1,-3.6,0,0,4.0,0
15.509,0.2732,0.8369,0.2119,OLHOS ABERTOS,0.0,0,0.12,0,-3.1,-3.5,0,0,4.0,0
15.622,0.2765,0.847,0.2057,OLHOS ABERTOS,0.0,0,0.119,0,-3.2,-3.5,0,0,4.0,0
15.717,0.2789,0.8543,0.2001,OLHOS ABERTOS,0.0,0,0.1181,0,-3.2,-3.4,0,0,4.0,0
15.814,0.2826,0.8655,0.1957,OLHOS ABERTOS,0.0,0,0.1172,0,-3.3,-3.4,0,0,4.0,0
15.909,0.2858,0.8754,0.1942,OLHOS ABERTOS,0.0,0,0.1163,0,-3.2,-3.5,0,0,4.0,0
16.021,0.2914,0.8924,0.1861,OLHOS ABERTOS,0.0,0,0.1154,0,-3.1,-3.3,0,0,4.0,0
16.117,0.2966,0.9085,0.1781,OLHOS ABERTOS,0.0,0,0.1145,0,-3.0,-3.2,0,0,4.0,0
16.212,0.2974,0.9109,0.1748,OLHOS ABERTOS,0.0,0,0.1136,0,-3.0,-3.2,0,0,4.0,0
16.31,0.3021,0.9254,0.1655,OLHOS ABERTOS,0.0,0,0.1128,0,-3.0,-3.1,0,0,4.0,0
16.422,0.2996,0.9177,0.168,OLHOS ABERTOS,0.0,0,0.1119,0,-3.1,-3.0,0,0,4.0,0
16.517,0.3037,0.9303,0.1605,OLHOS ABERTOS,0.0,0,0.1111,0,-3.1,-3.1,0,0,4.0,0
16.613,0.3033,0.9289,0.1621,OLHOS ABERTOS,0.0,0,0.1103,0,-3.1,-3.1,0,0,4.0,0
16.714,0.3054,0.9354,0.1599,OLHOS ABERTOS,0.0,0,0.1095,0,-3.3,-3.1,0,0,4.0,0
16.822,0.3022,0.9257,0.1642,OLHOS ABERTOS,0.0,0,0.1087,0,-3.1,-2.9,0,0,4.0,0
16.917,0.303,0.928,0.1632,OLHOS ABERTOS,0.0,0,0.1079,0,-3.1,-3.0,0,0,4.0,0
17.013,0.3077,0.9426,0.1577,OLHOS ABERTOS,0.0,0,0.1071,0,-3.2,-2.9,0,0,4.0,0
17.11,0.3063,0.9383,0.1607,OLHOS ABERTOS,0.0,0,0.1064,0,-3.3,-2.8,0,0,4.0,0
17.222,0.3029,0.9278,0.1643,OLHOS ABERTOS,0.0,0,0.1056,0,-3.3,-2.9,0,0,4.0,0
17.318,0.3024,0.9262,0.1626,OLHOS ABERTOS,0.0,0,0.1049,0,-3.3,-2.8,0,0,4.0,0
17.412,0.2995,0.9175,0.1676,OLHOS ABERTOS,0.0,0,0.1042,0,-3.4,-3.0,0,0,4.0,0
17.509,0.2926,0.8963,0.1763,OLHOS ABERTOS,0.0,0,0.1034,0,-3.6,-3.2,0,0,4.0,0
17.628,0.2913,0.8924,0.1767,OLHOS ABERTOS,0.0,0,0.1027,0,-3.5,-3.3,0,0,4.0,0
17.718,0.2737,0.8382,0.2053,OLHOS ABERTOS,0.0,0,0.102,0,-3.5,-3.4,0,0,4.0,0
17.821,0.2638,0.8079,0.2211,OLHOS ABERTOS,0.0,0,0.1014,0,-3.6,-3.4,0,0,4.0,0
17.914,0.2609,0.7992,0.2243,OLHOS ABERTOS,0.0,0,0.1007,0,-3.5,-3.8,0,0,4.0,0
18.034,0.2537,0.777,0.2368,SEMICERRADO,2.17,0,0.1067,0,-3.5,-3.6,0,0,4.0,0
18.118,0.2522,0.7724,0.2374,SEMICERRADO,3.67,0,0.1126,0,-3.6,-3.6,0,0,4.0,0
18.216,0.2565,0.7855,0.2283,OLHOS ABERTOS,1.23,0,0.1118,0,-3.5,-3.8,0,0,5.0,0
18.311,0.2589,0.7929,0.2245,OLHOS ABERTOS,0.0,0,0.1111,0,-3.5,-3.9,0,0,5.0,0
18.423,0.2653,0.8127,0.2163,OLHOS ABERTOS,0.0,0,0.1104,0,-3.5,-3.7,0,0,5.0,0
18.519,0.276,0.8455,0.1972,OLHOS ABERTOS,0.0,0,0.1097,0,-3.5,-3.4,0,0,5.0,0
18.628,0.2829,0.8665,0.1852,OLHOS ABERTOS,0.0,0,0.109,0,-3.6,-3.3,0,0,5.0,0
18.711,0.2879,0.8818,0.1774,OLHOS ABERTOS,0.0,0,0.1083,0,-3.6,-3.3,0,0,5.0,0
18.821,0.2953,0.9043,0.1693,OLHOS ABERTOS,0.0,0,0.1076,0,-3.7,-3.3,0,0,5.0,0
18.917,0.3,0.919,0.1632,OLHOS ABERTOS,0.0,0,0.1069,0,-3.7,-3.3,0,0,5.0,0
19.023,0.3015,0.9234,0.1593,OLHOS ABERTOS,0.0,0,0.1062,0,-3.7,-3.2,0,0,5.0,0
19.11,0.2971,0.9099,0.1629,OLHOS ABERTOS,0.0,0,0.1056,0,-3.6,-3.2,0,0,5.0,0
19.222,0.2896,0.8869,0.1726,OLHOS ABERTOS,0.0,0,0.1049,0,-3.7,-3.3,0,0,5.0,0
19.317,0.2845,0.8715,0.1845,OLHOS ABERTOS,0.0,0,0.1043,0,-3.6,-3.4,0,0,5.0,0
19.416,0.2777,0.8506,0.1945,OLHOS ABERTOS,0.0,0,0.1037,0,-3.6,-3.4,0,0,5.0,0
19.511,0.2758,0.8447,0.1969,OLHOS ABERTOS,0.0,0,0.103,0,-3.6,-3.4,0,0,5.0,0
19.623,0.2704,0.8281,0.2011,OLHOS ABERTOS,0.0,0,0.1024,0,-3.7,-3.5,0,0,5.0,0
19.728,0.2684,0.8221,0.2006,OLHOS ABERTOS,0.0,0,0.1018,0,-3.7,-3.4,0,0,5.0,0
19.815,0.265,0.8115,0.207,OLHOS ABERTOS,0.0,0,0.1012,0,-3.6,-3.2,0,0,5.0,0
19.911,0.257,0.7873,0.2118,OLHOS ABERTOS,0.0,0,0.1006,0,-3.6,-3.1,0,0,5.0,0
20.027,0.1951,0.5976,0.3756,SEMICERRADO,2.08,0,0.1059,0,-3.5,-3.0,0,0,5.0,0
20.12,0.2223,0.6808,0.3123,SEMICERRADO,3.75,0,0.1111,0,-3.6,-2.9,0,0,5.0,0
20.22,0.2601,0.7967,0.2343,OLHOS ABERTOS,1.25,0,0.1105,0,-3.7,-2.6,0,0,6.0,0
20.31,0.2703,0.8278,0.2077,OLHOS ABERTOS,0.0,0,0.1098,0,-3.5,-2.5,0,0,6.0,0
20.423,0.2823,0.8648,0.1868,OLHOS ABERTOS,0.0,0,0.1092,0,-3.5,-2.5,0,0,6.0,0
20.519,0.2898,0.8877,0.1736,OLHOS ABERTOS,0.0,0,0.1086,0,-3.5,-2.4,0,0,6.0,0
20.628,0.2937,0.8996,0.1696,OLHOS ABERTOS,0.0,0,0.108,0,-3.5,-2.3,0,0,6.0,0
20.711,0.2951,0.9039,0.1713,OLHOS ABERTOS,0.0,0,0.1073,0,-3.4,-2.2,0,0,6.0,0
20.821,0.3013,0.9228,0.1655,OLHOS ABERTOS,0.0,0,0.1067,0,-3.4,-2.2,0,0,6.0,0
20.919,0.3034,0.9293,0.1629,OLHOS ABERTOS,0.0,0,0.1061,0,-3.5,-2.3,0,0,6.0,0
21.02,0.3037,0.9302,0.1614,OLHOS ABERTOS,0.0,0,0.1056,0,-3.5,-2.3,0,0,6.0,0
21.11,0.3109,0.9524,0.159,OLHOS ABERTOS,0.0,0,0.105,0,-3.5,-2.3,0,0,6.0,0
21.221,0.3055,0.9357,0.1604,OLHOS ABERTOS,0.0,0,0.1044,0,-3.7,-2.4,0,0,6.0,0
21.317,0.1307,0.4003,0.545,OLHOS FECHADOS,4.32,0,0.1093,0,-4.0,-2.9,0,0,6.0,0
21.419,0.2097,0.6424,0.2783,SEMICERRADO,6.15,0,0.1141,0,-3.7,-2.6,0,0,6.0,0
21.51,0.2692,0.8246,0.1791,OLHOS ABERTOS,3.86,0,0.1135,0,-3.6,-2.6,0,0,7.0,0
21.622,0.2987,0.915,0.1474,OLHOS ABERTOS,1.06,0,0.1129,0,-3.5,-2.4,0,0,7.0,0
21.719,0.3133,0.9597,0.1435,OLHOS ABERTOS,0.0,0,0.1123,0,-3.6,-2.3,0,0,7.0,0
21.815,0.318,0.974,0.1395,OLHOS ABERTOS,0.0,0,0.1117,0,-3.6,-2.3,0,0,7.0,0
21.913,0.3201,0.9803,0.1371,OLHOS ABERTOS,0.0,0,0.1111,0,-3.5,-2.3,0,0,7.0,0
22.026,0.3265,1.0,0.1334,OLHOS ABERTOS,0.0,0,0.1105,0,-3.5,-2.4,0,0,7.0,0
22.13,0.3269,1.0012,0.135,OLHOS ABERTOS,0.0,0,0.1099,0,-3.3,-2.2,0,0,7.0,0
22.216,0.3292,1.0082,0.1341,OLHOS ABERTOS,0.0,0,0.1094,0,-3.4,-2.2,0,0,7.0,0
22.326,0.3308,1.0133,0.134,OLHOS ABERTOS,0.0,0,0.1088,0,-3.3,-2.0,0,0,7.0,0
22.421,0.3301,1.011,0.1317,OLHOS ABERTOS,0.0,0,0.1082,0,-3.2,-2.1,0,0,7.0,0
22.518,0.3309,1.0137,0.1309,OLHOS ABERTOS,0.0,0,0.1077,0,-3.3,-1.9,0,0,7.0,0
22.613,0.3305,1.0123,0.1304,OLHOS ABERTOS,0.0,0,0.1071,0,-3.2,-2.0,0,0,7.0,0
22.727,0.3303,1.0116,0.1305,OLHOS ABERTOS,0.0,0,0.1066,0,-3.2,-1.9,0,0,7.0,0
22.821,0.3328,1.0193,0.1267,OLHOS ABERTOS,0.0,0,0.1061,0,-3.3,-1.8,0,0,7.0,0
22.918,0.3284,1.0059,0.1366,OLHOS ABERTOS,0.0,0,0.1055,0,-3.2,-1.9,0,0,7.0,0
23.014,0.3282,1.0054,0.1346,OLHOS ABERTOS,0.0,0,0.105,0,-3.3,-2.1,0,0,7.0,0
23.126,0.3267,1.0008,0.1331,OLHOS ABERTOS,0.0,0,0.1045,0,-3.5,-2.2,0,0,7.0,0
23.222,0.3097,0.9486,0.1391,OLHOS ABERTOS,0.0,0,0.104,0,-3.4,-2.4,0,0,7.0,0
23.32,0.2996,0.9178,0.1511,OLHOS ABERTOS,0.0,0,0.1034,0,-3.5,-2.5,0,0,7.0,0
23.413,0.2907,0.8904,0.1667,OLHOS ABERTOS,0.0,0,0.1029,0,-3.4,-2.8,0,0,7.0,0
23.526,0.293,0.8975,0.1676,OLHOS ABERTOS,0.0,0,0.1024,0,-3.4,-3.0,0,0,7.0,0
23.621,0.2852,0.8734,0.1737,OLHOS ABERTOS,0.0,0,0.1019,0,-3.4,-2.9,0,0,7.0,0
23.717,0.2866,0.8778,0.171,OLHOS ABERTOS,0.0,0,0.1014,0,-3.2,-2.7,0,0,7.0,0
23.814,0.2826,0.8655,0.1772,OLHOS ABERTOS,0.0,0,0.101,0,-3.3,-2.6,0,0,7.0,0
23.925,0.2811,0.8609,0.1826,OLHOS ABERTOS,0.0,0,0.1005,0,-3.3,-2.8,0,0,7.0,0
24.022,0.2785,0.853,0.1837,OLHOS ABERTOS,0.0,0,0.1,0,-3.3,-2.8,0,0,7.0,0
24.117,0.1749,0.5357,0.4878,OLHOS FECHADOS,4.31,0,0.1043,0,-3.9,-2.8,0,0,7.0,0
24.214,0.0975,0.2987,0.6533,OLHOS FECHADOS,8.67,0,0.1085,0,-3.5,-2.8,0,0,7.0,0
24.326,0.074,0.2267,0.6834,OLHOS FECHADOS,13.71,0,0.1127,0,-3.4,-2.8,0,0,7.0,0
24.421,0.0615,0.1883,0.6895,OLHOS FECHADOS,17.98,0,0.1168,0,-3.1,-2.9,0,0,7.0,0
24.517,0.0617,0.189,0.6829,OLHOS FECHADOS,22.31,0,0.1209,0,-3.5,-2.9,0,0,7.0,0
24.615,0.061,0.1868,0.6824,OLHOS FECHADOS,26.69,0,0.125,0,-3.3,-2.8,0,0,7.0,0
24.727,0.0634,0.194,0.6745,OLHOS FECHADOS,31.74,1,0.129,0,-3.2,-2.6,0,0,7.0,0
24.822,0.0634,0.194,0.6763,OLHOS FECHADOS,36.01,1,0.133,0,-3.2,-2.6,0,0,7.0,0
24.918,0.064,0.1962,0.6725,OLHOS FECHADOS,40.34,1,0.137,0,-3.3,-2.7,0,0,7.0,0
25.014,0.0641,0.1964,0.6708,OLHOS FECHADOS,44.68,1,0.1409,0,-3.4,-2.6,0,0,7.0,0
25.127,0.0598,0.1833,0.6764,OLHOS FECHADOS,49.74,1,0.1448,0,-3.4,-2.8,0,0,7.0,0
25.227,0.0599,0.1834,0.6749,OLHOS FECHADOS,54.22,1,0.1486,0,-3.3,-2.9,0,0,7.0,0
25.325,0.0596,0.1826,0.6745,OLHOS FECHADOS,58.66,1,0.1525,0,-3.2,-2.7,0,0,7.0,0
25.417,0.0609,0.1866,0.6722,OLHOS FECHADOS,62.79,2,0.1562,0,-3.2,-2.6,0,0,7.0,0
25.526,0.0603,0.1848,0.6764,OLHOS FECHADOS,67.69,2,0.16,0,-3.5,-2.8,0,0,7.0,0
25.623,0.0625,0.1916,0.6722,OLHOS FECHADOS,72.07,2,0.1637,0,-3.3,-2.5,0,0,7.0,0
25.719,0.0616,0.1887,0.6727,OLHOS FECHADOS,76.41,2,0.1674,0,-3.3,-2.5,0,0,7.0,0
25.815,0.0622,0.1905,0.671,OLHOS FECHADOS,80.69,2,0.1711,0,-3.2,-2.3,0,0,7.0,0
25.926,0.0557,0.1707,0.6753,OLHOS FECHADOS,85.69,3,0.1747,0,-3.3,-2.7,0,0,7.0,0
26.025,0.06,0.1838,0.6669,OLHOS FECHADOS,90.14,3,0.1783,0,-3.4,-2.7,0,0,7.0,0
26.118,0.0596,0.1827,0.6745,OLHOS FECHADOS,94.36,3,0.1818,0,-3.2,-2.7,0,1,7.0,0
26.216,0.0618,0.1892,0.6664,OLHOS FECHADOS,98.74,3,0.1853,0,-3.3,-2.7,0,1,7.0,0
26.327,0.0612,0.1873,0.6708,OLHOS FECHADOS,100.0,3,0.1888,0,-3.2,-2.6,0,1,7.0,0
26.423,0.0612,0.1876,0.6716,OLHOS FECHADOS,100.0,3,0.1923,0,-3.2,-2.6,0,1,7.0,0
26.519,0.0592,0.1812,0.6711,OLHOS FECHADOS,100.0,3,0.1957,0,-3.2,-2.7,0,1,7.0,0
26.614,0.0603,0.1848,0.6689,OLHOS FECHADOS,100.0,3,0.1992,0,-3.2,-2.5,0,1,7.0,0
26.726,0.0604,0.185,0.6659,OLHOS FECHADOS,100.0,3,0.2025,0,-3.2,-2.5,0,1,7.0,0
26.823,0.063,0.1929,0.6664,OLHOS FECHADOS,100.0,3,0.2059,0,-3.3,-2.6,0,1,7.0,0
26.925,0.0602,0.1843,0.6713,OLHOS FECHADOS,100.0,3,0.2092,0,-3.3,-2.7,0,1,7.0,0
27.027,0.0612,0.1876,0.6741,OLHOS FECHADOS,100.0,3,0.2125,0,-3.2,-2.7,0,1,7.0,0
27.14,0.0607,0.186,0.6729,OLHOS FECHADOS,100.0,3,0.2158,0,-3.3,-2.7,0,1,7.0,0
27.229,0.0623,0.1909,0.681,OLHOS FECHADOS,100.0,3,0.219,0,-3.5,-3.1,0,1,7.0,0
27.318,0.062,0.1898,0.6736,OLHOS FECHADOS,100.0,3,0.2222,0,-3.4,-2.8,0,1,7.0,0
27.422,0.0607,0.186,0.6787,OLHOS FECHADOS,100.0,3,0.2254,0,-3.5,-2.8,0,1,7.0,0
27.526,0.0633,0.1938,0.675,OLHOS FECHADOS,100.0,3,0.2286,0,-3.5,-2.8,0,1,7.0,0
27.637,0.0639,0.1957,0.6705,OLHOS FECHADOS,100.0,3,0.2317,0,-3.5,-2.7,0,1,7.0,0
27.73,0.0612,0.1875,0.6698,OLHOS FECHADOS,100.0,3,0.2348,0,-3.4,-2.5,0,1,7.0,0
27.816,0.0599,0.1836,0.6772,OLHOS FECHADOS,100.0,3,0.2379,0,-3.6,-2.8,0,1,7.0,0
27.925,0.0647,0.1982,0.6667,OLHOS FECHADOS,100.0,3,0.241,0,-3.7,-3.5,0,1,7.0,0
28.021,0.0651,0.1993,0.6727,OLHOS FECHADOS,100.0,3,0.244,0,-3.7,-3.7,0,1,7.0,0
28.118,0.0634,0.1941,0.6803,OLHOS FECHADOS,100.0,3,0.247,0,-3.7,-3.9,0,1,7.0,0
28.214,0.0638,0.1955,0.6781,OLHOS FECHADOS,100.0,3,0.25,0,-4.0,-3.9,0,1,7.0,0
28.326,0.0619,0.1895,0.6878,OLHOS FECHADOS,100.0,3,0.253,0,-4.2,-4.1,0,1,7.0,0
28.43,0.0658,0.2016,0.6876,OLHOS FECHADOS,100.0,3,0.2559,0,-4.1,-4.2,0,1,7.0,0
28.517,0.0609,0.1866,0.689,OLHOS FECHADOS,100.0,3,0.2588,0,-3.9,-3.8,0,1,7.0,0
28.615,0.0619,0.1897,0.6964,OLHOS FECHADOS,100.0,3,0.2617,0,-3.9,-3.9,0,1,7.0,0
28.726,0.0632,0.1936,0.696,OLHOS FECHADOS,100.0,3,0.2646,0,-4.0,-3.9,0,1,7.0,0
28.82,0.0516,0.1579,0.6985,OLHOS FECHADOS,100.0,3,0.2674,0,-3.6,-3.6,0,1,7.0,0
28.925,0.0625,0.1913,0.6758,OLHOS FECHADOS,100.0,3,0.2703,0,-3.6,-3.5,0,1,7.0,0
29.014,0.0672,0.2059,0.6687,OLHOS FECHADOS,100.0,3,0.2731,0,-3.7,-3.6,0,1,7.0,0
29.126,0.0561,0.1719,0.6971,OLHOS FECHADOS,100.0,3,0.2759,0,-3.8,-3.8,0,1,7.0,0
29.223,0.0658,0.2016,0.6699,OLHOS FECHADOS,100.0,3,0.2786,0,-3.9,-3.6,0,1,7.0,0
29.316,0.0701,0.2146,0.6631,OLHOS FECHADOS,100.0,3,0.2814,0,-3.8,-3.8,0,1,7.0,0
29.413,0.0712,0.2181,0.6549,OLHOS FECHADOS,100.0,3,0.2841,0,-3.9,-3.7,0,1,7.0,0
29.526,0.0707,0.2164,0.6567,OLHOS FECHADOS,100.0,3,0.2868,0,-4.0,-3.8,0,1,7.0,0
29.621,0.0709,0.2172,0.6561,OLHOS FECHADOS,100.0,3,0.2895,0,-3.9,-3.7,0,1,7.0,0
29.717,0.0661,0.2024,0.6614,OLHOS FECHADOS,100.0,3,0.2921,0,-4.1,-3.8,0,1,7.0,0
29.813,0.0688,0.2109,0.6627,OLHOS FECHADOS,100.0,3,0.2948,0,-4.1,-3.7,0,1,7.0,0
29.925,0.0687,0.2104,0.6665,OLHOS FECHADOS,100.0,3,0.2974,0,-4.3,-4.0,0,1,7.0,0
30.022,0.0684,0.2096,0.6682,OLHOS FECHADOS,100.0,3,0.3,0,-4.2,-4.0,0,1,7.0,0
30.117,0.07,0.2144,0.6666,OLHOS FECHADOS,100.0,3,0.3026,0,-4.3,-3.9,0,1,7.0,0
30.214,0.0677,0.2074,0.6754,OLHOS FECHADOS,100.0,3,0.3051,0,-4.2,-4.1,0,1,7.0,0
30.326,0.0683,0.2091,0.6719,OLHOS FECHADOS,100.0,3,0.3077,0,-4.2,-3.9,0,1,7.0,0
30.422,0.0649,0.1989,0.6805,OLHOS FECHADOS,100.0,3,0.3102,0,-4.3,-4.2,0,1,7.0,0
30.516,0.0662,0.2027,0.6805,OLHOS FECHADOS,100.0,3,0.3127,0,-4.3,-4.1,0,1,7.0,0
30.618,0.0664,0.2034,0.683,OLHOS FECHADOS,100.0,3,0.3152,0,-4.3,-4.3,0,1,7.0,0
30.725,0.0664,0.2034,0.6834,OLHOS FECHADOS,100.0,3,0.3177,0,-4.2,-4.2,0,1,7.0,0
30.821,0.0686,0.2102,0.6748,OLHOS FECHADOS,100.0,3,0.3201,0,-4.0,-4.2,0,1,7.0,0
30.918,0.0721,0.2208,0.6672,OLHOS FECHADOS,100.0,3,0.3226,0,-4.0,-4.1,0,1,7.0,0
31.013,0.0667,0.2043,0.673,OLHOS FECHADOS,100.0,3,0.325,0,-3.9,-3.8,0,1,7.0,0
31.125,0.0677,0.2073,0.6705,OLHOS FECHADOS,100.0,3,0.3274,0,-3.7,-3.6,0,1,7.0,0
31.221,0.0684,0.2096,0.666,OLHOS FECHADOS,100.0,3,0.3298,0,-3.9,-3.6,0,1,7.0,0
31.317,0.0692,0.212,0.6718,OLHOS FECHADOS,100.0,3,0.3322,0,-3.9,-3.6,0,1,7.0,0
31.412,0.0691,0.2117,0.6708,OLHOS FECHADOS,100.0,3,0.3345,0,-4.1,-3.7,0,1,7.0,0
31.526,0.0697,0.2135,0.6758,OLHOS FECHADOS,100.0,3,0.3368,0,-3.9,-3.6,0,1,7.0,0
31.622,0.0695,0.2129,0.6783,OLHOS FECHADOS,100.0,3,0.3392,0,-4.0,-3.7,0,1,7.0,0
31.717,0.069,0.2114,0.6745,OLHOS FECHADOS,100.0,3,0.3415,0,-4.0,-3.5,0,1,7.0,0
31.814,0.0696,0.2133,0.669,OLHOS FECHADOS,100.0,3,0.3438,0,-3.9,-3.4,0,1,7.0,0
31.926,0.0704,0.2156,0.6666,OLHOS FECHADOS,100.0,3,0.346,0,-4.1,-3.8,0,1,7.0,0
32.021,0.0786,0.2407,0.669,OLHOS FECHADOS,100.0,3,0.3483,0,-4.1,-3.7,0,1,7.0,0
32.118,0.0761,0.233,0.6676,OLHOS FECHADOS,100.0,3,0.3505,0,-4.2,-3.8,0,1,7.0,0
32.212,0.0762,0.2334,0.6689,OLHOS FECHADOS,100.0,3,0.3527,0,-4.2,-3.8,0,1,7.0,0
32.325,0.0759,0.2323,0.6662,OLHOS FECHADOS,100.0,3,0.3549,0,-4.2,-3.7,0,1,7.0,0
32.421,0.0753,0.2306,0.671,OLHOS FECHADOS,100.0,3,0.3571,0,-4.2,-4.0,0,1,7.0,0
32.517,0.0761,0.2332,0.6673,OLHOS FECHADOS,100.0,3,0.3593,0,-4.1,-3.9,0,1,7.0,0
32.614,0.0786,0.2407,0.6649,OLHOS FECHADOS,100.0,3,0.3615,0,-4.3,-4.2,0,1,7.0,0
32.725,0.0805,0.2465,0.6652,OLHOS FECHADOS,100.0,3,0.3636,0,-4.3,-4.3,0,1,7.0,0
32.821,0.0805,0.2467,0.6615,OLHOS FECHADOS,100.0,3,0.3658,0,-4.2,-4.2,0,1,7.0,0
32.917,0.0767,0.2349,0.6621,OLHOS FECHADOS,100.0,3,0.3679,0,-4.2,-4.1,0,1,7.0,0
33.013,0.0771,0.2362,0.6573,OLHOS FECHADOS,100.0,3,0.37,0,-4.2,-3.7,0,1,7.0,0
33.125,0.0767,0.2349,0.6573,OLHOS FECHADOS,100.0,3,0.3721,0,-4.2,-3.7,0,1,7.0,0
33.22,0.0782,0.2396,0.6548,OLHOS FECHADOS,100.0,3,0.3742,0,-4.3,-3.7,0,1,7.0,0
33.316,0.083,0.2542,0.6481,OLHOS FECHADOS,100.0,3,0.3762,0,-4.4,-3.7,0,1,7.0,0
33.413,0.0862,0.264,0.6428,OLHOS FECHADOS,100.0,3,0.3783,0,-4.4,-3.7,0,1,7.0,0
33.525,0.0761,0.2332,0.6567,OLHOS FECHADOS,100.0,3,0.3803,0,-4.4,-3.7,0,1,7.0,0
33.621,0.0789,0.2416,0.653,OLHOS FECHADOS,100.0,3,0.3824,0,-4.3,-3.9,0,1,7.0,0
33.716,0.0789,0.2418,0.656,OLHOS FECHADOS,100.0,3,0.3844,0,-4.3,-4.0,0,1,7.0,0
33.813,0.0791,0.2423,0.6561,OLHOS FECHADOS,100.0,3,0.3864,0,-4.3,-3.9,0,1,7.0,0
33.925,0.0802,0.2457,0.6568,OLHOS FECHADOS,100.0,3,0.3883,0,-4.2,-4.0,0,1,7.0,0
34.021,0.0777,0.2381,0.6658,OLHOS FECHADOS,100.0,3,0.3903,0,-4.3,-4.4,0,1,7.0,0
34.117,0.085,0.2602,0.6664,OLHOS FECHADOS,100.0,3,0.3923,0,-4.8,-4.3,0,1,7.0,0
34.214,0.0848,0.2597,0.6623,OLHOS FECHADOS,100.0,3,0.3942,0,-4.7,-4.5,0,1,7.0,0
34.325,0.0879,0.2693,0.6493,OLHOS FECHADOS,100.0,3,0.3962,0,-4.4,-3.9,0,1,7.0,0
34.421,0.086,0.2633,0.6482,OLHOS FECHADOS,100.0,3,0.3981,0,-4.4,-4.0,0,1,7.0,0
34.516,0.0877,0.2685,0.6443,OLHOS FECHADOS,100.0,3,0.4,0,-4.3,-4.0,0,1,7.0,0
34.613,0.088,0.2694,0.6481,OLHOS FECHADOS,100.0,3,0.4019,0,-4.4,-4.3,0,1,7.0,0
34.725,0.0862,0.264,0.6483,OLHOS FECHADOS,100.0,3,0.4038,0,-4.4,-4.4,0,1,7.0,0
34.821,0.09,0.2758,0.6498,OLHOS FECHADOS,100.0,3,0.4057,0,-4.6,-4.5,0,1,7.0,0
34.916,0.0841,0.2577,0.6594,OLHOS FECHADOS,100.0,3,0.4075,0,-4.7,-4.6,0,1,7.0,0
35.014,0.0826,0.2529,0.6622,OLHOS FECHADOS,100.0,3,0.4094,0,-4.7,-4.6,0,1,7.0,0
35.125,0.0831,0.2546,0.6542,OLHOS FECHADOS,100.0,3,0.4112,0,-4.7,-4.7,0,1,7.0,0
35.22,0.0844,0.2585,0.6626,OLHOS FECHADOS,100.0,3,0.413,0,-4.8,-4.6,0,1,7.0,0
35.317,0.0835,0.2556,0.6416,OLHOS FECHADOS,100.0,3,0.4149,0,-5.0,-4.8,0,1,7.0,0
35.413,0.099,0.3034,0.6091,OLHOS FECHADOS,100.0,3,0.4167,0,-5.1,-4.7,0,1,7.0,0
35.525,0.095,0.2911,0.6272,OLHOS FECHADOS,100.0,3,0.4185,0,-5.2,-4.9,0,1,7.0,0
35.621,0.0899,0.2754,0.6209,OLHOS FECHADOS,100.0,3,0.4202,0,-5.4,-5.4,0,1,7.0,0
35.716,0.0971,0.2973,0.6126,OLHOS FECHADOS,100.0,3,0.422,0,-5.5,-5.5,0,1,7.0,0
35.82,0.098,0.3002,0.616,OLHOS FECHADOS,100.0,3,0.4238,0,-5.5,-5.5,0,1,7.0,0
35.928,0.0962,0.2947,0.6252,OLHOS FECHADOS,100.0,3,0.4255,0,-5.4,-5.6,0,1,7.0,0
36.023,0.0934,0.2861,0.6266,OLHOS FECHADOS,100.0,3,0.4273,0,-5.4,-5.5,0,1,7.0,0
36.118,0.0939,0.2875,0.6252,OLHOS FECHADOS,100.0,3,0.429,0,-5.4,-5.3,0,1,7.0,0
36.218,0.0971,0.2973,0.6226,OLHOS FECHADOS,100.0,3,0.4307,0,-5.5,-5.2,0,1,7.0,0
36.325,0.0922,0.2825,0.636,OLHOS FECHADOS,100.0,3,0.4324,0,-5.3,-4.9,0,1,7.0,0
36.431,0.0912,0.2793,0.641,OLHOS FECHADOS,100.0,3,0.4341,0,-5.4,-4.9,0,1,7.0,0
36.517,0.0895,0.2742,0.6404,OLHOS FECHADOS,100.0,3,0.4358,0,-5.3,-4.9,0,1,7.0,0
36.614,0.0845,0.2589,0.6478,OLHOS FECHADOS,100.0,3,0.4375,0,-5.3,-5.0,0,1,7.0,0
36.725,0.0831,0.2545,0.6525,OLHOS FECHADOS,100.0,3,0.4392,0,-5.1,-5.2,0,1,7.0,0
36.821,0.0842,0.2578,0.6528,OLHOS FECHADOS,100.0,3,0.4408,0,-5.2,-5.1,0,1,7.0,0
36.918,0.0905,0.2773,0.6497,OLHOS FECHADOS,100.0,3,0.4425,0,-5.2,-4.8,0,1,7.0,0
37.012,0.0917,0.281,0.6471,OLHOS FECHADOS,100.0,3,0.4441,0,-5.2,-4.9,0,1,7.0,0
37.125,0.0954,0.2921,0.6406,OLHOS FECHADOS,100.0,3,0.4457,0,-5.2,-4.7,0,1,7.0,0
37.226,0.093,0.2849,0.6453,OLHOS FECHADOS,100.0,3,0.4474,0,-5.2,-4.7,0,1,7.0,0
37.318,0.094,0.2879,0.6404,OLHOS FECHADOS,100.0,3,0.449,0,-5.2,-4.7,0,1,7.0,0
37.413,0.0947,0.2902,0.6354,OLHOS FECHADOS,100.0,3,0.4506,0,-5.2,-4.6,0,1,7.0,0
37.527,0.0936,0.2866,0.6383,OLHOS FECHADOS,100.0,3,0.4522,0,-5.4,-4.8,0,1,7.0,0
37.621,0.0924,0.283,0.6358,OLHOS FECHADOS,100.0,3,0.4538,0,-5.4,-4.8,0,1,7.0,0
37.719,0.086,0.2634,0.6525,OLHOS FECHADOS,100.0,3,0.4553,0,-5.3,-4.7,0,1,7.0,0
37.827,0.0877,0.2686,0.6456,OLHOS FECHADOS,100.0,3,0.4569,0,-5.3,-4.7,0,1,7.0,0
37.926,0.0881,0.2699,0.6437,OLHOS FECHADOS,100.0,3,0.4585,0,-5.4,-4.5,0,1,7.0,0
38.022,0.0874,0.2676,0.6464,OLHOS FECHADOS,100.0,3,0.46,0,-5.3,-4.7,0,1,7.0,0
38.116,0.0872,0.2671,0.6474,OLHOS FECHADOS,100.0,3,0.4615,0,-5.4,-4.8,0,1,7.0,0
38.213,0.0913,0.2796,0.6476,OLHOS FECHADOS,100.0,3,0.4631,0,-5.5,-4.8,0,1,7.0,0
38.325,0.0921,0.282,0.6255,OLHOS FECHADOS,100.0,3,0.4646,0,-5.4,-4.9,0,1,7.0,0
38.42,0.0933,0.2858,0.627,OLHOS FECHADOS,100.0,3,0.4661,0,-5.4,-5.0,0,1,7.0,0
38.523,0.0962,0.2947,0.6264,OLHOS FECHADOS,100.0,3,0.4676,0,-5.4,-5.0,0,1,7.0,0
38.613,0.0956,0.2928,0.6271,OLHOS FECHADOS,100.0,3,0.4691,0,-5.4,-5.0,0,1,7.0,0
38.725,0.0907,0.2777,0.6338,OLHOS FECHADOS,100.0,3,0.4706,0,-5.4,-4.9,0,1,7.0,0
38.821,0.0865,0.265,0.6413,OLHOS FECHADOS,100.0,3,0.4721,0,-5.4,-5.0,0,1,7.0,0
38.916,0.0839,0.257,0.6487,OLHOS FECHADOS,100.0,3,0.4735,0,-5.2,-5.0,0,1,7.0,0
39.013,0.0883,0.2703,0.6437,OLHOS FECHADOS,100.0,3,0.475,0,-5.3,-5.1,0,1,7.0,0
39.124,0.0898,0.2751,0.6396,OLHOS FECHADOS,100.0,3,0.4765,0,-5.2,-5.0,0,1,7.0,0
39.221,0.0885,0.2712,0.6404,OLHOS FECHADOS,100.0,3,0.4779,0,-5.2,-5.0,0,1,7.0,0
39.316,0.089,0.2725,0.6432,OLHOS FECHADOS,100.0,3,0.4793,0,-5.1,-4.9,0,1,7.0,0
39.413,0.0894,0.2737,0.6447,OLHOS FECHADOS,100.0,3,0.4808,0,-5.2,-4.7,0,1,7.0,0
39.525,0.0905,0.2772,0.6443,OLHOS FECHADOS,100.0,3,0.4822,0,-5.1,-5.1,0,1,7.0,0
39.622,0.0893,0.2734,0.6484,OLHOS FECHADOS,100.0,3,0.4836,0,-5.2,-4.9,0,1,7.0,0
39.718,0.0931,0.2852,0.6342,OLHOS FECHADOS,100.0,3,0.485,0,-5.3,-5.0,0,1,7.0,0
39.813,0.0936,0.2867,0.6321,OLHOS FECHADOS,100.0,3,0.4864,0,-5.3,-5.0,0,1,7.0,0
39.925,0.0943,0.2887,0.6309,OLHOS FECHADOS,100.0,3,0.4878,0,-5.2,-5.0,0,1,7.0,0
40.021,0.0964,0.2953,0.6303,OLHOS FECHADOS,100.0,3,0.4892,0,-5.2,-4.9,0,1,7.0,0
40.116,0.0956,0.2928,0.6323,OLHOS FECHADOS,100.0,3,0.4906,0,-5.2,-4.9,0,1,7.0,0
40.213,0.0887,0.2716,0.639,OLHOS FECHADOS,100.0,3,0.4919,0,-5.3,-5.1,0,1,7.0,0
40.325,0.087,0.2663,0.6425,OLHOS FECHADOS,100.0,3,0.4933,0,-5.3,-5.1,0,1,7.0,0
40.422,0.0902,0.2762,0.6371,OLHOS FECHADOS,100.0,3,0.4947,0,-5.2,-5.0,0,1,7.0,0
40.517,0.0923,0.2827,0.6369,OLHOS FECHADOS,100.0,3,0.496,0,-5.2,-5.1,0,1,7.0,0
40.614,0.0903,0.2766,0.6477,OLHOS FECHADOS,100.0,3,0.4973,0,-5.2,-5.0,0,1,7.0,0
40.726,0.0937,0.287,0.6414,OLHOS FECHADOS,100.0,3,0.4987,0,-5.2,-5.0,0,1,7.0,0
40.821,0.0918,0.2811,0.6419,OLHOS FECHADOS,100.0,3,0.5,0,-5.1,-5.3,0,1,7.0,0
40.916,0.0908,0.2781,0.6359,OLHOS FECHADOS,100.0,3,0.5013,0,-5.1,-4.9,0,1,7.0,0
41.013,0.0893,0.2737,0.6329,OLHOS FECHADOS,100.0,3,0.5026,0,-5.0,-4.7,0,1,7.0,0
41.127,0.0885,0.2711,0.6372,OLHOS FECHADOS,100.0,3,0.5039,0,-5.1,-4.8,0,1,7.0,0
41.222,0.0878,0.2691,0.6382,OLHOS FECHADOS,100.0,3,0.5052,0,-5.2,-4.8,0,1,7.0,0
41.318,0.0925,0.2834,0.635,OLHOS FECHADOS,100.0,3,0.5065,0,-5.2,-4.6,0,1,7.0,0
41.416,0.0946,0.2898,0.6286,OLHOS FECHADOS,100.0,3,0.5078,0,-5.0,-4.5,0,1,7.0,0
41.529,0.0912,0.2795,0.6352,OLHOS FECHADOS,100.0,3,0.5091,0,-5.2,-4.6,0,1,7.0,0
41.624,0.0933,0.2856,0.6264,OLHOS FECHADOS,100.0,3,0.5104,0,-5.1,-4.5,0,1,7.0,0
41.718,0.0965,0.2955,0.6213,OLHOS FECHADOS,100.0,3,0.5116,0,-5.1,-4.8,0,1,7.0,0
41.813,0.0955,0.2925,0.6249,OLHOS FECHADOS,100.0,3,0.5129,0,-5.4,-4.9,0,1,7.0,0
41.926,0.0967,0.2963,0.6269,OLHOS FECHADOS,100.0,3,0.5141,0,-5.3,-4.9,0,1,7.0,0
42.021,0.0944,0.2893,0.6312,OLHOS FECHADOS,100.0,3,0.5154,0,-5.3,-4.9,0,1,7.0,0
42.118,0.0908,0.2782,0.6382,OLHOS FECHADOS,100.0,3,0.5166,0,-5.3,-4.9,0,1,7.0,0
42.214,0.083,0.2542,0.6486,OLHOS FECHADOS,100.0,3,0.5179,0,-5.2,-5.0,0,1,7.0,0
42.325,0.0851,0.2607,0.6501,OLHOS FECHADOS,100.0,3,0.5191,0,-5.1,-4.9,0,1,7.0,0
42.421,0.0849,0.2601,0.6484,OLHOS FECHADOS,100.0,3,0.5203,0,-4.8,-4.8,0,1,7.0,0
42.529,0.0804,0.2463,0.6563,OLHOS FECHADOS,100.0,3,0.5215,0,-4.7,-4.9,0,1,7.0,0
42.613,0.0775,0.2372,0.658,OLHOS FECHADOS,100.0,3,0.5227,0,-4.7,-4.9,0,1,7.0,0
42.725,0.0805,0.2467,0.6578,OLHOS FECHADOS,100.0,3,0.5239,0,-4.9,-4.9,0,1,7.0,0
42.821,0.0786,0.2406,0.6578,OLHOS FECHADOS,100.0,3,0.5251,0,-5.1,-5.1,0,1,7.0,0
42.917,0.106,0.3246,0.604,OLHOS FECHADOS,100.0,3,0.5263,0,-5.1,-5.1,0,1,7.0,0
43.014,0.1831,0.5608,0.3804,SEMICERRADO,100.0,3,0.5275,0,-5.2,-5.2,0,1,7.0,0
43.125,0.27,0.8271,0.2006,OLHOS ABERTOS,97.23,3,0.5262,0,-5.0,-4.8,0,1,7.0,0
43.223,0.3099,0.9492,0.153,OLHOS ABERTOS,94.77,3,0.5249,0,-5.0,-4.8,0,1,7.0,0
43.316,0.3207,0.9823,0.1457,OLHOS ABERTOS,92.45,3,0.5236,0,-5.1,-4.9,0,1,7.0,0
43.413,0.324,0.9924,0.1421,OLHOS ABERTOS,90.04,3,0.5223,0,-5.2,-4.8,0,1,7.0,0
43.526,0.3237,0.9914,0.1464,OLHOS ABERTOS,87.19,3,0.521,0,-5.0,-4.7,0,1,7.0,0
43.621,0.3258,0.998,0.1456,OLHOS ABERTOS,84.83,2,0.5197,0,-5.0,-4.5,0,1,7.0,0
43.718,0.3289,1.0074,0.1413,OLHOS ABERTOS,82.39,2,0.5184,0,-5.0,-4.5,0,1,7.0,0
43.814,0.3299,1.0104,0.1385,OLHOS ABERTOS,79.99,2,0.5172,0,-5.0,-4.4,0,1,7.0,0
43.936,0.3293,1.0087,0.1331,OLHOS ABERTOS,76.95,2,0.5159,0,-5.0,-4.6,0,1,7.0,0
44.022,0.3217,0.9855,0.1381,OLHOS ABERTOS,74.8,2,0.5146,0,-5.0,-4.3,0,1,7.0,0
44.119,0.32,0.98,0.1382,OLHOS ABERTOS,72.37,2,0.5134,0,-4.9,-4.5,0,1,7.0,0
44.213,0.3188,0.9764,0.1431,OLHOS ABERTOS,70.02,2,0.5121,0,-4.8,-4.5,0,1,7.0,0
44.326,0.3213,0.9842,0.1446,OLHOS ABERTOS,67.21,2,0.5109,0,-4.9,-4.3,0,1,7.0,0
44.423,0.3233,0.9903,0.148,OLHOS ABERTOS,64.79,2,0.5097,0,-5.0,-4.4,0,1,7.0,0
44.518,0.323,0.9894,0.1494,OLHOS ABERTOS,62.4,2,0.5084,0,-5.1,-4.3,0,1,7.0,0
44.614,0.3258,0.9979,0.1443,OLHOS ABERTOS,60.0,1,0.5072,0,-5.2,-4.3,0,1,7.0,0
44.725,0.3293,1.0085,0.1398,OLHOS ABERTOS,57.23,1,0.506,0,-4.9,-4.2,0,1,7.0,0
44.822,0.3293,1.0087,0.1387,OLHOS ABERTOS,54.8,1,0.5048,0,-4.9,-4.1,0,1,7.0,0
44.917,0.329,1.0075,0.1383,OLHOS ABERTOS,52.42,1,0.5036,0,-5.0,-4.0,0,1,7.0,0
45.017,0.3311,1.014,0.1377,OLHOS ABERTOS,49.93,1,0.5024,0,-5.0,-4.1,0,1,7.0,0
45.125,0.3308,1.0133,0.136,OLHOS ABERTOS,47.23,1,0.5012,0,-4.9,-3.9,0,1,7.0,0
45.222,0.3318,1.0164,0.1346,OLHOS ABERTOS,44.81,1,0.5,0,-5.0,-4.1,0,1,7.0,0
45.317,0.331,1.0139,0.1378,OLHOS ABERTOS,42.42,1,0.4988,0,-5.0,-4.0,0,1,7.0,0
45.414,0.332,1.0169,0.1376,OLHOS ABERTOS,40.0,1,0.4976,0,-5.0,-4.0,0,1,7.0,0
45.526,0.3266,1.0004,0.1312,OLHOS ABERTOS,37.21,1,0.4965,0,-4.9,-4.1,0,1,7.0,0
45.621,0.3256,0.9973,0.1347,OLHOS ABERTOS,34.82,1,0.4953,0,-4.9,-4.1,0,1,7.0,0
45.717,0.3266,1.0002,0.1318,OLHOS ABERTOS,32.44,1,0.4941,0,-5.0,-4.1,0,1,7.0,0
45.813,0.326,0.9984,0.1368,OLHOS ABERTOS,30.03,1,0.493,0,-5.1,-4.4,0,1,7.0,0
45.926,0.3385,1.0369,0.1176,OLHOS ABERTOS,27.21,0,0.4918,0,-5.3,-4.5,0,1,7.0,0
46.026,0.3396,1.0401,0.1191,OLHOS ABERTOS,24.7,0,0.4907,0,-5.1,-4.7,0,1,7.0,0
46.118,0.3381,1.0357,0.1211,OLHOS ABERTOS,22.41,0,0.4896,0,-5.1,-4.8,0,1,7.0,0
46.215,0.3377,1.0342,0.1252,OLHOS ABERTOS,19.97,0,0.4884,0,-5.2,-4.7,0,1,7.0,0
46.328,0.3443,1.0545,0.1163,OLHOS ABERTOS,17.16,0,0.4873,0,-5.3,-4.7,0,1,7.0,0
46.422,0.3408,1.0438,0.125,OLHOS ABERTOS,14.81,0,0.4862,0,-5.2,-4.5,0,1,7.0,0
46.523,0.3427,1.0495,0.1215,OLHOS ABERTOS,12.28,0,0.4851,0,-5.2,-4.6,0,1,7.0,0
46.617,0.3437,1.0528,0.1193,OLHOS ABERTOS,9.92,0,0.4839,0,-5.0,-4.4,0,1,7.0,0
46.725,0.3408,1.0438,0.1248,OLHOS ABERTOS,7.22,0,0.4828,0,-5.0,-4.4,0,1,7.0,0
46.821,0.3391,1.0387,0.1284,OLHOS ABERTOS,4.81,0,0.4817,0,-5.2,-4.5,0,1,7.0,0
46.923,0.3392,1.0388,0.1263,OLHOS ABERTOS,2.26,0,0.4806,0,-5.1,-4.5,0,1,7.0,0
47.014,0.3405,1.0429,0.1257,OLHOS ABERTOS,0.01,0,0.4795,0,-5.2,-4.4,0,1,7.0,0
47.125,0.3404,1.0425,0.1266,OLHOS ABERTOS,0.0,0,0.4785,0,-5.2,-4.5,0,1,7.0,0
47.221,0.3405,1.043,0.1209,OLHOS ABERTOS,0.0,0,0.4774,0,-5.0,-4.0,0,1,7.0,0
47.317,0.3404,1.0428,0.1227,OLHOS ABERTOS,0.0,0,0.4763,0,-5.0,-4.0,0,1,7.0,0
47.423,0.3101,0.9497,0.1618,OLHOS ABERTOS,0.0,0,0.4752,0,-5.4,-4.5,0,1,7.0,0
47.526,0.1156,0.3542,0.5937,OLHOS FECHADOS,4.63,0,0.4764,0,-5.4,-4.5,0,1,7.0,0
47.621,0.1416,0.4336,0.4709,OLHOS FECHADOS,8.88,0,0.4776,0,-5.5,-4.6,0,1,7.0,0
47.72,0.2583,0.7911,0.2336,OLHOS ABERTOS,6.4,0,0.4765,0,-5.4,-4.2,0,1,8.0,0
47.813,0.2946,0.9024,0.18,OLHOS ABERTOS,4.08,0,0.4754,0,-5.2,-4.2,0,1,8.0,0
47.926,0.3115,0.9542,0.1567,OLHOS ABERTOS,1.26,0,0.4744,0,-5.2,-4.2,0,1,8.0,0
48.022,0.3167,0.97,0.1482,OLHOS ABERTOS,0.0,0,0.4733,0,-5.2,-3.8,0,1,8.0,0
48.118,0.3228,0.9886,0.1393,OLHOS ABERTOS,0.0,0,0.4723,0,-5.1,-3.8,0,1,8.0,0
48.214,0.3298,1.0103,0.1361,OLHOS ABERTOS,0.0,0,0.4712,0,-5.1,-3.9,0,1,8.0,0
48.325,0.3348,1.0256,0.1272,OLHOS ABERTOS,0.0,0,0.4702,0,-5.1,-4.1,0,1,8.0,0
48.428,0.3386,1.0371,0.13,OLHOS ABERTOS,0.0,0,0.4692,0,-5.3,-4.0,0,1,8.0,0
48.517,0.3338,1.0225,0.1402,OLHOS ABERTOS,0.0,0,0.4681,0,-5.7,-3.7,0,1,8.0,0
48.617,0.3324,1.0181,0.1417,OLHOS ABERTOS,0.0,0,0.4671,0,-5.9,-4.1,0,1,8.0,0
48.726,0.3383,1.0363,0.1462,OLHOS ABERTOS,0.0,0,0.4661,0,-6.4,-4.6,0,1,8.0,0
48.82,0.3342,1.0235,0.1446,OLHOS ABERTOS,0.0,0,0.4651,0,-6.1,-5.1,0,1,8.0,0
48.918,0.342,1.0476,0.1373,OLHOS ABERTOS,0.0,0,0.4641,0,-6.5,-5.2,0,1,8.0,0
49.014,0.3354,1.0274,0.1387,OLHOS ABERTOS,0.0,0,0.463,0,-6.3,-5.4,0,1,8.0,0
49.125,0.3384,1.0364,0.1304,OLHOS ABERTOS,0.0,0,0.462,0,-6.1,-5.4,0,1,8.0,0
49.222,0.3397,1.0403,0.1312,OLHOS ABERTOS,0.0,0,0.461,0,-6.2,-5.4,0,1,8.0,0
49.317,0.3369,1.0319,0.131,OLHOS ABERTOS,0.0,0,0.46,0,-6.3,-5.4,0,1,8.0,0
49.414,0.324,0.9924,0.136,OLHOS ABERTOS,0.0,0,0.4591,0,-6.1,-5.4,0,1,8.0,0
49.526,0.3159,0.9675,0.1581,OLHOS ABERTOS,0.0,0,0.4581,0,-5.8,-5.0,0,1,8.0,0
49.621,0.3122,0.9561,0.1764,OLHOS ABERTOS,0.0,0,0.4571,0,-5.8,-4.8,0,1,8.0,0
49.718,0.3181,0.9742,0.1681,OLHOS ABERTOS,0.0,0,0.4561,0,-5.6,-4.6,0,1,8.0,0
49.813,0.3156,0.9666,0.1683,OLHOS ABERTOS,0.0,0,0.4551,0,-5.6,-4.7,0,1,8.0,0
49.925,0.316,0.9678,0.1579,OLHOS ABERTOS,0.0,0,0.4542,0,-5.4,-4.2,0,1,8.0,0
50.021,0.319,0.9769,0.1541,OLHOS ABERTOS,0.0,0,0.4532,0,-5.4,-4.4,0,1,8.0,0
50.116,0.3315,1.0153,0.128,OLHOS ABERTOS,0.0,0,0.4522,0,-5.6,-4.6,0,1,8.0,0
50.214,0.3345,1.0247,0.1241,OLHOS ABERTOS,0.0,0,0.4513,0,-5.6,-4.7,0,1,8.0,0
50.325,0.3437,1.0528,0.1252,OLHOS ABERTOS,0.0,0,0.4503,0,-5.6,-4.8,0,1,8.0,0
50.42,0.341,1.0445,0.1325,OLHOS ABERTOS,0.0,0,0.4494,0,-5.6,-4.8,0,1,8.0,0
50.517,0.3429,1.0502,0.1342,OLHOS ABERTOS,0.0,0,0.4484,0,-5.8,-4.7,0,1,8.0,0
50.613,0.3477,1.0651,0.13,OLHOS ABERTOS,0.0,0,0.4475,0,-6.1,-4.9,0,1,8.0,0
50.725,0.3441,1.0539,0.1263,OLHOS ABERTOS,0.0,0,0.4465,0,-6.1,-5.2,0,1,8.0,0
50.821,0.3398,1.0408,0.1306,OLHOS ABERTOS,0.0,0,0.4456,0,-5.9,-5.3,0,1,8.0,0
50.917,0.3426,1.0494,0.1297,OLHOS ABERTOS,0.0,0,0.4447,0,-6.1,-5.7,0,1,8.0,0
51.014,0.3443,1.0545,0.1285,OLHOS ABERTOS,0.0,0,0.4437,0,-6.1,-6.0,0,1,8.0,0
51.125,0.3405,1.043,0.1348,OLHOS ABERTOS,0.0,0,0.4428,0,-6.0,-6.0,0,1,8.0,0
51.22,0.3395,1.0397,0.135,OLHOS ABERTOS,0.0,0,0.4419,0,-5.9,-6.3,0,1,8.0,0
51.317,0.3401,1.0418,0.1295,OLHOS ABERTOS,0.0,0,0.441,0,-6.3,-6.6,0,1,8.0,0
51.413,0.3404,1.0427,0.1396,OLHOS ABERTOS,0.0,0,0.4401,0,-6.3,-6.7,0,1,8.0,0
51.525,0.3412,1.0451,0.1368,OLHOS ABERTOS,0.0,0,0.4392,0,-6.4,-6.6,0,1,8.0,0
51.621,0.3397,1.0406,0.1383,OLHOS ABERTOS,0.0,0,0.4383,0,-6.4,-6.7,0,1,8.0,0
51.717,0.3388,1.0377,0.1415,OLHOS ABERTOS,0.0,0,0.4374,0,-6.4,-6.7,0,1,8.0,0
51.813,0.3391,1.0385,0.144,OLHOS ABERTOS,0.0,0,0.4365,0,-6.4,-6.7,0,1,8.0,0
51.925,0.334,1.0231,0.1576,OLHOS ABERTOS,0.0,0,0.4356,0,-6.2,-6.7,0,1,8.0,0
52.021,0.3285,1.0063,0.1597,OLHOS ABERTOS,0.0,0,0.4347,0,-6.5,-6.6,0,1,8.0,0
52.115,0.3281,1.0049,0.1469,OLHOS ABERTOS,0.0,0,0.4338,0,-6.5,-6.5,0,1,8.0,0
52.213,0.3321,1.0173,0.1336,OLHOS ABERTOS,0.0,0,0.4329,0,-6.2,-5.9,0,1,8.0,0
52.326,0.3303,1.0116,0.1345,OLHOS ABERTOS,0.0,0,0.432,0,-6.1,-5.7,0,1,8.0,0
52.421,0.3283,1.0054,0.1355,OLHOS ABERTOS,0.0,0,0.4312,0,-6.0,-5.9,0,1,8.0,0
52.517,0.3264,0.9997,0.1381,OLHOS ABERTOS,0.0,0,0.4303,0,-5.9,-5.9,0,1,8.0,0
52.613,0.3257,0.9977,0.1433,OLHOS ABERTOS,0.0,0,0.4294,0,-5.9,-6.1,0,1,8.0,0
52.724,0.3291,1.0079,0.1379,OLHOS ABERTOS,0.0,0,0.4286,0,-6.0,-6.1,0,1,8.0,0
52.821,0.337,1.0322,0.1336,OLHOS ABERTOS,0.0,0,0.4277,0,-6.2,-6.1,0,1,8.0,0
52.917,0.3492,1.0696,0.119,OLHOS ABERTOS,0.0,0,0.4269,0,-6.7,-6.7,0,1,8.0,0
53.013,0.3505,1.0735,0.1207,OLHOS ABERTOS,0.0,0,0.426,0,-6.6,-6.9,0,1,8.0,0
53.126,0.3454,1.0579,0.1251,OLHOS ABERTOS,0.0,0,0.4251,0,-6.4,-7.1,0,1,8.0,0
53.221,0.3426,1.0493,0.127,OLHOS ABERTOS,0.0,0,0.4243,0,-6.5,-7.1,0,1,8.0,0
53.317,0.3448,1.0559,0.1349,OLHOS ABERTOS,0.0,0,0.4235,0,-6.8,-7.2,0,1,8.0,0
53.413,0.3421,1.0477,0.1356,OLHOS ABERTOS,0.0,0,0.4226,0,-6.8,-7.2,0,1,8.0,0
53.525,0.3435,1.0522,0.132,OLHOS ABERTOS,0.0,0,0.4218,0,-6.9,-7.4,0,1,8.0,0
53.621,0.3477,1.0651,0.1287,OLHOS ABERTOS,0.0,0,0.4209,0,-6.9,-7.2,0,1,8.0,0
53.717,0.3444,1.0549,0.1279,OLHOS ABERTOS,0.0,0,0.4201,0,-6.7,-7.2,0,1,8.0,0
53.813,0.3435,1.052,0.1279,OLHOS ABERTOS,0.0,0,0.4193,0,-6.6,-7.5,0,1,8.0,0
53.925,0.3457,1.0589,0.1229,OLHOS ABERTOS,0.0,0,0.4185,0,-6.4,-7.4,0,1,8.0,0
54.021,0.3471,1.0632,0.1204,OLHOS ABERTOS,0.0,0,0.4176,0,-6.1,-7.6,0,1,8.0,0
54.119,0.3461,1.06,0.1245,OLHOS ABERTOS,0.0,0,0.4168,0,-6.1,-8.0,0,1,8.0,0
54.215,0.3455,1.0582,0.1241,OLHOS ABERTOS,0.0,0,0.416,0,-6.3,-7.6,0,1,8.0,0
54.325,0.3444,1.0548,0.1272,OLHOS ABERTOS,0.0,0,0.4152,0,-6.6,-7.6,0,1,8.0,0
54.421,0.3502,1.0727,0.1294,OLHOS ABERTOS,0.0,0,0.4144,0,-6.8,-7.5,0,1,8.0,0
54.517,0.3475,1.0643,0.129,OLHOS ABERTOS,0.0,0,0.4136,0,-6.5,-6.7,0,1,8.0,0
54.612,0.3485,1.0674,0.124,OLHOS ABERTOS,0.0,0,0.4128,0,-6.5,-6.4,0,1,8.0,0
54.725,0.3427,1.0496,0.1227,OLHOS ABERTOS,0.0,0,0.412,0,-6.1,-6.5,0,1,8.0,0
54.821,0.3431,1.0508,0.1227,OLHOS ABERTOS,0.0,0,0.4112,0,-6.0,-6.4,0,1,8.0,0
54.917,0.346,1.0597,0.1207,OLHOS ABERTOS,0.0,0,0.4104,0,-5.9,-6.5,0,1,8.0,0
55.013,0.3487,1.0681,0.117,OLHOS ABERTOS,0.0,0,0.4096,0,-5.8,-6.7,0,1,8.0,0
55.125,0.3507,1.0741,0.1176,OLHOS ABERTOS,0.0,0,0.4088,0,-5.8,-6.7,0,1,8.0,0
55.221,0.3511,1.0755,0.115,OLHOS ABERTOS,0.0,0,0.408,0,-5.8,-6.6,0,1,8.0,0
55.317,0.3511,1.0752,0.1136,OLHOS ABERTOS,0.0,0,0.4073,0,-6.1,-6.7,0,1,8.0,0
55.412,0.3548,1.0866,0.103,OLHOS ABERTOS,0.0,0,0.4065,0,-6.1,-6.6,0,1,8.0,0
55.525,0.3535,1.0828,0.1022,OLHOS ABERTOS,0.0,0,0.4057,0,-6.0,-6.8,0,1,8.0,0
55.621,0.3532,1.0817,0.0991,OLHOS ABERTOS,0.0,0,0.4049,0,-6.1,-6.7,0,1,8.0,0
55.716,0.3506,1.0737,0.1007,OLHOS ABERTOS,0.0,0,0.4042,0,-6.3,-7.0,0,1,8.0,0
55.813,0.3513,1.0759,0.0902,OLHOS ABERTOS,0.0,0,0.4034,0,-6.5,-6.7,0,1,8.0,0
55.925,0.3553,1.0883,0.0877,OLHOS ABERTOS,0.0,0,0.4026,0,-6.9,-7.1,0,1,8.0,0
56.021,0.3553,1.0884,0.0841,OLHOS ABERTOS,0.0,0,0.4019,0,-6.9,-7.0,0,1,8.0,0
56.117,0.3604,1.1039,0.0885,OLHOS ABERTOS,0.0,0,0.4011,0,-7.3,-6.9,0,1,8.0,0
56.212,0.3646,1.1167,0.0898,OLHOS ABERTOS,0.0,0,0.4004,0,-7.5,-7.2,0,1,8.0,0
56.325,0.3708,1.1357,0.0864,OLHOS ABERTOS,0.0,0,0.3996,0,-7.7,-7.6,0,1,8.0,0
56.421,0.3735,1.1439,0.0861,OLHOS ABERTOS,0.0,0,0.3989,0,-7.7,-7.6,0,1,8.0,0
56.517,0.3795,1.1624,0.0844,OLHOS ABERTOS,0.0,0,0.3981,0,-7.3,-8.2,0,1,8.0,0
56.613,0.3851,1.1795,0.0912,OLHOS ABERTOS,0.0,0,0.3974,0,-7.3,-8.3,0,1,8.0,0
56.726,0.3873,1.1863,0.0932,OLHOS ABERTOS,0.0,0,0.3966,0,-7.4,-8.2,0,1,8.0,0
56.82,0.3961,1.2132,0.0832,OLHOS ABERTOS,0.0,0,0.3959,0,-7.3,-8.4,0,1,8.0,0
56.917,0.3981,1.2195,0.0789,OLHOS ABERTOS,0.0,0,0.3952,0,-7.5,-8.7,0,1,8.0,0
57.013,0.1947,0.5963,0.5663,SEMICERRADO,1.73,0,0.3963,0,-8.2,-8.7,0,1,8.0,0
57.125,0.2147,0.6577,0.5162,SEMICERRADO,3.74,0,0.3974,0,-7.5,-9.5,0,1,8.0,0
57.228,0.3192,0.9776,0.2137,OLHOS ABERTOS,1.17,0,0.3967,0,-7.8,-9.6,0,1,9.0,0
57.318,0.3506,1.0737,0.1477,OLHOS ABERTOS,0.0,0,0.3959,0,-7.9,-9.6,0,1,9.0,0
57.414,0.3597,1.1017,0.1356,OLHOS ABERTOS,0.0,0,0.3952,0,-8.1,-9.7,0,1,9.0,0
57.526,0.3601,1.1031,0.1328,OLHOS ABERTOS,0.0,0,0.3945,0,-8.1,-9.8,0,1,9.0,0
57.624,0.375,1.1485,0.116,OLHOS ABERTOS,0.0,0,0.3938,0,-8.1,-9.3,0,1,9.0,0
57.72,0.3861,1.1826,0.1074,OLHOS ABERTOS,0.0,0,0.3931,0,-8.1,-9.5,0,1,9.0,0
57.819,0.3862,1.1829,0.0961,OLHOS ABERTOS,0.0,0,0.3923,0,-7.9,-9.6,0,1,9.0,0
57.933,0.3942,1.2073,0.0879,OLHOS ABERTOS,0.0,0,0.3916,0,-7.9,-9.4,0,1,9.0,0
58.034,0.395,1.2099,0.0847,OLHOS ABERTOS,0.0,0,0.3909,0,-7.9,-9.3,0,1,9.0,0
58.12,0.3963,1.2138,0.0833,OLHOS ABERTOS,0.0,0,0.3902,0,-8.0,-9.0,0,1,9.0,0
58.213,0.4005,1.2268,0.0815,OLHOS ABERTOS,0.0,0,0.3895,0,-8.1,-9.0,0,1,9.0,0
58.332,0.4004,1.2265,0.0828,OLHOS ABERTOS,0.0,0,0.3888,0,-8.1,-9.0,0,1,9.0,0
58.421,0.4006,1.227,0.0824,OLHOS ABERTOS,0.0,0,0.3881,0,-8.1,-9.1,0,1,9.0,0
58.519,0.3996,1.2239,0.0812,OLHOS ABERTOS,0.0,0,0.3874,0,-8.1,-9.1,0,1,9.0,0
58.618,0.3993,1.223,0.0786,OLHOS ABERTOS,0.0,0,0.3867,0,-7.8,-9.2,0,1,9.0,0
58.725,0.4038,1.2369,0.0782,OLHOS ABERTOS,0.0,0,0.386,0,-7.6,-9.1,0,1,9.0,0
58.823,0.3998,1.2244,0.0788,OLHOS ABERTOS,0.0,0,0.3853,0,-7.9,-9.3,0,1,9.0,0
58.917,0.3976,1.2179,0.0777,OLHOS ABERTOS,0.0,0,0.3846,0,-7.9,-9.3,0,1,9.0,0
59.013,0.3969,1.2157,0.0751,OLHOS ABERTOS,0.0,0,0.3839,0,-7.9,-9.4,0,1,9.0,0
59.125,0.3951,1.2101,0.0802,OLHOS ABERTOS,0.0,0,0.3832,0,-7.8,-9.3,0,1,9.0,0
59.221,0.3929,1.2034,0.0845,OLHOS ABERTOS,0.0,0,0.3826,0,-7.9,-9.2,0,1,9.0,0
59.317,0.3963,1.2138,0.0814,OLHOS ABERTOS,0.0,0,0.3819,0,-7.7,-8.9,0,1,9.0,0
59.413,0.389,1.1916,0.0757,OLHOS ABERTOS,0.0,0,0.3812,0,-7.5,-8.8,0,1,9.0,0
59.525,0.3935,1.2054,0.0708,OLHOS ABERTOS,0.0,0,0.3805,0,-7.2,-7.8,0,1,9.0,0
59.622,0.3829,1.1728,0.0787,OLHOS ABERTOS,0.0,0,0.3799,0,-7.6,-7.0,0,1,9.0,0
59.717,0.3805,1.1654,0.0868,OLHOS ABERTOS,0.0,0,0.3792,0,-6.6,-6.3,0,1,9.0,0
59.813,0.3649,1.1177,0.0989,OLHOS ABERTOS,0.0,0,0.3785,0,-5.8,-5.6,0,1,9.0,0
59.926,0.3578,1.096,0.1115,OLHOS ABERTOS,0.0,0,0.3779,0,-5.5,-5.7,0,1,9.0,0
60.02,0.3486,1.0678,0.1129,OLHOS ABERTOS,0.0,0,0.3772,0,-4.8,-5.2,0,1,9.0,0
60.118,0.3424,1.0488,0.1328,OLHOS ABERTOS,0.0,0,0.3765,0,-4.6,-4.9,0,1,9.0,0
60.212,0.3425,1.049,0.1357,OLHOS ABERTOS,0.0,0,0.3759,0,-4.2,-4.4,0,1,9.0,0
60.324,0.3391,1.0387,0.1429,OLHOS ABERTOS,0.0,0,0.3752,0,-4.3,-4.4,0,1,9.0,0
60.424,0.3406,1.0433,0.1399,OLHOS ABERTOS,0.0,0,0.3746,0,-3.8,-3.4,0,1,9.0,0
60.516,0.3225,0.9878,0.1547,OLHOS ABERTOS,0.0,0,0.3739,0,-3.0,-2.7,0,1,9.0,0
60.614,0.3191,0.9775,0.1514,OLHOS ABERTOS,0.0,0,0.3733,0,-2.1,-2.7,0,1,9.0,0
60.725,0.3165,0.9696,0.1415,OLHOS ABERTOS,0.0,0,0.3726,0,-2.1,-2.7,0,1,9.0,0
60.821,0.3128,0.958,0.1414,OLHOS ABERTOS,0.0,0,0.372,0,-1.7,-2.5,0,1,9.0,0
60.919,0.304,0.9311,0.1411,OLHOS ABERTOS,0.0,0,0.3713,0,-1.5,-2.1,0,1,9.0,0
61.013,0.3062,0.9377,0.1281,OLHOS ABERTOS,0.0,0,0.3707,0,-0.7,-1.3,0,1,9.0,0
61.125,0.2917,0.8936,0.1345,OLHOS ABERTOS,0.0,0,0.3701,0,-0.3,-0.7,0,1,9.0,0
61.221,0.2976,0.9115,0.1399,OLHOS ABERTOS,0.0,0,0.3694,0,-0.4,-0.9,0,1,9.0,0
61.317,0.2967,0.9089,0.1474,OLHOS ABERTOS,0.0,0,0.3688,0,-0.3,-0.6,0,1,9.0,0
61.415,0.2969,0.9094,0.135,OLHOS ABERTOS,0.0,0,0.3682,0,-0.3,-0.8,0,1,9.0,0
61.539,0.294,0.9006,0.1467,OLHOS ABERTOS,0.0,0,0.3675,0,-0.3,-0.6,0,1,9.0,0
61.621,0.2903,0.8891,0.1633,OLHOS ABERTOS,0.0,0,0.3669,0,-0.3,-0.6,0,1,9.0,0
61.717,0.2865,0.8776,0.1614,OLHOS ABERTOS,0.0,0,0.3663,0,-0.3,-0.6,0,1,9.0,0
61.814,0.2791,0.855,0.1661,OLHOS ABERTOS,0.0,0,0.3656,0,0.1,-0.2,0,1,9.0,0
61.925,0.2709,0.8299,0.1786,OLHOS ABERTOS,0.0,0,0.365,0,0.5,0.2,0,1,9.0,0
62.02,0.2734,0.8375,0.1677,OLHOS ABERTOS,0.0,0,0.3644,0,0.9,0.6,0,1,9.0,0
62.118,0.2718,0.8325,0.1701,OLHOS ABERTOS,0.0,0,0.3638,0,1.4,1.1,0,1,9.0,0
62.214,0.2718,0.8325,0.1578,OLHOS ABERTOS,0.0,0,0.3632,0,1.8,1.5,0,1,9.0,0
62.326,0.2777,0.8507,0.1496,OLHOS ABERTOS,0.0,0,0.3626,0,1.7,1.6,0,1,9.0,0
62.421,0.2785,0.8529,0.1493,OLHOS ABERTOS,0.0,0,0.362,0,1.9,1.6,0,1,9.0,0
62.518,0.282,0.8637,0.1482,OLHOS ABERTOS,0.0,0,0.3613,0,2.0,1.9,0,1,9.0,0
62.613,0.2823,0.8647,0.1454,OLHOS ABERTOS,0.0,0,0.3607,0,1.9,1.9,0,1,9.0,0
62.725,0.2859,0.8756,0.1417,OLHOS ABERTOS,0.0,0,0.3601,0,1.9,1.9,0,1,9.0,0
62.822,0.2874,0.8803,0.1421,OLHOS ABERTOS,0.0,0,0.3595,0,2.0,1.7,0,1,9.0,0
62.917,0.2912,0.892,0.1392,OLHOS ABERTOS,0.0,0,0.3589,0,1.8,1.5,0,1,9.0,0
63.015,0.295,0.9035,0.1342,OLHOS ABERTOS,0.0,0,0.3583,0,1.5,1.4,0,1,9.0,0
63.125,0.2982,0.9134,0.1231,OLHOS ABERTOS,0.0,0,0.3583,0,1.1,1.0,0,1,9.0,0
63.221,0.3006,0.9207,0.1251,OLHOS ABERTOS,0.0,0,0.3577,0,0.8,0.7,0,1,9.0,0
63.317,0.3066,0.9391,0.1155,OLHOS ABERTOS,0.0,0,0.3577,0,0.4,0.8,0,1,9.0,0
63.414,0.3093,0.9475,0.1071,OLHOS ABERTOS,0.0,0,0.3583,0,0.2,0.1,0,1,9.0,0
63.526,0.3129,0.9583,0.1118,OLHOS ABERTOS,0.0,0,0.3583,0,-0.1,-0.1,0,1,9.0,0
63.621,0.3224,0.9875,0.0928,OLHOS ABERTOS,0.0,0,0.3577,0,-0.4,-0.0,0,1,9.0,0
63.717,0.3295,1.0094,0.0874,OLHOS ABERTOS,0.0,0,0.3577,0,-0.7,0.0,0,1,9.0,0
63.814,0.3265,1.0,0.0993,OLHOS ABERTOS,0.0,0,0.3577,0,-1.9,-0.0,0,1,9.0,0
63.925,0.2783,0.8525,0.1639,OLHOS ABERTOS,0.0,0,0.3583,0,-3.3,-1.4,0,1,9.0,0
64.021,0.1079,0.3304,0.5355,OLHOS FECHADOS,4.32,0,0.3594,0,-3.5,-2.0,0,1,9.0,0
64.117,0.1096,0.3355,0.4998,OLHOS FECHADOS,8.62,0,0.3611,0,-4.4,-3.1,0,1,9.0,0
64.213,0.234,0.7166,0.2461,SEMICERRADO,10.36,0,0.3627,0,-4.6,-3.6,0,1,9.0,0
64.325,0.2755,0.8438,0.1445,OLHOS ABERTOS,7.57,0,0.36,0,-4.9,-4.2,0,1,10.0,0
64.425,0.2911,0.8916,0.1474,OLHOS ABERTOS,5.07,0,0.3594,0,-5.1,-4.4,0,1,10.0,0
64.517,0.304,0.9313,0.1356,OLHOS ABERTOS,2.76,0,0.3577,0,-5.1,-4.4,0,1,10.0,0
64.614,0.3134,0.9598,0.1393,OLHOS ABERTOS,0.34,0,0.3577,0,-5.4,-4.4,0,1,9.0,0
64.728,0.3184,0.9752,0.1474,OLHOS ABERTOS,0.0,0,0.3583,0,-5.5,-4.7,0,1,9.0,0
64.827,0.111,0.34,0.6435,OLHOS FECHADOS,4.46,0,0.36,0,-6.0,-4.8,0,1,9.0,0
64.917,0.1103,0.3378,0.6072,OLHOS FECHADOS,8.5,0,0.3611,0,-5.8,-4.9,0,1,9.0,0
65.014,0.2045,0.6265,0.3425,SEMICERRADO,10.24,0,0.3627,0,-5.9,-4.4,0,1,9.0,0
65.129,0.2537,0.7772,0.2577,SEMICERRADO,12.31,0,0.365,0,-5.3,-3.9,0,1,9.0,0
65.223,0.3078,0.9429,0.1605,OLHOS ABERTOS,9.95,0,0.3644,0,-4.8,-3.0,0,1,10.0,0
65.317,0.3131,0.9591,0.1474,OLHOS ABERTOS,7.59,0,0.3644,0,-4.8,-3.1,0,1,10.0,0
65.416,0.3251,0.9958,0.1386,OLHOS ABERTOS,5.12,0,0.365,0,-5.4,-3.5,0,1,10.0,0
65.529,0.3319,1.0166,0.1342,OLHOS ABERTOS,2.28,0,0.365,0,-6.0,-3.5,0,1,10.0,0
65.621,0.3254,0.9967,0.1511,OLHOS ABERTOS,0.0,0,0.3644,0,-6.4,-4.0,0,1,10.0,0
65.719,0.3313,1.0148,0.145,OLHOS ABERTOS,0.0,0,0.365,0,-6.3,-3.9,0,1,10.0,0
65.813,0.3296,1.0095,0.1504,OLHOS ABERTOS,0.0,0,0.3644,0,-6.3,-4.0,0,1,10.0,0
65.926,0.3309,1.0136,0.1505,OLHOS ABERTOS,0.0,0,0.365,0,-6.2,-4.1,0,1,10.0,0
66.025,0.3306,1.0126,0.1552,OLHOS ABERTOS,0.0,0,0.365,0,-6.2,-4.6,0,1,10.0,0
66.126,0.3231,0.9896,0.168,OLHOS ABERTOS,0.0,0,0.365,0,-6.6,-5.8,0,1,10.0,0
66.213,0.2892,0.8857,0.2057,OLHOS ABERTOS,0.0,0,0.3644,0,-6.4,-6.1,0,1,10.0,0
66.325,0.2826,0.8655,0.2167,OLHOS ABERTOS,0.0,0,0.365,0,-6.4,-6.7,0,1,10.0,0
66.42,0.2821,0.8641,0.2093,OLHOS ABERTOS,0.0,0,0.3644,0,-6.5,-7.1,0,1,10.0,0
66.519,0.2852,0.8736,0.2041,OLHOS ABERTOS,0.0,0,0.365,0,-6.5,-7.1,0,1,10.0,0
66.613,0.2913,0.8922,0.199,OLHOS ABERTOS,0.0,0,0.3633,0,-6.5,-6.8,0,1,10.0,0
66.726,0.3031,0.9284,0.1854,OLHOS ABERTOS,0.0,0,0.3633,0,-6.2,-6.9,0,1,9.0,0
66.821,0.3016,0.9239,0.1886,OLHOS ABERTOS,0.0,0,0.3627,0,-6.2,-6.8,0,1,9.0,0
66.917,0.3026,0.9269,0.1769,OLHOS ABERTOS,0.0,0,0.3627,0,-6.2,-6.6,0,1,9.0,0
67.012,0.2949,0.9033,0.1877,OLHOS ABERTOS,0.0,0,0.3627,0,-6.5,-6.5,0,1,9.0,0
67.125,0.2841,0.8701,0.1936,OLHOS ABERTOS,0.0,0,0.3633,0,-6.5,-6.6,0,1,9.0,0
67.221,0.278,0.8515,0.206,OLHOS ABERTOS,0.0,0,0.3627,0,-6.5,-6.8,0,1,9.0,0
67.317,0.2774,0.8497,0.2094,OLHOS ABERTOS,0.0,0,0.3627,0,-6.5,-6.7,0,1,9.0,0
67.412,0.2774,0.8496,0.2059,OLHOS ABERTOS,0.0,0,0.3627,0,-6.7,-6.7,0,1,9.0,0
67.53,0.2805,0.8592,0.2,OLHOS ABERTOS,0.0,0,0.3633,0,-6.7,-6.6,0,1,9.0,0
67.623,0.2781,0.8519,0.2021,OLHOS ABERTOS,0.0,0,0.3633,0,-6.6,-6.7,0,1,9.0,0
67.717,0.2742,0.8399,0.2141,OLHOS ABERTOS,0.0,0,0.3627,0,-6.7,-6.8,0,1,9.0,0
67.813,0.2515,0.7702,0.268,SEMICERRADO,1.73,0,0.3644,0,-6.8,-6.9,0,1,9.0,0
67.925,0.2394,0.7334,0.2944,SEMICERRADO,3.74,0,0.3667,0,-6.6,-6.8,0,1,9.0,0
68.021,0.2293,0.7023,0.3091,SEMICERRADO,5.48,0,0.3683,0,-6.6,-6.9,0,1,9.0,0
68.118,0.2193,0.6717,0.3319,SEMICERRADO,7.22,0,0.3683,0,-6.6,-6.9,0,1,9.0,0
68.217,0.211,0.6461,0.3551,SEMICERRADO,9.0,0,0.3683,0,-6.6,-6.9,0,1,9.0,0
68.325,0.202,0.6187,0.3701,SEMICERRADO,10.94,0,0.3683,0,-6.6,-7.3,0,1,9.0,0
68.423,0.1965,0.6017,0.3813,SEMICERRADO,12.7,0,0.3694,0,-6.6,-7.3,0,1,9.0,0
68.517,0.1967,0.6024,0.3786,SEMICERRADO,14.41,0,0.3694,0,-6.9,-7.4,0,1,9.0,0
68.616,0.1975,0.6048,0.38,SEMICERRADO,16.19,0,0.3683,0,-6.9,-7.3,0,1,9.0,0
68.725,0.1834,0.5618,0.4079,SEMICERRADO,18.16,0,0.37,0,-7.2,-7.3,0,1,9.0,0
68.822,0.1783,0.5462,0.4031,OLHOS FECHADOS,22.51,0,0.3717,0,-7.1,-7.1,0,1,9.0,0
68.92,0.1766,0.5408,0.4167,OLHOS FECHADOS,26.89,0,0.3733,0,-7.4,-6.9,0,1,9.0,0
69.017,0.1803,0.5524,0.4081,SEMICERRADO,28.64,0,0.375,0,-7.3,-7.0,0,1,9.0,0
69.132,0.1793,0.549,0.4083,OLHOS FECHADOS,33.85,1,0.3767,0,-7.7,-7.0,0,1,9.0,0
69.223,0.1798,0.5507,0.4148,SEMICERRADO,35.48,1,0.3777,0,-8.0,-7.3,0,1,9.0,0
69.318,0.1802,0.5518,0.4119,SEMICERRADO,37.19,1,0.3794,0,-8.3,-7.3,0,1,9.0,0
69.419,0.1826,0.5593,0.4121,SEMICERRADO,39.01,1,0.3817,0,-8.4,-7.6,0,1,9.0,0
69.526,0.1855,0.5682,0.4033,SEMICERRADO,40.94,1,0.3833,0,-8.7,-7.7,0,1,9.0,0
69.622,0.194,0.5943,0.3759,SEMICERRADO,42.66,1,0.3844,0,-8.9,-7.8,0,1,9.0,0
69.721,0.1902,0.5824,0.3903,SEMICERRADO,44.44,1,0.3867,0,-8.9,-7.9,0,1,9.0,0
69.813,0.1864,0.5708,0.4073,SEMICERRADO,46.11,1,0.3877,0,-8.9,-7.9,0,2,9.0,0
69.926,0.1882,0.5765,0.39,SEMICERRADO,48.13,1,0.39,0,-9.2,-8.2,0,2,9.0,0
70.021,0.1878,0.5752,0.3958,SEMICERRADO,49.85,1,0.391,0,-9.4,-8.2,0,2,9.0,0
70.123,0.1851,0.567,0.4037,SEMICERRADO,51.69,1,0.3933,0,-9.6,-8.6,0,2,9.0,0
70.215,0.1941,0.5944,0.3807,SEMICERRADO,53.33,1,0.395,0,-9.6,-8.6,0,2,9.0,0
70.33,0.2066,0.6327,0.3386,SEMICERRADO,55.41,1,0.3967,0,-9.8,-8.4,0,2,9.0,0
70.422,0.202,0.6187,0.3503,SEMICERRADO,57.05,1,0.3983,0,-9.6,-8.5,0,2,9.0,0
70.533,0.1995,0.611,0.3642,SEMICERRADO,59.06,1,0.4,0,-9.8,-8.5,0,2,9.0,0
70.614,0.2016,0.6175,0.3634,SEMICERRADO,60.51,2,0.4,0,-9.7,-8.5,0,2,9.0,0
70.733,0.1813,0.5554,0.4323,SEMICERRADO,62.66,2,0.4,0,-10.0,-8.6,0,2,9.0,0
70.822,0.1801,0.5516,0.4448,SEMICERRADO,64.26,2,0.4017,0,-10.0,-7.9,0,2,8.0,0
70.918,0.1724,0.5282,0.4532,OLHOS FECHADOS,68.6,2,0.4033,0,-10.0,-7.7,0,2,8.0,0
71.016,0.1696,0.5194,0.4594,OLHOS FECHADOS,73.01,2,0.405,0,-9.9,-7.7,0,2,8.0,0
71.126,0.1746,0.5348,0.446,OLHOS FECHADOS,77.95,2,0.4067,0,-10.0,-7.7,0,2,8.0,0
71.233,0.1726,0.5285,0.4494,OLHOS FECHADOS,82.77,2,0.4083,0,-9.9,-8.0,0,2,8.0,0
71.318,0.1768,0.5415,0.4435,OLHOS FECHADOS,86.59,3,0.4093,0,-10.3,-7.9,0,2,8.0,0
71.414,0.1862,0.5703,0.4205,SEMICERRADO,88.31,3,0.4093,0,-10.2,-7.6,0,2,8.0,0
71.526,0.19,0.582,0.3969,SEMICERRADO,90.33,3,0.4083,0,-10.2,-7.6,0,2,8.0,0
71.622,0.1908,0.5843,0.3945,SEMICERRADO,92.05,3,0.4093,0,-10.2,-7.6,0,2,8.0,0
71.722,0.1896,0.5806,0.3953,SEMICERRADO,93.86,3,0.4117,0,-10.3,-7.6,0,2,7.0,0
71.813,0.185,0.5667,0.3969,SEMICERRADO,95.5,3,0.4126,0,-10.1,-7.8,0,2,7.0,0
71.925,0.1854,0.5677,0.3968,SEMICERRADO,97.52,3,0.415,0,-10.1,-7.5,0,2,7.0,0
72.021,0.1843,0.5646,0.4003,SEMICERRADO,99.25,3,0.416,0,-10.2,-8.0,0,2,7.0,0
72.118,0.1846,0.5656,0.4044,SEMICERRADO,100.0,3,0.4176,0,-10.2,-8.0,0,2,7.0,0
72.215,0.1822,0.5582,0.4073,SEMICERRADO,100.0,3,0.42,0,-10.3,-7.6,0,2,7.0,0
72.326,0.1474,0.4514,0.5131,OLHOS FECHADOS,100.0,3,0.4217,0,-10.4,-7.8,0,2,7.0,0
72.422,0.142,0.435,0.5305,OLHOS FECHADOS,100.0,3,0.4226,0,-10.4,-7.9,0,2,7.0,0
72.523,0.1484,0.4546,0.5215,OLHOS FECHADOS,100.0,3,0.425,0,-10.4,-8.1,0,2,7.0,0
72.613,0.1601,0.4905,0.4891,OLHOS FECHADOS,100.0,3,0.426,0,-10.3,-8.2,0,2,7.0,0
72.733,0.168,0.5146,0.4668,OLHOS FECHADOS,100.0,3,0.4283,0,-10.4,-8.3,0,2,7.0,0
72.823,0.1685,0.5161,0.4741,OLHOS FECHADOS,100.0,3,0.43,0,-10.6,-8.4,0,2,7.0,0
72.918,0.165,0.5054,0.4938,OLHOS FECHADOS,100.0,3,0.4309,0,-10.5,-8.8,0,2,7.0,0
73.013,0.1412,0.4324,0.5737,OLHOS FECHADOS,100.0,3,0.4326,0,-10.9,-9.0,0,2,7.0,0
73.125,0.1441,0.4414,0.5711,OLHOS FECHADOS,100.0,3,0.435,0,-11.0,-9.0,0,2,7.0,0
73.232,0.1458,0.4465,0.5671,OLHOS FECHADOS,100.0,3,0.4367,0,-11.1,-8.9,0,2,7.0,0
73.323,0.1473,0.451,0.5624,OLHOS FECHADOS,100.0,3,0.4383,0,-10.9,-8.7,0,2,7.0,0
73.413,0.147,0.4503,0.5632,OLHOS FECHADOS,100.0,3,0.4393,0,-11.0,-8.8,0,2,7.0,0
73.526,0.1422,0.4354,0.5793,OLHOS FECHADOS,100.0,3,0.4417,0,-10.8,-8.7,0,2,7.0,0
73.621,0.1484,0.4546,0.5597,OLHOS FECHADOS,100.0,3,0.4426,0,-10.8,-8.4,0,2,7.0,0
73.717,0.1436,0.4398,0.5881,OLHOS FECHADOS,100.0,3,0.4443,0,-10.8,-8.2,0,2,7.0,0
73.813,0.1261,0.3864,0.6038,OLHOS FECHADOS,100.0,3,0.4467,0,-10.6,-8.5,0,2,7.0,0
73.925,0.1287,0.3942,0.6115,OLHOS FECHADOS,100.0,3,0.4483,0,-10.7,-8.7,0,2,7.0,0
74.021,0.1301,0.3985,0.6091,OLHOS FECHADOS,100.0,3,0.4493,0,-10.6,-8.7,0,2,7.0,0
74.117,0.1301,0.3986,0.6076,OLHOS FECHADOS,100.0,3,0.4509,0,-10.7,-9.3,0,2,7.0,0
74.213,0.132,0.4042,0.5937,OLHOS FECHADOS,100.0,3,0.4526,0,-10.6,-8.9,0,2,7.0,0
74.326,0.1314,0.4023,0.6017,OLHOS FECHADOS,100.0,3,0.455,0,-10.9,-9.0,0,2,7.0,0
74.422,0.1328,0.4068,0.6055,OLHOS FECHADOS,100.0,3,0.4567,0,-10.8,-8.9,0,2,7.0,0
74.518,0.1334,0.4087,0.6012,OLHOS FECHADOS,100.0,3,0.4576,0,-10.9,-8.8,0,2,7.0,0
74.613,0.13,0.3981,0.6071,OLHOS FECHADOS,100.0,3,0.4592,0,-10.9,-8.7,0,2,7.0,0
74.725,0.1288,0.3946,0.6147,OLHOS FECHADOS,100.0,3,0.4617,0,-10.9,-8.7,0,2,7.0,0
74.822,0.1292,0.3957,0.619,OLHOS FECHADOS,100.0,3,0.4633,0,-11.0,-8.7,0,2,7.0,0
74.917,0.1306,0.4,0.6121,OLHOS FECHADOS,100.0,3,0.4642,0,-10.9,-9.0,0,2,7.0,0
75.013,0.1303,0.3991,0.6061,OLHOS FECHADOS,100.0,3,0.4659,0,-10.7,-8.9,0,2,7.0,0
75.141,0.1308,0.4005,0.6041,OLHOS FECHADOS,100.0,3,0.4683,0,-11.0,-9.0,0,2,7.0,0
75.221,0.1312,0.4018,0.6042,OLHOS FECHADOS,100.0,3,0.4692,0,-10.9,-9.0,0,2,7.0,0
75.318,0.1307,0.4002,0.6068,OLHOS FECHADOS,100.0,3,0.4717,0,-10.9,-9.0,0,2,7.0,0
75.414,0.1318,0.4038,0.6053,OLHOS FECHADOS,100.0,3,0.4733,0,-10.8,-9.0,0,2,7.0,0
75.524,0.1309,0.4008,0.6004,OLHOS FECHADOS,100.0,3,0.475,0,-10.9,-9.0,0,2,7.0,0
75.623,0.1301,0.3986,0.6065,OLHOS FECHADOS,100.0,3,0.4767,0,-10.9,-8.9,0,2,7.0,0
75.717,0.1314,0.4024,0.6088,OLHOS FECHADOS,100.0,3,0.4783,0,-11.3,-8.9,0,2,7.0,0
75.813,0.1325,0.4059,0.6085,OLHOS FECHADOS,100.0,3,0.4792,0,-11.1,-8.9,0,2,7.0,0
75.925,0.1329,0.4069,0.6066,OLHOS FECHADOS,100.0,3,0.4817,0,-11.2,-8.9,0,2,7.0,0
76.021,0.1333,0.4084,0.6043,OLHOS FECHADOS,100.0,3,0.4825,0,-11.2,-8.9,0,2,7.0,0
76.117,0.1344,0.4117,0.5934,OLHOS FECHADOS,100.0,3,0.4842,0,-11.1,-9.0,0,2,7.0,0
76.214,0.1404,0.4302,0.5709,OLHOS FECHADOS,100.0,3,0.4867,0,-11.2,-9.0,0,2,7.0,0
76.325,0.1359,0.4164,0.5894,OLHOS FECHADOS,100.0,3,0.4883,0,-11.5,-9.2,0,2,7.0,0
76.421,0.1454,0.4454,0.5591,OLHOS FECHADOS,100.0,3,0.4892,0,-11.3,-9.0,0,2,7.0,0
76.517,0.1438,0.4404,0.5678,OLHOS FECHADOS,100.0,3,0.4908,0,-11.3,-8.8,0,2,7.0,0
76.613,0.1423,0.4359,0.5826,OLHOS FECHADOS,100.0,3,0.4925,0,-11.3,-8.9,0,2,7.0,0
76.725,0.1396,0.4276,0.5841,OLHOS FECHADOS,100.0,3,0.495,0,-11.3,-8.8,0,2,7.0,0
76.821,0.1405,0.4304,0.5817,OLHOS FECHADOS,100.0,3,0.4958,0,-11.0,-8.9,0,2,7.0,0
76.917,0.1371,0.42,0.5856,OLHOS FECHADOS,100.0,3,0.4983,0,-11.2,-9.1,0,2,7.0,0
77.013,0.1258,0.3853,0.6129,OLHOS FECHADOS,100.0,3,0.4992,0,-11.1,-9.6,0,2,7.0,0
77.125,0.1286,0.3939,0.6067,OLHOS FECHADOS,100.0,3,0.5017,0,-10.9,-9.3,0,2,7.0,0
77.221,0.1275,0.3906,0.6185,OLHOS FECHADOS,100.0,3,0.5025,0,-10.9,-9.3,0,2,7.0,0
77.317,0.1299,0.3979,0.6118,OLHOS FECHADOS,100.0,3,0.5042,0,-10.9,-9.4,0,2,7.0,0
77.413,0.1318,0.4037,0.6146,OLHOS FECHADOS,100.0,3,0.5067,0,-11.0,-9.5,0,2,7.0,0
77.525,0.1334,0.4087,0.6122,OLHOS FECHADOS,100.0,3,0.5083,0,-11.0,-9.5,0,2,7.0,0
77.621,0.1371,0.4198,0.5993,OLHOS FECHADOS,100.0,3,0.5092,0,-11.0,-9.4,0,2,7.0,0
77.717,0.1378,0.4221,0.5902,OLHOS FECHADOS,100.0,3,0.5108,0,-11.1,-9.5,0,2,7.0,0
77.813,0.1348,0.413,0.6312,OLHOS FECHADOS,100.0,3,0.5125,0,-11.1,-10.2,0,2,7.0,0
77.925,0.1309,0.4011,0.6378,OLHOS FECHADOS,100.0,3,0.515,0,-11.2,-11.0,0,2,7.0,0
78.021,0.1227,0.3759,0.671,OLHOS FECHADOS,100.0,3,0.5158,0,-11.3,-11.8,0,2,7.0,0
78.117,0.1146,0.351,0.6754,OLHOS FECHADOS,100.0,3,0.5158,0,-11.4,-12.5,0,2,7.0,0
78.213,0.1212,0.3712,0.6513,OLHOS FECHADOS,100.0,3,0.5158,0,-11.7,-12.8,0,2,7.0,0
78.326,0.1236,0.3786,0.6539,OLHOS FECHADOS,100.0,3,0.5183,0,-12.8,-12.4,0,2,6.0,0
78.421,0.1201,0.3679,0.6558,OLHOS FECHADOS,100.0,3,0.5191,0,-14.7,-13.5,0,2,6.0,0
78.517,0.128,0.3919,0.5776,OLHOS FECHADOS,100.0,3,0.5208,0,-16.6,-11.7,0,2,6.0,0
78.613,0.1446,0.4429,0.4921,OLHOS FECHADOS,100.0,3,0.5225,0,-18.0,-13.5,0,2,6.0,0
78.725,0.1683,0.5154,0.486,OLHOS FECHADOS,100.0,3,0.525,0,-19.8,-11.6,0,2,6.0,0
78.821,0.1922,0.5886,0.4507,SEMICERRADO,100.0,3,0.5258,0,-20.4,-10.2,0,2,6.0,0
78.917,0.1973,0.6042,0.5303,SEMICERRADO,100.0,3,0.5283,0,-19.9,-11.7,0,2,6.0,0
79.013,0.2142,0.656,0.5168,SEMICERRADO,100.0,3,0.5291,0,-21.0,-15.2,0,2,6.0,0
79.125,0.1944,0.5954,0.507,SEMICERRADO,100.0,3,0.5317,0,-21.1,-12.6,0,2,6.0,0
79.221,0.346,1.0599,0.4268,OLHOS ABERTOS,97.61,3,0.5308,0,-24.3,-4.7,0,2,6.0,0
79.32,0.3508,1.0744,0.4624,OLHOS ABERTOS,95.13,3,0.5317,0,-24.4,-2.6,0,2,6.0,0
79.412,0.3941,1.2071,0.5093,OLHOS ABERTOS,92.82,3,0.5308,0,-28.6,-2.3,0,2,6.0,0
79.525,0.3125,0.9572,0.5415,OLHOS ABERTOS,90.0,3,0.5317,0,-27.0,4.4,0,2,6.0,0
79.623,0.1755,0.5376,0.6204,OLHOS FECHADOS,94.44,3,0.5333,0,-25.0,0.4,0,2,6.0,0
79.717,0.1427,0.4371,0.7457,OLHOS FECHADOS,98.64,3,0.5341,0,-24.8,-3.0,0,2,6.0,0
79.814,0.1005,0.3077,0.6405,OLHOS FECHADOS,100.0,3,0.5358,0,-25.4,-4.7,0,2,6.0,0
79.926,0.1668,0.5108,0.6027,OLHOS FECHADOS,100.0,3,0.5383,0,-26.5,-3.7,0,2,6.0,0
80.025,0.2415,0.7398,0.618,SEMICERRADO,100.0,3,0.5391,0,-25.9,0.5,0,2,6.0,0
80.118,0.3339,1.0227,0.6429,OLHOS ABERTOS,97.66,3,0.5374,0,-25.6,6.5,0,2,6.0,0
80.22,0.302,0.925,0.6068,OLHOS ABERTOS,95.12,3,0.5367,0,-25.3,6.3,0,2,5.0,0
80.326,0.2512,0.7695,0.6274,SEMICERRADO,97.03,3,0.5383,0,-25.0,4.9,0,2,5.0,0
80.422,0.2145,0.6569,0.636,SEMICERRADO,98.75,3,0.5391,0,-24.8,3.2,0,2,5.0,0
80.518,0.1714,0.5251,0.6295,OLHOS FECHADOS,100.0,3,0.5408,0,-24.8,2.0,0,2,5.0,0
80.616,0.1972,0.6039,0.566,SEMICERRADO,100.0,3,0.5424,0,-24.1,1.5,0,2,5.0,0
80.726,0.2352,0.7202,0.5436,DISTRAIDO,100.0,3,0.545,0,-24.8,2.2,1,2,5.0,0
80.823,0.2339,0.7164,0.5752,DISTRAIDO,100.0,3,0.5467,0,-23.4,1.0,1,2,5.0,0
80.921,0.1908,0.5846,0.6138,DISTRAIDO,100.0,3,0.5483,0,-23.1,1.5,1,2,5.0,0
81.013,0.1853,0.5675,0.6342,DISTRAIDO,100.0,3,0.5491,0,-23.1,2.7,1,2,5.0,0
81.136,0.1856,0.5685,0.6615,DISTRAIDO,100.0,3,0.5517,0,-22.9,3.7,1,2,5.0,0
81.235,0.176,0.539,0.6592,DISTRAIDO,100.0,3,0.5533,0,-22.5,2.8,1,2,5.0,0
81.317,0.1912,0.5858,0.6241,DISTRAIDO,100.0,3,0.5541,0,-23.3,2.0,1,2,5.0,0
81.428,0.1939,0.5939,0.6288,DISTRAIDO,100.0,3,0.5533,0,-23.3,3.6,1,2,5.0,0
81.526,0.1702,0.5212,0.641,DISTRAIDO,100.0,3,0.555,0,-23.9,2.2,1,2,4.0,0
81.624,0.1777,0.5444,0.6445,DISTRAIDO,100.0,3,0.5567,0,-24.0,0.6,1,2,4.0,0
81.718,0.197,0.6034,0.616,DISTRAIDO,100.0,3,0.5574,0,-23.4,1.9,1,2,4.0,0
81.813,0.2002,0.6133,0.6261,DISTRAIDO,100.0,3,0.5591,0,-24.0,3.3,1,2,4.0,0
81.925,0.2093,0.641,0.6313,DISTRAIDO,100.0,3,0.5617,0,-23.5,3.6,1,2,4.0,0
82.022,0.2276,0.6972,0.6154,DISTRAIDO,100.0,3,0.5624,0,-24.3,2.5,1,2,4.0,0
82.117,0.2226,0.6817,0.6213,DISTRAIDO,100.0,3,0.5641,0,-23.6,2.8,1,2,4.0,0
82.213,0.2203,0.6749,0.6063,DISTRAIDO,100.0,3,0.5657,0,-23.7,3.4,1,2,4.0,0
82.326,0.2156,0.6604,0.5991,DISTRAIDO,100.0,3,0.5683,0,-23.5,3.6,1,3,4.0,0
82.421,0.1904,0.5831,0.608,DISTRAIDO,100.0,3,0.5691,0,-23.4,2.3,1,3,4.0,0
82.518,0.1947,0.5962,0.6245,DISTRAIDO,100.0,3,0.5717,0,-24.0,3.7,1,3,4.0,0
82.614,0.2075,0.6355,0.6346,DISTRAIDO,100.0,3,0.5733,0,-24.8,2.8,1,3,4.0,0
82.724,0.1832,0.561,0.615,DISTRAIDO,100.0,3,0.574,0,-23.4,2.0,1,3,4.0,0
82.823,0.1846,0.5653,0.6257,DISTRAIDO,100.0,3,0.5767,0,-22.9,3.6,1,3,4.0,0
82.921,0.2004,0.6139,0.5981,DISTRAIDO,100.0,3,0.5783,0,-23.2,3.8,1,3,4.0,0
83.013,0.2326,0.7123,0.5651,DISTRAIDO,100.0,3,0.579,0,-25.2,1.8,1,3,4.0,0
83.132,0.2289,0.7011,0.571,DISTRAIDO,100.0,3,0.5817,0,-23.7,-0.1,1,3,4.0,0
83.234,0.2141,0.6557,0.6142,DISTRAIDO,100.0,3,0.5833,0,-23.7,1.4,1,3,4.0,0
83.32,0.2042,0.6254,0.6094,DISTRAIDO,100.0,3,0.585,0,-23.2,2.2,1,3,4.0,0
83.414,0.199,0.6095,0.6201,DISTRAIDO,100.0,3,0.5867,0,-23.1,2.5,1,3,4.0,0
83.526,0.2055,0.6293,0.6301,DISTRAIDO,100.0,3,0.5874,0,-23.2,2.5,1,3,4.0,0
83.623,0.2006,0.6146,0.6455,DISTRAIDO,100.0,3,0.59,0,-23.2,3.0,1,3,4.0,0
83.723,0.1838,0.563,0.644,DISTRAIDO,100.0,3,0.5917,0,-23.1,3.6,1,3,4.0,0
83.813,0.1901,0.5823,0.6441,DISTRAIDO,100.0,3,0.5923,0,-23.4,3.7,1,3,4.0,0
83.927,0.2136,0.6541,0.6141,DISTRAIDO,100.0,3,0.595,0,-23.8,2.4,1,3,4.0,0
84.02,0.2065,0.6326,0.6256,DISTRAIDO,100.0,3,0.5957,0,-23.2,3.0,1,3,4.0,0
84.116,0.2142,0.6562,0.6167,DISTRAIDO,100.0,3,0.5973,0,-23.8,2.9,1,3,4.0,0
84.213,0.2204,0.675,0.6298,DISTRAIDO,100.0,3,0.5973,0,-24.0,3.4,1,3,4.0,0
84.325,0.211,0.6464,0.621,DISTRAIDO,100.0,3,0.5973,0,-23.9,2.5,1,3,4.0,0
84.42,0.205,0.6278,0.6249,DISTRAIDO,100.0,3,0.5973,0,-23.6,2.6,1,3,4.0,0
84.517,0.2172,0.6654,0.6068,DISTRAIDO,100.0,3,0.5973,0,-23.7,3.8,1,3,4.0,0
84.613,0.219,0.6708,0.6298,DISTRAIDO,100.0,3,0.5973,0,-23.8,4.5,1,3,4.0,0
84.726,0.1981,0.6068,0.6322,DISTRAIDO,100.0,3,0.5973,0,-24.0,3.2,1,3,4.0,0
84.821,0.1978,0.6059,0.6377,DISTRAIDO,100.0,3,0.5973,0,-23.2,3.1,1,3,4.0,0
84.916,0.2024,0.62,0.6418,DISTRAIDO,100.0,3,0.5973,0,-23.4,3.6,1,3,4.0,0
85.012,0.2178,0.667,0.6204,DISTRAIDO,100.0,3,0.5973,0,-24.0,3.1,1,3,4.0,0
85.125,0.2107,0.6454,0.6052,DISTRAIDO,100.0,3,0.5973,0,-22.8,2.8,1,3,4.0,0
85.222,0.2278,0.6976,0.5856,DISTRAIDO,100.0,3,0.5973,0,-22.9,3.4,1,3,4.0,0
85.318,0.1853,0.5674,0.6214,DISTRAIDO,100.0,3,0.5973,0,-22.9,2.9,1,3,4.0,0
85.413,0.1886,0.5777,0.6092,DISTRAIDO,100.0,3,0.5973,0,-23.0,3.0,1,3,4.0,0
85.525,0.1843,0.5644,0.6123,DISTRAIDO,100.0,3,0.5973,0,-22.7,2.7,1,3,4.0,0
85.62,0.2086,0.6389,0.6216,DISTRAIDO,100.0,3,0.5973,0,-23.6,3.8,1,3,4.0,0
85.718,0.2238,0.6854,0.622,DISTRAIDO,100.0,3,0.5973,0,-23.9,2.5,1,3,4.0,0
85.813,0.2259,0.6918,0.6167,DISTRAIDO,100.0,3,0.5973,0,-24.3,3.2,1,3,4.0,0
85.925,0.2274,0.6966,0.6286,DISTRAIDO,100.0,3,0.5973,0,-24.1,3.3,1,3,4.0,0
86.021,0.2148,0.658,0.6112,DISTRAIDO,100.0,3,0.5973,0,-24.1,2.4,1,3,4.0,0
86.117,0.2168,0.6642,0.6124,DISTRAIDO,100.0,3,0.5973,0,-24.2,3.2,1,3,4.0,0
86.214,0.2397,0.7343,0.6337,DISTRAIDO,100.0,3,0.5973,0,-23.9,3.7,1,3,4.0,0
86.324,0.2332,0.7141,0.6138,DISTRAIDO,100.0,3,0.5973,0,-24.4,3.7,1,3,4.0,0
86.421,0.2609,0.7992,0.6197,DISTRAIDO,99.32,3,0.5957,0,-25.3,4.0,1,3,4.0,0
86.517,0.211,0.6462,0.5694,DISTRAIDO,100.0,3,0.5957,0,-23.8,1.7,1,3,4.0,0
86.613,0.1674,0.5128,0.634,OLHOS FECHADOS,100.0,3,0.5957,0,-21.2,2.0,0,3,4.0,0
86.727,0.1839,0.5634,0.5572,SEMICERRADO,100.0,3,0.595,0,-21.1,0.2,0,3,4.0,0
86.823,0.2027,0.6209,0.5601,SEMICERRADO,100.0,3,0.5957,0,-22.3,-8.0,0,3,4.0,0
86.928,0.1611,0.4933,0.5987,OLHOS FECHADOS,100.0,3,0.595,0,-16.3,-8.3,0,3,4.0,0
87.014,0.2153,0.6594,0.4117,SEMICERRADO,100.0,3,0.5957,0,-10.3,-5.5,0,3,4.0,0
87.125,0.3223,0.9873,0.23,OLHOS ABERTOS,97.21,3,0.594,0,-12.7,-4.7,0,3,4.0,0
87.222,0.3364,1.0303,0.1812,OLHOS ABERTOS,94.8,3,0.5923,0,-10.8,-5.3,0,3,4.0,0
87.317,0.348,1.066,0.1584,OLHOS ABERTOS,92.41,3,0.5907,0,-8.7,-8.2,0,3,4.0,0
87.413,0.3456,1.0586,0.1818,OLHOS ABERTOS,90.01,3,0.589,0,-7.9,-8.5,0,3,4.0,0
87.526,0.326,0.9984,0.1681,OLHOS ABERTOS,87.19,3,0.5867,0,-6.6,-7.8,0,3,4.0,0
87.623,0.3276,1.0034,0.1307,OLHOS ABERTOS,84.78,2,0.5857,0,-4.5,-7.0,0,3,4.0,0
87.718,0.3453,1.0576,0.0923,OLHOS ABERTOS,82.39,2,0.584,0,-3.5,-6.8,0,3,4.0,0
87.817,0.3858,1.1816,0.0282,OLHOS ABERTOS,79.93,2,0.5817,0,-3.0,-6.0,0,3,4.0,0
87.938,0.4236,1.2976,0.0069,OLHOS ABERTOS,76.89,2,0.58,0,-3.0,-5.1,0,3,4.0,0
88.03,0.446,1.3661,0.0041,OLHOS ABERTOS,74.59,2,0.5783,0,-2.8,-3.6,0,3,4.0,0
88.119,0.4503,1.3793,0.0037,OLHOS ABERTOS,72.37,2,0.5767,0,-2.7,-3.1,0,3,4.0,0
88.213,0.4384,1.3428,0.0062,OLHOS ABERTOS,70.01,2,0.5757,0,-2.4,-2.7,0,3,4.0,0
88.325,0.424,1.2988,0.0103,OLHOS ABERTOS,67.22,2,0.574,0,-2.5,-2.6,0,3,4.0,0
88.423,0.395,1.21,0.0225,OLHOS ABERTOS,64.77,2,0.5724,0,-2.6,-2.5,0,3,4.0,0
88.517,0.3943,1.2078,0.0305,OLHOS ABERTOS,62.41,2,0.57,0,-3.2,-2.7,0,3,4.0,0
88.625,0.3765,1.1533,0.039,OLHOS ABERTOS,59.72,1,0.5683,0,-3.5,-2.8,0,3,4.0,0
88.726,0.3667,1.1233,0.0518,OLHOS ABERTOS,57.21,1,0.5674,0,-3.6,-2.9,0,3,4.0,0
88.827,0.3586,1.0984,0.0586,OLHOS ABERTOS,54.68,1,0.565,0,-4.0,-2.9,0,3,4.0,0
88.922,0.3598,1.1021,0.0624,OLHOS ABERTOS,52.31,1,0.5641,0,-4.0,-2.8,0,3,4.0,0
89.015,0.3621,1.109,0.0599,OLHOS ABERTOS,49.98,1,0.5617,0,-4.2,-2.9,0,3,4.0,0
89.129,0.3545,1.0859,0.0703,OLHOS ABERTOS,47.13,1,0.56,0,-4.4,-3.0,0,3,4.0,0
89.223,0.3364,1.0303,0.0809,OLHOS ABERTOS,44.78,1,0.5591,0,-4.4,-3.1,0,3,4.0,0
89.318,0.3294,1.0088,0.092,OLHOS ABERTOS,42.39,1,0.5567,0,-4.3,-3.1,0,3,4.0,0
89.416,0.3309,1.0136,0.0903,OLHOS ABERTOS,39.95,1,0.555,0,-4.4,-3.1,0,3,4.0,0
89.525,0.3281,1.0049,0.0961,OLHOS ABERTOS,37.22,1,0.5541,0,-4.3,-3.2,0,3,4.0,0
89.621,0.3212,0.9837,0.1054,OLHOS ABERTOS,34.81,1,0.5517,0,-4.3,-2.9,0,3,4.0,0
89.719,0.3188,0.9764,0.1049,OLHOS ABERTOS,32.38,1,0.55,0,-4.2,-2.9,0,3,4.0,0
89.816,0.3162,0.9686,0.1089,OLHOS ABERTOS,29.95,0,0.5483,0,-4.1,-2.7,0,3,4.0,0
89.926,0.3122,0.9564,0.1175,OLHOS ABERTOS,27.21,0,0.5467,0,-4.0,-2.6,0,3,4.0,0
90.023,0.3079,0.9431,0.125,OLHOS ABERTOS,24.78,0,0.545,0,-3.9,-2.5,0,3,4.0,0
90.119,0.3005,0.9203,0.1303,OLHOS ABERTOS,22.37,0,0.5433,0,-3.9,-2.4,0,3,4.0,0
90.215,0.2942,0.901,0.1352,OLHOS ABERTOS,19.98,0,0.5417,0,-3.9,-2.3,0,3,4.0,0
90.33,0.2954,0.9048,0.1366,OLHOS ABERTOS,17.11,0,0.54,0,-3.7,-1.9,0,3,4.0,0
90.421,0.3021,0.9254,0.1334,OLHOS ABERTOS,14.81,0,0.5391,0,-3.8,-2.1,0,3,4.0,0
90.518,0.291,0.8915,0.1499,OLHOS ABERTOS,12.39,0,0.5367,0,-3.8,-2.2,0,3,4.0,0
90.613,0.2879,0.8818,0.1507,OLHOS ABERTOS,10.01,0,0.5358,0,-3.7,-2.3,0,3,4.0,0
90.726,0.2891,0.8853,0.1468,OLHOS ABERTOS,7.19,0,0.5333,0,-3.8,-2.1,0,3,4.0,0
90.828,0.2853,0.8738,0.1494,OLHOS ABERTOS,4.64,0,0.5317,0,-3.7,-2.1,0,3,4.0,0
90.918,0.2858,0.8753,0.1507,OLHOS ABERTOS,2.4,0,0.53,0,-3.8,-2.3,0,3,4.0,0
91.016,0.2894,0.8864,0.1502,OLHOS ABERTOS,0.0,0,0.5283,0,-4.1,-2.2,0,3,4.0,0
91.126,0.294,0.9004,0.1445,OLHOS ABERTOS,0.0,0,0.5267,0,-4.2,-1.7,0,3,4.0,0
91.222,0.2938,0.8998,0.1534,OLHOS ABERTOS,0.0,0,0.525,0,-3.9,-1.4,0,3,4.0,0
91.318,0.2784,0.8528,0.1742,OLHOS ABERTOS,0.0,0,0.5233,0,-3.4,-0.8,0,3,4.0,0
91.42,0.2782,0.8522,0.1654,OLHOS ABERTOS,0.0,0,0.5217,0,-3.3,-0.8,0,3,4.0,0
91.528,0.2775,0.8498,0.1649,OLHOS ABERTOS,0.0,0,0.52,0,-3.2,-0.8,0,3,4.0,0
91.622,0.27,0.8271,0.1704,OLHOS ABERTOS,0.0,0,0.5183,0,-3.3,-1.0,0,3,4.0,0
91.717,0.2713,0.8308,0.1742,OLHOS ABERTOS,0.0,0,0.5175,0,-3.4,-1.1,0,3,4.0,0
91.815,0.2734,0.8374,0.1738,OLHOS ABERTOS,0.0,0,0.515,0,-3.4,-1.0,0,3,4.0,0
91.93,0.2736,0.8381,0.172,OLHOS ABERTOS,0.0,0,0.5133,0,-3.4,-1.1,0,3,4.0,0
92.02,0.2701,0.8274,0.1786,OLHOS ABERTOS,0.0,0,0.5125,0,-3.5,-1.3,0,3,4.0,0
92.117,0.2733,0.8371,0.174,OLHOS ABERTOS,0.0,0,0.5108,0,-3.7,-1.1,0,3,4.0,0
92.213,0.276,0.8453,0.1705,OLHOS ABERTOS,0.0,0,0.5083,0,-3.7,-1.0,0,3,4.0,0
92.323,0.2758,0.8447,0.1674,OLHOS ABERTOS,0.0,0,0.5075,0,-3.8,-1.0,0,3,4.0,0
92.421,0.2715,0.8315,0.1713,OLHOS ABERTOS,0.0,0,0.505,0,-3.6,-1.0,0,3,4.0,0
92.517,0.244,0.7472,0.2357,SEMICERRADO,1.72,0,0.5058,0,-3.9,-0.9,0,3,4.0,0
92.614,0.0915,0.2804,0.6106,OLHOS FECHADOS,6.12,0,0.505,0,-4.0,-1.4,0,3,4.0,0
92.726,0.1451,0.4444,0.4891,OLHOS FECHADOS,11.14,0,0.505,0,-4.5,-1.4,0,3,4.0,0
92.821,0.2466,0.7553,0.2019,SEMICERRADO,12.84,0,0.5058,0,-4.6,-2.1,0,3,4.0,0
92.917,0.284,0.8698,0.1471,OLHOS ABERTOS,10.43,0,0.5033,0,-4.7,-2.2,0,3,4.0,0
93.013,0.303,0.9281,0.1401,OLHOS ABERTOS,8.02,0,0.5017,0,-4.5,-2.1,0,3,4.0,0
93.131,0.3022,0.9255,0.1481,OLHOS ABERTOS,5.07,0,0.5,0,-4.3,-1.9,0,3,4.0,0
93.223,0.3065,0.9389,0.1467,OLHOS ABERTOS,2.79,0,0.4983,0,-4.1,-1.3,0,3,4.0,0
93.317,0.3096,0.9483,0.139,OLHOS ABERTOS,0.42,0,0.4967,0,-4.2,-1.6,0,3,4.0,0
93.414,0.3114,0.9537,0.1352,OLHOS ABERTOS,0.0,0,0.495,0,-4.2,-1.6,0,3,4.0,0
93.526,0.3133,0.9597,0.131,OLHOS ABERTOS,0.0,0,0.4933,0,-4.2,-1.8,0,3,4.0,0
93.622,0.3165,0.9693,0.1284,OLHOS ABERTOS,0.0,0,0.4917,0,-4.1,-2.0,0,3,4.0,0
93.718,0.1051,0.3218,0.6463,OLHOS FECHADOS,4.3,0,0.4917,0,-4.3,-2.3,0,3,4.0,0
93.814,0.0795,0.2435,0.6359,OLHOS FECHADOS,8.65,0,0.4917,0,-4.7,-2.3,0,3,4.0,0
93.926,0.1782,0.5458,0.3968,OLHOS FECHADOS,13.65,0,0.4917,0,-5.2,-2.2,0,3,4.0,0
94.022,0.2583,0.791,0.1994,OLHOS ABERTOS,11.24,0,0.49,0,-5.4,-2.5,0,3,5.0,0
94.117,0.3,0.9189,0.1499,OLHOS ABERTOS,8.85,0,0.4883,0,-5.3,-2.5,0,3,5.0,0
94.213,0.3068,0.9396,0.1435,OLHOS ABERTOS,6.46,0,0.4875,0,-5.4,-2.5,0,3,5.0,0
94.325,0.312,0.9556,0.1457,OLHOS ABERTOS,3.66,0,0.485,0,-5.2,-2.4,0,3,5.0,0
94.422,0.314,0.9616,0.1444,OLHOS ABERTOS,1.23,0,0.4833,0,-5.1,-2.4,0,3,5.0,0
94.518,0.3187,0.9761,0.1401,OLHOS ABERTOS,0.0,0,0.4817,0,-5.0,-2.1,0,3,5.0,0
94.613,0.3187,0.9762,0.1396,OLHOS ABERTOS,0.0,0,0.48,0,-5.1,-2.1,0,3,5.0,0
94.726,0.319,0.9772,0.1356,OLHOS ABERTOS,0.0,0,0.4783,0,-5.1,-2.3,0,3,5.0,0
94.822,0.3226,0.9879,0.1308,OLHOS ABERTOS,0.0,0,0.4767,0,-5.0,-2.3,0,3,5.0,0
94.917,0.321,0.9833,0.1303,OLHOS ABERTOS,0.0,0,0.475,0,-4.9,-2.3,0,3,5.0,0
95.013,0.3199,0.9799,0.1318,OLHOS ABERTOS,0.0,0,0.4742,0,-4.9,-2.3,0,3,5.0,0
95.125,0.3216,0.9852,0.1345,OLHOS ABERTOS,0.0,0,0.4717,0,-5.0,-2.2,0,3,5.0,0
95.221,0.322,0.9862,0.1276,OLHOS ABERTOS,0.0,0,0.47,0,-5.0,-2.3,0,3,5.0,0
95.317,0.3278,1.0039,0.1223,OLHOS ABERTOS,0.0,0,0.4683,0,-4.9,-2.3,0,3,5.0,0
95.413,0.3309,1.0134,0.117,OLHOS ABERTOS,0.0,0,0.4667,0,-5.0,-2.5,0,3,5.0,0
95.525,0.3329,1.0197,0.1174,OLHOS ABERTOS,0.0,0,0.4659,0,-4.9,-2.6,0,3,5.0,0
95.621,0.3358,1.0285,0.1106,OLHOS ABERTOS,0.0,0,0.4633,0,-5.0,-2.8,0,3,5.0,0
95.717,0.3387,1.0375,0.111,OLHOS ABERTOS,0.0,0,0.4617,0,-4.9,-2.5,0,3,5.0,0
95.814,0.3374,1.0333,0.1145,OLHOS ABERTOS,0.0,0,0.4609,0,-4.9,-2.5,0,3,5.0,0
95.925,0.3423,1.0484,0.1116,OLHOS ABERTOS,0.0,0,0.4592,0,-5.0,-2.4,0,3,5.0,0
96.022,0.3454,1.0578,0.1069,OLHOS ABERTOS,0.0,0,0.4576,0,-4.9,-2.5,0,3,5.0,0
96.117,0.3423,1.0483,0.1072,OLHOS ABERTOS,0.0,0,0.4559,0,-4.9,-2.5,0,3,5.0,0
96.213,0.342,1.0474,0.108,OLHOS ABERTOS,0.0,0,0.4542,0,-4.8,-2.4,0,3,5.0,0
96.336,0.3447,1.0559,0.1054,OLHOS ABERTOS,0.0,0,0.4517,0,-4.8,-2.4,0,3,5.0,0
96.422,0.3443,1.0546,0.1051,OLHOS ABERTOS,0.0,0,0.4509,0,-4.9,-2.4,0,3,5.0,0
96.517,0.3441,1.0539,0.1037,OLHOS ABERTOS,0.0,0,0.4493,0,-4.9,-2.4,0,3,5.0,0
96.615,0.347,1.0629,0.1005,OLHOS ABERTOS,0.0,0,0.4467,0,-4.9,-2.3,0,3,5.0,0
96.725,0.3472,1.0636,0.0997,OLHOS ABERTOS,0.0,0,0.4459,0,-4.9,-2.3,0,3,5.0,0
96.821,0.3453,1.0577,0.1034,OLHOS ABERTOS,0.0,0,0.4433,0,-5.0,-2.4,0,3,5.0,0
96.917,0.1027,0.3147,0.6464,OLHOS FECHADOS,4.3,0,0.4443,0,-5.4,-3.0,0,3,5.0,0
97.014,0.1267,0.388,0.508,OLHOS FECHADOS,8.69,0,0.4433,0,-5.6,-3.0,0,3,5.0,0
97.127,0.2458,0.7528,0.2039,SEMICERRADO,10.72,0,0.4433,0,-5.6,-3.0,0,3,5.0,0
97.224,0.3048,0.9337,0.1302,OLHOS ABERTOS,8.3,0,0.4426,0,-5.6,-3.1,0,3,6.0,0
97.317,0.3229,0.9891,0.1173,OLHOS ABERTOS,5.97,0,0.4409,0,-5.3,-3.1,0,3,6.0,0
97.413,0.3336,1.0219,0.1107,OLHOS ABERTOS,3.57,0,0.4393,0,-5.4,-3.1,0,3,6.0,0
97.525,0.3388,1.0376,0.1085,OLHOS ABERTOS,0.77,0,0.4376,0,-5.3,-2.9,0,3,6.0,0
97.623,0.3412,1.0451,0.108,OLHOS ABERTOS,0.0,0,0.435,0,-5.3,-2.9,0,3,6.0,0
97.717,0.3414,1.0457,0.1074,OLHOS ABERTOS,0.0,0,0.4343,0,-5.2,-2.8,0,3,6.0,0
97.813,0.3375,1.0336,0.1075,OLHOS ABERTOS,0.0,0,0.4326,0,-5.0,-2.9,0,3,6.0,0
97.926,0.3409,1.0443,0.0985,OLHOS ABERTOS,0.0,0,0.43,0,-4.9,-2.8,0,3,6.0,0
98.021,0.3428,1.0501,0.0902,OLHOS ABERTOS,0.0,0,0.4293,0,-4.8,-2.7,0,3,6.0,0
98.116,0.3436,1.0525,0.0875,OLHOS ABERTOS,0.0,0,0.4267,0,-4.8,-2.8,0,3,6.0,0
98.215,0.3433,1.0516,0.0885,OLHOS ABERTOS,0.0,0,0.425,0,-4.7,-2.7,0,3,6.0,0
98.326,0.3389,1.038,0.091,OLHOS ABERTOS,0.0,0,0.4233,0,-4.6,-2.8,0,3,6.0,0
98.421,0.3398,1.0408,0.0917,OLHOS ABERTOS,0.0,0,0.4217,0,-4.6,-2.7,0,3,6.0,0
98.517,0.341,1.0445,0.092,OLHOS ABERTOS,0.0,0,0.421,0,-4.6,-2.4,0,3,6.0,0
98.613,0.3418,1.047,0.0915,OLHOS ABERTOS,0.0,0,0.4193,0,-4.6,-2.3,0,3,6.0,0
98.726,0.3414,1.0457,0.0895,OLHOS ABERTOS,0.0,0,0.4167,0,-4.5,-2.4,0,3,6.0,0
98.821,0.3112,0.9532,0.1215,OLHOS ABERTOS,0.0,0,0.416,0,-4.4,-2.9,0,3,6.0,0
98.917,0.308,0.9434,0.1276,OLHOS ABERTOS,0.0,0,0.4133,0,-4.4,-3.1,0,3,6.0,0
99.013,0.2977,0.9119,0.1345,OLHOS ABERTOS,0.0,0,0.4126,0,-4.4,-3.2,0,3,6.0,0
99.125,0.3044,0.9322,0.1274,OLHOS ABERTOS,0.0,0,0.41,0,-4.6,-3.1,0,3,6.0,0
99.221,0.3045,0.9328,0.1282,OLHOS ABERTOS,0.0,0,0.4083,0,-4.4,-2.8,0,3,6.0,0
99.319,0.3047,0.9334,0.13,OLHOS ABERTOS,0.0,0,0.4067,0,-4.4,-2.9,0,3,6.0,0
99.434,0.3052,0.9348,0.1327,OLHOS ABERTOS,0.0,0,0.405,0,-4.3,-2.9,0,3,6.0,0
99.524,0.3042,0.9317,0.1319,OLHOS ABERTOS,0.0,0,0.4043,0,-4.3,-2.9,0,3,6.0,0
99.621,0.3041,0.9315,0.133,OLHOS ABERTOS,0.0,0,0.4027,0,-4.4,-2.9,0,3,6.0,0
99.717,0.3046,0.9331,0.1347,OLHOS ABERTOS,0.0,0,0.401,0,-4.4,-2.8,0,3,6.0,0
99.83,0.3041,0.9315,0.1354,OLHOS ABERTOS,0.0,0,0.3983,0,-4.4,-2.8,0,3,6.0,0
99.925,0.3055,0.9359,0.1349,OLHOS ABERTOS,0.0,0,0.3967,0,-4.4,-2.8,0,3,6.0,0
100.021,0.3037,0.9301,0.1369,OLHOS ABERTOS,0.0,0,0.395,0,-4.5,-2.8,0,3,6.0,0
100.119,0.2995,0.9174,0.14,OLHOS ABERTOS,0.0,0,0.3933,0,-4.4,-2.7,0,3,6.0,0
100.23,0.3002,0.9194,0.1382,OLHOS ABERTOS,0.0,0,0.3917,0,-4.5,-2.4,0,3,6.0,0
100.326,0.3015,0.9236,0.1367,OLHOS ABERTOS,0.0,0,0.39,0,-4.4,-2.2,0,3,6.0,0
100.429,0.3008,0.9215,0.1363,OLHOS ABERTOS,0.0,0,0.3883,0,-4.4,-2.1,0,3,6.0,0
100.525,0.3011,0.9222,0.1352,OLHOS ABERTOS,0.0,0,0.3867,0,-4.3,-2.0,0,3,6.0,0
100.643,0.3015,0.9235,0.1348,OLHOS ABERTOS,0.0,0,0.385,0,-4.3,-2.0,0,3,6.0,0
100.726,0.3009,0.9218,0.1361,OLHOS ABERTOS,0.0,0,0.3844,0,-4.2,-2.1,0,3,6.0,0
100.834,0.3038,0.9305,0.1319,OLHOS ABERTOS,0.0,0,0.3817,0,-3.9,-1.7,0,3,6.0,0
100.919,0.3012,0.9226,0.1399,OLHOS ABERTOS,0.0,0,0.38,0,-3.8,-1.8,0,3,6.0,0
101.03,0.2968,0.9091,0.1469,OLHOS ABERTOS,0.0,0,0.3783,0,-3.8,-2.2,0,3,6.0,0
101.125,0.3023,0.9258,0.1423,OLHOS ABERTOS,0.0,0,0.3777,0,-3.9,-2.0,0,3,6.0,0
101.223,0.2987,0.915,0.1407,OLHOS ABERTOS,0.0,0,0.375,0,-3.8,-2.0,0,3,6.0,0
101.316,0.3006,0.9208,0.1406,OLHOS ABERTOS,0.0,0,0.3744,0,-3.8,-2.0,0,3,6.0,0
101.43,0.3019,0.9246,0.1361,OLHOS ABERTOS,0.0,0,0.3717,0,-3.8,-2.0,0,3,6.0,0
101.538,0.3027,0.9272,0.1349,OLHOS ABERTOS,0.0,0,0.37,0,-3.8,-1.8,0,3,6.0,0
101.621,0.3034,0.9293,0.1341,OLHOS ABERTOS,0.0,0,0.3694,0,-3.8,-1.8,0,3,6.0,0
101.718,0.3033,0.9289,0.1338,OLHOS ABERTOS,0.0,0,0.3667,0,-3.7,-1.8,0,3,6.0,0
101.829,0.3045,0.9327,0.1332,OLHOS ABERTOS,0.0,0,0.365,0,-3.8,-1.8,0,3,6.0,0
101.925,0.3041,0.9315,0.1324,OLHOS ABERTOS,0.0,0,0.3644,0,-3.6,-2.1,0,3,6.0,0
102.021,0.3038,0.9305,0.1349,OLHOS ABERTOS,0.0,0,0.3617,0,-3.8,-1.9,0,3,6.0,0
102.117,0.3041,0.9314,0.1371,OLHOS ABERTOS,0.0,0,0.3611,0,-3.8,-2.1,0,3,6.0,0
102.229,0.3016,0.9237,0.1406,OLHOS ABERTOS,0.0,0,0.3583,0,-3.9,-2.0,0,3,6.0,0
102.325,0.3043,0.9321,0.1369,OLHOS ABERTOS,0.0,0,0.3577,0,-3.8,-1.9,0,3,6.0,0
102.421,0.3041,0.9315,0.1365,OLHOS ABERTOS,0.0,0,0.3561,0,-3.8,-1.9,0,3,6.0,0
102.516,0.2993,0.9168,0.1378,OLHOS ABERTOS,0.0,0,0.3544,0,-3.9,-2.5,0,3,6.0,0
102.629,0.2946,0.9022,0.143,OLHOS ABERTOS,0.0,0,0.3517,0,-3.9,-2.4,0,3,6.0,0
102.725,0.2927,0.8967,0.1501,OLHOS ABERTOS,0.0,0,0.35,0,-3.6,-2.4,0,3,6.0,0
102.821,0.2919,0.894,0.1533,OLHOS ABERTOS,0.0,0,0.3494,0,-3.5,-2.2,0,3,6.0,0
102.917,0.2835,0.8683,0.1632,OLHOS ABERTOS,0.0,0,0.3467,0,-3.5,-2.2,0,3,6.0,0
103.034,0.28,0.8576,0.1691,OLHOS ABERTOS,0.0,0,0.345,0,-3.5,-1.9,0,3,6.0,0
103.136,0.2731,0.8364,0.1808,OLHOS ABERTOS,0.0,0,0.345,0,-3.4,-1.4,0,3,6.0,0
103.227,0.2732,0.8367,0.189,OLHOS ABERTOS,0.0,0,0.345,0,-3.1,-0.9,0,3,6.0,0
103.319,0.2731,0.8364,0.1709,OLHOS ABERTOS,0.0,0,0.345,0,-2.8,-0.8,0,3,6.0,0
103.428,0.275,0.8422,0.1732,OLHOS ABERTOS,0.0,0,0.345,0,-2.8,-0.7,0,3,6.0,0
103.526,0.2786,0.8534,0.1665,OLHOS ABERTOS,0.0,0,0.3444,0,-2.6,-0.4,0,3,6.0,0
103.621,0.2776,0.8504,0.16,OLHOS ABERTOS,0.0,0,0.3444,0,-2.5,-0.4,0,3,6.0,0
103.716,0.2771,0.8487,0.1575,OLHOS ABERTOS,0.0,0,0.3444,0,-2.6,-0.3,0,3,6.0,0
103.83,0.2769,0.8483,0.1582,OLHOS ABERTOS,0.0,0,0.345,0,-3.0,-1.8,0,3,6.0,0
103.926,0.276,0.8454,0.1615,OLHOS ABERTOS,0.0,0,0.3444,0,-3.0,-2.1,0,3,6.0,0
104.021,0.2774,0.8498,0.1591,OLHOS ABERTOS,0.0,0,0.3444,0,-3.0,-2.1,0,3,6.0,0
104.117,0.2774,0.8495,0.1585,OLHOS ABERTOS,0.0,0,0.3444,0,-3.1,-2.1,0,3,6.0,0
104.229,0.2808,0.8602,0.1553,OLHOS ABERTOS,0.0,0,0.345,0,-3.2,-1.7,0,3,6.0,0
104.325,0.2983,0.9137,0.1318,OLHOS ABERTOS,0.0,0,0.3444,0,-3.6,-1.7,0,3,6.0,0
104.421,0.3065,0.9389,0.1218,OLHOS ABERTOS,0.0,0,0.3444,0,-3.7,-1.7,0,3,6.0,0
104.517,0.3147,0.964,0.1121,OLHOS ABERTOS,0.0,0,0.3444,0,-3.6,-1.2,0,3,6.0,0
104.63,0.322,0.9862,0.109,OLHOS ABERTOS,0.0,0,0.345,0,-3.6,-1.1,0,3,6.0,0
104.725,0.3265,1.0001,0.1103,OLHOS ABERTOS,0.0,0,0.3444,0,-3.6,-0.7,0,3,6.0,0
104.82,0.3303,1.0116,0.116,OLHOS ABERTOS,0.0,0,0.3444,0,-3.6,-0.2,0,3,6.0,0
104.917,0.3318,1.0163,0.1207,OLHOS ABERTOS,0.0,0,0.345,0,-3.8,0.2,0,3,6.0,0
105.029,0.3299,1.0103,0.117,OLHOS ABERTOS,0.0,0,0.345,0,-3.6,-0.3,0,3,6.0,0
105.125,0.3315,1.0155,0.1118,OLHOS ABERTOS,0.0,0,0.3444,0,-3.5,0.0,0,3,6.0,0
105.221,0.3285,1.0061,0.1135,OLHOS ABERTOS,0.0,0,0.3444,0,-3.9,-0.3,0,3,6.0,0
105.316,0.3264,0.9997,0.1186,OLHOS ABERTOS,0.0,0,0.3444,0,-3.9,-0.4,0,3,6.0,0
105.43,0.3289,1.0074,0.1195,OLHOS ABERTOS,0.0,0,0.345,0,-3.8,-0.0,0,3,6.0,0
105.526,0.3241,0.9928,0.1174,OLHOS ABERTOS,0.0,0,0.345,0,-3.8,-0.4,0,3,6.0,0
105.621,0.3238,0.9917,0.1171,OLHOS ABERTOS,0.0,0,0.3444,0,-3.7,-0.4,0,3,6.0,0
105.719,0.3218,0.9855,0.1189,OLHOS ABERTOS,0.0,0,0.345,0,-3.9,-0.8,0,3,6.0,0
105.829,0.321,0.9831,0.1185,OLHOS ABERTOS,0.0,0,0.345,0,-3.9,-0.7,0,3,6.0,0
105.925,0.3202,0.9808,0.1155,OLHOS ABERTOS,0.0,0,0.3444,0,-3.9,-0.5,0,3,6.0,0
106.021,0.3159,0.9677,0.1202,OLHOS ABERTOS,0.0,0,0.3444,0,-3.8,-0.9,0,3,6.0,0
106.117,0.3189,0.9767,0.1143,OLHOS ABERTOS,0.0,0,0.3444,0,-4.1,-0.8,0,3,6.0,0
106.23,0.3204,0.9814,0.1161,OLHOS ABERTOS,0.0,0,0.345,0,-4.6,-1.2,0,3,6.0,0
106.325,0.3187,0.976,0.1165,OLHOS ABERTOS,0.0,0,0.3444,0,-4.5,-1.1,0,3,6.0,0
106.421,0.3206,0.9818,0.1157,OLHOS ABERTOS,0.0,0,0.3444,0,-4.6,-1.2,0,3,6.0,0
106.517,0.3211,0.9836,0.1165,OLHOS ABERTOS,0.0,0,0.3444,0,-4.5,-1.2,0,3,6.0,0
106.629,0.3226,0.988,0.1145,OLHOS ABERTOS,0.0,0,0.345,0,-4.6,-1.1,0,3,6.0,0
106.725,0.3216,0.985,0.1155,OLHOS ABERTOS,0.0,0,0.345,0,-4.3,-1.1,0,3,6.0,0
106.82,0.3224,0.9874,0.1191,OLHOS ABERTOS,0.0,0,0.3444,0,-4.3,-1.1,0,3,6.0,0
106.916,0.3125,0.9572,0.1238,OLHOS ABERTOS,0.0,0,0.3444,0,-4.2,-1.2,0,3,6.0,0
107.029,0.3113,0.9536,0.1254,OLHOS ABERTOS,0.0,0,0.345,0,-4.2,-1.2,0,3,6.0,0
107.131,0.3107,0.9516,0.1345,OLHOS ABERTOS,0.0,0,0.345,0,-4.0,-1.1,0,3,6.0,0
107.221,0.3075,0.9418,0.1407,OLHOS ABERTOS,0.0,0,0.345,0,-4.1,-1.0,0,3,6.0,0
107.325,0.3044,0.9324,0.1383,OLHOS ABERTOS,0.0,0,0.345,0,-4.1,-1.1,0,3,6.0,0
107.429,0.3076,0.9421,0.1356,OLHOS ABERTOS,0.0,0,0.345,0,-4.0,-1.3,0,3,6.0,0
107.525,0.3115,0.9541,0.1316,OLHOS ABERTOS,0.0,0,0.3444,0,-3.9,-1.2,0,3,6.0,0
107.621,0.3106,0.9513,0.1327,OLHOS ABERTOS,0.0,0,0.3428,0,-4.0,-1.3,0,3,6.0,0
107.716,0.311,0.9527,0.1317,OLHOS ABERTOS,0.0,0,0.3411,0,-4.0,-1.4,0,3,6.0,0
107.832,0.3111,0.9527,0.1322,OLHOS ABERTOS,0.0,0,0.3417,0,-3.9,-1.5,0,3,5.0,0
107.925,0.31,0.9495,0.132,OLHOS ABERTOS,0.0,0,0.3411,0,-3.9,-1.5,0,3,5.0,0
108.021,0.3111,0.9528,0.1302,OLHOS ABERTOS,0.0,0,0.3411,0,-3.9,-1.5,0,3,5.0,0
108.117,0.3125,0.9573,0.1297,OLHOS ABERTOS,0.0,0,0.3411,0,-3.9,-1.6,0,3,5.0,0
108.229,0.3144,0.9629,0.1276,OLHOS ABERTOS,0.0,0,0.3417,0,-3.9,-1.6,0,3,5.0,0
108.324,0.3158,0.9672,0.1267,OLHOS ABERTOS,0.0,0,0.3411,0,-3.9,-1.3,0,3,5.0,0
108.421,0.3151,0.965,0.1281,OLHOS ABERTOS,0.0,0,0.3411,0,-4.0,-1.2,0,3,5.0,0
108.517,0.3132,0.9593,0.1288,OLHOS ABERTOS,0.0,0,0.3411,0,-3.9,-1.1,0,3,5.0,0
108.629,0.3138,0.9612,0.1271,OLHOS ABERTOS,0.0,0,0.3417,0,-3.7,-1.2,0,3,5.0,0
108.726,0.3143,0.9626,0.1288,OLHOS ABERTOS,0.0,0,0.3417,0,-3.7,-1.3,0,3,5.0,0
108.821,0.3146,0.9637,0.1258,OLHOS ABERTOS,0.0,0,0.3417,0,-3.7,-1.1,0,3,5.0,0
108.917,0.3146,0.9635,0.1254,OLHOS ABERTOS,0.0,0,0.3411,0,-3.9,-1.5,0,3,5.0,0
109.03,0.264,0.8086,0.1951,OLHOS ABERTOS,0.0,0,0.3417,0,-4.1,-1.0,0,3,5.0,0
109.125,0.2843,0.8707,0.1726,OLHOS ABERTOS,0.0,0,0.3417,0,-4.1,-0.9,0,3,5.0,0
109.228,0.3159,0.9675,0.1413,OLHOS ABERTOS,0.0,0,0.3417,0,-4.1,-0.7,0,3,5.0,0
109.327,0.3155,0.9663,0.1396,OLHOS ABERTOS,0.0,0,0.3417,0,-4.1,-0.6,0,3,5.0,0
109.436,0.2298,0.7039,0.3294,SEMICERRADO,1.96,0,0.3433,0,-4.3,-0.5,0,3,5.0,0
109.527,0.0921,0.2821,0.5894,OLHOS FECHADOS,6.04,0,0.345,0,-4.5,-0.9,0,3,5.0,0
109.621,0.0744,0.228,0.64,OLHOS FECHADOS,10.26,0,0.3461,0,-4.2,-1.4,0,3,5.0,0
109.724,0.067,0.2052,0.6702,OLHOS FECHADOS,14.89,0,0.3483,0,-4.2,-1.4,0,3,5.0,0
109.832,0.0618,0.1894,0.676,OLHOS FECHADOS,19.77,0,0.35,0,-4.2,-1.8,0,3,5.0,0
109.926,0.0626,0.1916,0.6851,OLHOS FECHADOS,23.99,0,0.3517,0,-4.3,-1.8,0,3,5.0,0
110.021,0.0639,0.1957,0.6725,OLHOS FECHADOS,28.26,0,0.3533,0,-4.3,-1.9,0,3,5.0,0
110.118,0.0616,0.1885,0.6702,OLHOS FECHADOS,32.64,1,0.355,0,-4.2,-1.9,0,3,5.0,0
110.232,0.0636,0.1947,0.6694,OLHOS FECHADOS,37.79,1,0.3567,0,-4.1,-1.8,0,3,5.0,0
110.326,0.0662,0.2027,0.666,OLHOS FECHADOS,42.01,1,0.3583,0,-4.4,-1.8,0,3,5.0,0
110.425,0.0739,0.2263,0.662,OLHOS FECHADOS,46.45,1,0.36,0,-4.9,-2.0,0,3,5.0,0
110.518,0.089,0.2727,0.6401,OLHOS FECHADOS,50.64,1,0.3617,0,-5.5,-2.3,0,3,5.0,0
110.643,0.103,0.3156,0.6135,OLHOS FECHADOS,56.28,1,0.3633,0,-5.9,-1.9,0,3,5.0,0
110.728,0.0993,0.304,0.6044,OLHOS FECHADOS,60.1,2,0.365,0,-6.0,-1.9,0,3,5.0,0
110.83,0.1036,0.3172,0.5955,OLHOS FECHADOS,64.66,2,0.3667,0,-6.2,-1.5,0,3,5.0,0
110.93,0.0853,0.2612,0.6191,OLHOS FECHADOS,69.17,2,0.3683,0,-6.1,-1.1,0,3,5.0,0
111.029,0.0835,0.2558,0.6373,OLHOS FECHADOS,73.65,2,0.37,0,-5.9,-1.1,0,3,5.0,0
111.126,0.0912,0.2794,0.6171,OLHOS FECHADOS,78.0,2,0.3717,0,-6.0,-0.9,0,3,5.0,0
111.221,0.0943,0.2888,0.6002,OLHOS FECHADOS,82.27,2,0.3733,0,-6.6,-0.1,0,3,5.0,0
111.321,0.0968,0.2966,0.6018,OLHOS FECHADOS,86.77,3,0.375,0,-7.1,0.5,0,3,5.0,0
111.429,0.1068,0.3272,0.5749,OLHOS FECHADOS,91.65,3,0.3767,0,-7.3,1.2,0,3,5.0,0
111.527,0.0967,0.2963,0.5589,OLHOS FECHADOS,96.02,3,0.3783,0,-7.6,1.6,0,4,5.0,0
111.628,0.085,0.2603,0.576,OLHOS FECHADOS,100.0,3,0.38,0,-7.8,1.9,0,4,5.0,0
111.718,0.0766,0.2345,0.5691,OLHOS FECHADOS,100.0,3,0.3817,0,-7.6,2.9,0,4,5.0,0
111.829,0.0793,0.2428,0.5785,OLHOS FECHADOS,100.0,3,0.3833,0,-8.0,3.6,0,4,5.0,0
111.94,0.0863,0.2645,0.5896,OLHOS FECHADOS,100.0,3,0.385,0,-8.0,5.9,0,4,5.0,0
112.021,0.0914,0.2799,0.5802,OLHOS FECHADOS,100.0,3,0.3867,0,-8.4,7.1,0,4,5.0,0
112.124,0.0857,0.2625,0.5907,OLHOS FECHADOS,100.0,3,0.3883,0,-8.7,6.7,0,4,5.0,0
112.243,0.0997,0.3053,0.5887,OLHOS FECHADOS,100.0,3,0.39,0,-8.2,7.0,0,4,5.0,0
112.328,0.103,0.3156,0.568,OLHOS FECHADOS,100.0,3,0.3917,0,-8.3,7.5,0,4,5.0,0
112.421,0.1027,0.3144,0.5821,OLHOS FECHADOS,100.0,3,0.3933,0,-8.7,8.2,0,4,5.0,0
112.517,0.0933,0.2858,0.6243,OLHOS FECHADOS,100.0,3,0.395,0,-8.6,8.1,0,4,5.0,0
112.629,0.0979,0.2997,0.6378,OLHOS FECHADOS,100.0,3,0.3967,0,-8.8,7.5,0,4,5.0,0
112.725,0.0979,0.2998,0.6467,OLHOS FECHADOS,100.0,3,0.3983,0,-9.0,7.0,0,4,5.0,0
112.82,0.105,0.3215,0.6221,OLHOS FECHADOS,100.0,3,0.3993,0,-9.3,6.5,0,4,5.0,0
112.917,0.1057,0.3237,0.615,OLHOS FECHADOS,100.0,3,0.401,0,-9.7,6.1,0,4,5.0,0
113.029,0.1158,0.3547,0.5655,OLHOS FECHADOS,100.0,3,0.4033,0,-10.0,5.6,0,4,5.0,0
113.124,0.1025,0.3141,0.5941,OLHOS FECHADOS,100.0,3,0.4043,0,-10.1,5.7,0,4,5.0,0
113.221,0.0992,0.3039,0.6266,OLHOS FECHADOS,100.0,3,0.406,0,-10.2,4.9,0,4,5.0,0
113.319,0.1071,0.328,0.5842,OLHOS FECHADOS,100.0,3,0.4083,0,-10.8,4.6,0,4,5.0,0
113.43,0.1429,0.4376,0.5176,OLHOS FECHADOS,100.0,3,0.41,0,-11.3,4.1,0,4,5.0,0
113.526,0.1518,0.465,0.4982,OLHOS FECHADOS,100.0,3,0.4117,0,-10.8,3.0,0,4,5.0,0
113.621,0.1656,0.5071,0.4486,OLHOS FECHADOS,100.0,3,0.4133,0,-11.5,1.5,0,4,5.0,0
113.716,0.1579,0.4837,0.4903,OLHOS FECHADOS,100.0,3,0.4143,0,-12.1,0.1,0,4,5.0,0
113.829,0.1511,0.4627,0.504,OLHOS FECHADOS,100.0,3,0.4167,0,-13.0,-0.9,0,4,5.0,0
113.926,0.1575,0.4823,0.4933,OLHOS FECHADOS,100.0,3,0.4183,0,-13.8,-2.7,0,4,5.0,0
114.026,0.1568,0.4802,0.5126,OLHOS FECHADOS,100.0,3,0.42,0,-14.8,-4.7,0,4,5.0,0
114.117,0.1532,0.4693,0.5238,OLHOS FECHADOS,100.0,3,0.421,0,-15.9,-6.1,0,4,5.0,0
114.23,0.1525,0.4671,0.5526,OLHOS FECHADOS,100.0,3,0.4233,0,-16.5,-7.8,0,4,5.0,0
114.326,0.154,0.4718,0.5442,OLHOS FECHADOS,100.0,3,0.425,0,-17.9,-9.1,0,4,5.0,0
114.422,0.161,0.4931,0.5255,OLHOS FECHADOS,100.0,3,0.4267,0,-18.5,-10.4,0,4,5.0,0
114.518,0.1691,0.5178,0.5322,OLHOS FECHADOS,100.0,3,0.4283,0,-19.6,-10.0,0,4,5.0,0
114.629,0.1634,0.5005,0.508,OLHOS FECHADOS,100.0,3,0.43,0,-19.6,-11.0,0,4,5.0,0
114.725,0.1768,0.5415,0.5245,OLHOS FECHADOS,100.0,3,0.4317,0,-21.1,-10.8,0,4,5.0,0
114.822,0.1661,0.5089,0.5878,OLHOS FECHADOS,100.0,3,0.4333,0,-20.7,-13.5,0,4,5.0,0
114.916,0.133,0.4073,0.6605,OLHOS FECHADOS,100.0,3,0.4343,0,-22.6,-13.5,0,4,5.0,0
115.028,0.1336,0.4093,0.703,OLHOS FECHADOS,100.0,3,0.4367,0,-22.6,-13.6,0,4,5.0,0
115.125,0.1124,0.3443,0.7025,OLHOS FECHADOS,100.0,3,0.4376,0,-22.7,-14.1,0,4,5.0,0
115.221,0.1509,0.4623,0.6699,OLHOS FECHADOS,100.0,3,0.4393,0,-21.5,-12.3,0,4,5.0,0
115.317,0.1396,0.4276,0.7047,OLHOS FECHADOS,100.0,3,0.4417,0,-19.7,-14.1,0,4,5.0,0
115.429,0.1375,0.4212,0.6985,OLHOS FECHADOS,100.0,3,0.4433,0,-19.1,-15.9,0,4,5.0,0
115.525,0.1434,0.4391,0.7018,OLHOS FECHADOS,100.0,3,0.4443,0,-18.6,-19.0,0,4,5.0,0
115.621,0.1389,0.4254,0.6887,OLHOS FECHADOS,100.0,3,0.4459,0,-18.1,-21.5,0,4,5.0,0
115.717,0.1233,0.3775,0.7194,OLHOS FECHADOS,100.0,3,0.4483,0,-18.6,-24.7,0,4,5.0,0
115.829,0.1277,0.3912,0.7209,OLHOS FECHADOS,100.0,3,0.45,0,-18.9,-26.4,0,4,5.0,0
115.925,0.1705,0.5221,0.6486,OLHOS FECHADOS,100.0,3,0.4509,0,-18.3,-30.1,0,4,5.0,0
116.021,0.1777,0.5442,0.7042,OLHOS FECHADOS,100.0,3,0.4526,0,-19.0,-31.4,0,4,5.0,0
116.118,0.1449,0.4439,0.7384,OLHOS FECHADOS,100.0,3,0.455,0,-18.7,-34.4,0,4,5.0,0
116.228,0.1904,0.583,0.5812,SEMICERRADO,100.0,3,0.4567,0,-21.7,-36.2,0,4,5.0,0
116.325,0.1784,0.5464,0.5415,OLHOS FECHADOS,100.0,3,0.4576,0,-22.8,-41.7,0,4,5.0,0
116.42,0.1527,0.4676,0.5793,OLHOS FECHADOS,100.0,3,0.4592,0,-18.2,-47.6,0,4,5.0,0
116.516,0.149,0.4564,0.5748,OLHOS FECHADOS,100.0,3,0.4609,0,-13.1,-42.1,0,4,5.0,0
116.629,0.0703,0.2154,0.7729,OLHOS FECHADOS,100.0,3,0.4633,0,-5.4,-43.0,0,4,5.0,0
116.726,0.0,0.2154,0.7729,SEM ROSTO,100.0,3,0.0,0,-5.4,-43.0,0,4,5.0,0
116.821,0.0,0.2154,0.7729,SEM ROSTO,100.0,3,0.0,0,-5.4,-43.0,0,4,5.0,0
116.917,0.0,0.2154,0.7729,SEM ROSTO,100.0,3,0.0,0,-5.4,-43.0,0,4,5.0,0
117.028,0.0794,0.2433,0.7656,OLHOS FECHADOS,100.0,3,0.4657,0,-3.6,-46.0,0,4,5.0,0
117.124,0.1207,0.3698,0.7039,OLHOS FECHADOS,100.0,3,0.4666,0,-5.3,-41.0,0,4,5.0,0
117.222,0.1087,0.3328,0.6846,OLHOS FECHADOS,100.0,3,0.4666,0,-6.9,-33.3,0,4,5.0,0
117.317,0.1119,0.3429,0.6571,OLHOS FECHADOS,100.0,3,0.4682,0,-7.7,-27.3,0,4,4.0,0
117.43,0.0762,0.2334,0.6798,OLHOS FECHADOS,100.0,3,0.4707,0,-9.8,-21.6,0,4,4.0,0
117.525,0.0803,0.2459,0.6861,OLHOS FECHADOS,100.0,3,0.4716,0,-11.0,-18.3,0,4,4.0,0
117.62,0.1332,0.408,0.6034,OLHOS FECHADOS,100.0,3,0.4732,0,-13.4,-15.8,0,4,4.0,0
117.717,0.1273,0.3898,0.6089,OLHOS FECHADOS,100.0,3,0.4749,0,-13.6,-12.5,0,4,4.0,0
117.829,0.1457,0.4462,0.6126,OLHOS FECHADOS,100.0,3,0.4774,0,-14.3,-10.0,0,4,4.0,0
117.925,0.1497,0.4584,0.6156,OLHOS FECHADOS,100.0,3,0.4783,0,-13.8,-8.0,0,4,4.0,0
118.021,0.1178,0.3607,0.6434,OLHOS FECHADOS,100.0,3,0.4799,0,-13.4,-5.3,0,4,4.0,0
118.117,0.1121,0.3432,0.645,OLHOS FECHADOS,100.0,3,0.4816,0,-10.6,-1.8,0,4,4.0,0
118.229,0.0968,0.2965,0.6093,OLHOS FECHADOS,100.0,3,0.4841,0,-8.1,1.0,0,4,4.0,0
118.325,0.0855,0.2617,0.6121,OLHOS FECHADOS,100.0,3,0.4849,0,-6.8,3.0,0,4,4.0,0
118.42,0.0935,0.2863,0.6049,OLHOS FECHADOS,100.0,3,0.4866,0,-6.7,3.7,0,4,4.0,0
118.517,0.128,0.3921,0.5185,OLHOS FECHADOS,100.0,3,0.4883,0,-7.8,4.1,0,4,4.0,0
118.629,0.1437,0.4402,0.495,OLHOS FECHADOS,100.0,3,0.4908,0,-9.5,2.9,0,4,4.0,0
118.725,0.1425,0.4365,0.4711,OLHOS FECHADOS,100.0,3,0.4916,0,-10.5,2.1,0,4,4.0,0
118.821,0.1656,0.5072,0.4313,OLHOS FECHADOS,100.0,3,0.4933,0,-11.3,0.7,0,4,4.0,0
118.917,0.1711,0.5242,0.4546,OLHOS FECHADOS,100.0,3,0.4958,0,-12.6,-1.4,0,4,4.0,0
119.029,0.1623,0.4971,0.5179,OLHOS FECHADOS,100.0,3,0.4975,0,-12.8,-1.8,0,4,4.0,0
119.125,0.1499,0.4591,0.5254,OLHOS FECHADOS,100.0,3,0.4992,0,-13.6,-3.2,0,4,4.0,0
119.221,0.1666,0.5104,0.5035,OLHOS FECHADOS,100.0,3,0.5008,0,-14.6,-3.7,0,4,4.0,0
119.318,0.1653,0.5062,0.5003,OLHOS FECHADOS,100.0,3,0.5025,0,-14.9,-5.4,0,4,4.0,0
119.428,0.1632,0.4999,0.515,OLHOS FECHADOS,100.0,3,0.5042,0,-15.2,-5.0,0,4,4.0,0
119.526,0.1623,0.4971,0.5274,OLHOS FECHADOS,100.0,3,0.5059,0,-15.4,-5.3,0,4,4.0,0
119.622,0.159,0.4869,0.5538,OLHOS FECHADOS,100.0,3,0.5067,0,-16.3,-5.5,0,4,4.0,0
119.717,0.1472,0.4508,0.527,OLHOS FECHADOS,100.0,3,0.5092,0,-15.3,-4.6,0,4,4.0,0
119.83,0.1407,0.4308,0.5541,OLHOS FECHADOS,100.0,3,0.5109,0,-13.8,-1.6,0,4,4.0,0
119.925,0.1397,0.4278,0.552,OLHOS FECHADOS,100.0,3,0.5117,0,-13.4,-1.1,0,4,4.0,0
120.021,0.1513,0.4634,0.5257,OLHOS FECHADOS,100.0,3,0.5142,0,-12.4,-0.5,0,4,4.0,0
120.117,0.1493,0.4573,0.5323,OLHOS FECHADOS,100.0,3,0.5151,0,-11.7,-0.0,0,4,4.0,0
120.229,0.1632,0.4997,0.5197,OLHOS FECHADOS,100.0,3,0.5176,0,-11.7,0.0,0,4,4.0,0
120.326,0.1786,0.5471,0.4666,OLHOS FECHADOS,100.0,3,0.5193,0,-12.0,-0.4,0,4,4.0,0
120.421,0.171,0.5239,0.459,OLHOS FECHADOS,100.0,3,0.5201,0,-12.2,-0.6,0,4,4.0,0
120.517,0.1667,0.5105,0.4562,OLHOS FECHADOS,100.0,3,0.5226,0,-12.7,-2.4,0,4,4.0,0
120.629,0.161,0.4933,0.4814,OLHOS FECHADOS,100.0,3,0.5243,0,-13.2,-4.1,0,4,4.0,0
120.726,0.1589,0.4866,0.4942,OLHOS FECHADOS,100.0,3,0.526,0,-13.6,-4.7,0,4,4.0,0
120.821,0.1729,0.5295,0.4895,OLHOS FECHADOS,100.0,3,0.5276,0,-14.5,-4.5,0,4,4.0,0
120.917,0.1578,0.4833,0.5169,OLHOS FECHADOS,100.0,3,0.5284,0,-14.3,-5.0,0,4,4.0,0
121.029,0.1358,0.4158,0.5554,OLHOS FECHADOS,100.0,3,0.531,0,-13.9,-6.4,0,4,4.0,0
121.125,0.1286,0.3939,0.5658,OLHOS FECHADOS,100.0,3,0.5318,0,-14.7,-7.2,0,4,4.0,0
121.22,0.1245,0.3812,0.55,OLHOS FECHADOS,100.0,3,0.5334,0,-15.2,-7.3,0,4,4.0,0
121.316,0.1304,0.3994,0.5609,OLHOS FECHADOS,100.0,3,0.5351,0,-15.6,-8.2,0,4,4.0,0
121.43,0.112,0.343,0.5944,OLHOS FECHADOS,100.0,3,0.5377,0,-15.2,-8.9,0,4,4.0,0
121.525,0.1149,0.352,0.5946,OLHOS FECHADOS,100.0,3,0.5385,0,-16.1,-7.8,0,4,4.0,0
121.621,0.1179,0.3611,0.5945,OLHOS FECHADOS,100.0,3,0.5401,0,-15.8,-7.9,0,4,4.0,0
121.717,0.1284,0.3931,0.5896,OLHOS FECHADOS,100.0,3,0.5427,0,-16.7,-7.0,0,4,4.0,0
121.829,0.1385,0.4241,0.5598,OLHOS FECHADOS,100.0,3,0.5444,0,-16.7,-6.4,0,4,4.0,0
121.925,0.1383,0.4235,0.5592,OLHOS FECHADOS,100.0,3,0.5461,0,-16.2,-5.8,0,4,4.0,0
122.021,0.1616,0.495,0.5229,OLHOS FECHADOS,100.0,3,0.5477,0,-15.9,-5.8,0,4,4.0,0
122.117,0.1684,0.5156,0.4994,OLHOS FECHADOS,100.0,3,0.5485,0,-15.7,-6.3,0,4,4.0,0
122.229,0.1416,0.4338,0.5589,OLHOS FECHADOS,100.0,3,0.5511,0,-15.7,-5.9,0,4,4.0,0
122.328,0.1465,0.4486,0.5604,OLHOS FECHADOS,100.0,3,0.5528,0,-16.0,-5.3,0,4,4.0,0
122.421,0.1423,0.4358,0.5553,OLHOS FECHADOS,100.0,3,0.5544,0,-15.9,-8.1,0,4,4.0,0
122.517,0.1221,0.3741,0.5881,OLHOS FECHADOS,100.0,3,0.5552,0,-15.6,-8.7,0,4,4.0,0
122.629,0.1243,0.3806,0.6055,OLHOS FECHADOS,100.0,3,0.5578,0,-16.1,-9.5,0,4,4.0,0
122.725,0.1268,0.3883,0.5956,OLHOS FECHADOS,100.0,3,0.5595,0,-16.6,-9.3,0,4,4.0,0
122.822,0.1249,0.3826,0.6035,OLHOS FECHADOS,100.0,3,0.5611,0,-17.1,-9.3,0,4,4.0,0
122.916,0.122,0.3738,0.584,OLHOS FECHADOS,100.0,3,0.5619,0,-17.5,-8.7,0,4,4.0,0
123.029,0.1247,0.3821,0.5834,OLHOS FECHADOS,100.0,3,0.5645,0,-17.7,-9.5,0,4,4.0,0
123.125,0.1227,0.3757,0.5949,OLHOS FECHADOS,100.0,3,0.5652,0,-17.6,-8.5,0,4,4.0,0
123.222,0.1182,0.3619,0.6033,OLHOS FECHADOS,100.0,3,0.5678,0,-17.5,-8.8,0,4,4.0,0
123.317,0.1194,0.3657,0.5959,OLHOS FECHADOS,100.0,3,0.5695,0,-17.8,-9.3,0,4,4.0,0
123.429,0.1177,0.3604,0.6094,OLHOS FECHADOS,100.0,3,0.5712,0,-17.9,-9.6,0,4,4.0,0
123.526,0.129,0.3952,0.6083,OLHOS FECHADOS,100.0,3,0.5719,0,-18.0,-10.0,0,4,4.0,0
123.621,0.1318,0.4038,0.5967,OLHOS FECHADOS,100.0,3,0.5745,0,-18.2,-11.0,0,4,4.0,0
123.717,0.126,0.3858,0.6256,OLHOS FECHADOS,100.0,3,0.5762,0,-17.8,-11.6,0,4,4.0,0
123.829,0.127,0.3889,0.6332,OLHOS FECHADOS,100.0,3,0.5779,0,-17.9,-11.7,0,4,4.0,0
123.926,0.1297,0.3974,0.6177,OLHOS FECHADOS,100.0,3,0.5796,0,-18.0,-11.8,0,4,4.0,0
124.021,0.1358,0.4159,0.5964,OLHOS FECHADOS,100.0,3,0.5803,0,-18.0,-12.0,0,4,4.0,0
124.118,0.1339,0.4103,0.6082,OLHOS FECHADOS,100.0,3,0.5796,0,-18.1,-11.9,0,4,4.0,0
124.23,0.1241,0.38,0.6268,OLHOS FECHADOS,100.0,3,0.5796,0,-18.7,-11.7,0,4,4.0,0
124.325,0.1228,0.3761,0.6412,OLHOS FECHADOS,100.0,3,0.5812,0,-18.6,-11.7,0,4,3.0,0
124.421,0.1255,0.3843,0.638,OLHOS FECHADOS,100.0,3,0.5819,0,-18.7,-11.9,0,4,3.0,0
124.524,0.1211,0.3709,0.6503,OLHOS FECHADOS,100.0,3,0.5846,0,-18.6,-11.4,0,4,3.0,0
124.634,0.1235,0.3784,0.6562,OLHOS FECHADOS,100.0,3,0.5863,0,-18.6,-11.4,0,4,3.0,0
124.726,0.126,0.386,0.6424,OLHOS FECHADOS,100.0,3,0.587,0,-18.8,-10.8,0,4,3.0,0
124.821,0.13,0.398,0.6368,OLHOS FECHADOS,100.0,3,0.5886,0,-18.9,-10.8,0,4,3.0,0
124.917,0.1366,0.4185,0.6332,OLHOS FECHADOS,100.0,3,0.5886,0,-18.7,-11.1,0,4,3.0,0
125.029,0.1395,0.4271,0.6303,OLHOS FECHADOS,100.0,3,0.5879,0,-18.9,-11.4,0,4,3.0,0
125.125,0.1399,0.4284,0.6214,OLHOS FECHADOS,100.0,3,0.5886,0,-18.1,-11.1,0,4,3.0,0
125.221,0.1329,0.4072,0.6307,OLHOS FECHADOS,100.0,3,0.5886,0,-18.4,-11.2,0,4,3.0,0
125.317,0.1284,0.3934,0.6414,OLHOS FECHADOS,100.0,3,0.5903,0,-18.2,-11.4,0,4,2.0,0
125.429,0.1268,0.3883,0.6417,OLHOS FECHADOS,100.0,3,0.593,0,-18.1,-11.5,0,4,2.0,0
125.529,0.1235,0.3784,0.6584,OLHOS FECHADOS,100.0,3,0.5936,0,-18.7,-11.7,0,4,2.0,0
125.621,0.1154,0.3535,0.6709,OLHOS FECHADOS,100.0,3,0.5953,0,-18.1,-12.1,0,4,2.0,0
125.717,0.1196,0.3664,0.6552,OLHOS FECHADOS,100.0,3,0.597,0,-18.4,-12.0,0,4,2.0,0
125.828,0.1239,0.3795,0.66,OLHOS FECHADOS,100.0,3,0.5997,0,-18.4,-11.5,0,4,2.0,0
125.925,0.1316,0.4032,0.6305,OLHOS FECHADOS,100.0,3,0.6003,0,-18.7,-11.7,0,4,2.0,0
126.021,0.1296,0.397,0.6445,OLHOS FECHADOS,100.0,3,0.602,0,-18.7,-12.3,0,4,2.0,0
126.118,0.1223,0.3746,0.6535,OLHOS FECHADOS,100.0,3,0.6037,0,-18.7,-12.4,0,4,2.0,0
126.231,0.1283,0.3928,0.636,OLHOS FECHADOS,100.0,3,0.6064,0,-18.8,-12.2,0,4,2.0,0
126.332,0.1299,0.3977,0.6319,OLHOS FECHADOS,100.0,3,0.608,0,-18.7,-12.5,0,4,2.0,0
126.42,0.1237,0.3788,0.6424,OLHOS FECHADOS,100.0,3,0.6097,0,-18.7,-12.4,0,4,2.0,0
126.518,0.1289,0.3949,0.6411,OLHOS FECHADOS,100.0,3,0.6104,0,-18.7,-12.4,0,4,2.0,0
126.629,0.1309,0.4008,0.6363,OLHOS FECHADOS,100.0,3,0.6131,0,-18.7,-12.1,0,4,2.0,0
126.725,0.1332,0.4078,0.6307,OLHOS FECHADOS,100.0,3,0.6137,0,-19.2,-12.0,0,4,2.0,0
126.821,0.13,0.3981,0.6385,OLHOS FECHADOS,100.0,3,0.6154,0,-18.8,-12.0,0,4,2.0,0
126.917,0.1276,0.3908,0.6357,OLHOS FECHADOS,100.0,3,0.6181,0,-18.5,-12.1,0,4,2.0,0
127.029,0.1324,0.4056,0.6315,OLHOS FECHADOS,100.0,3,0.6198,0,-18.6,-11.8,0,4,2.0,0
127.126,0.1304,0.3995,0.6283,OLHOS FECHADOS,100.0,3,0.6214,0,-18.9,-11.8,0,4,2.0,0
127.22,0.1281,0.3923,0.6314,OLHOS FECHADOS,100.0,3,0.6221,0,-18.9,-12.0,0,4,2.0,0
127.318,0.1361,0.4169,0.6258,OLHOS FECHADOS,100.0,3,0.6248,0,-18.8,-11.7,0,4,2.0,0
127.429,0.136,0.4165,0.6332,OLHOS FECHADOS,100.0,3,0.6265,0,-18.9,-11.9,0,4,2.0,0
127.537,0.1321,0.4046,0.6282,OLHOS FECHADOS,100.0,3,0.6281,0,-18.6,-11.8,0,4,2.0,0
127.635,0.1438,0.4404,0.6266,OLHOS FECHADOS,100.0,3,0.6298,0,-19.3,-12.3,0,4,2.0,0
127.724,0.1345,0.4119,0.6362,OLHOS FECHADOS,100.0,3,0.6315,0,-19.0,-11.8,0,4,2.0,0
127.834,0.1395,0.4271,0.6301,OLHOS FECHADOS,100.0,3,0.6315,0,-18.9,-11.8,0,4,2.0,0
127.937,0.1302,0.3989,0.6442,OLHOS FECHADOS,100.0,3,0.6315,0,-19.0,-12.4,0,4,2.0,0
128.021,0.1239,0.3795,0.6447,OLHOS FECHADOS,100.0,3,0.6321,0,-18.7,-12.3,0,4,2.0,0
128.118,0.1236,0.3787,0.6546,OLHOS FECHADOS,100.0,3,0.6321,0,-18.8,-12.4,0,4,2.0,0
128.242,0.1282,0.3927,0.643,OLHOS FECHADOS,100.0,3,0.6315,0,-18.8,-12.1,0,4,2.0,0
128.325,0.1247,0.3819,0.6534,OLHOS FECHADOS,100.0,3,0.6315,0,-19.5,-11.8,0,4,2.0,0
128.422,0.1264,0.3873,0.6456,OLHOS FECHADOS,100.0,3,0.6321,0,-19.1,-11.8,0,4,2.0,0
128.517,0.135,0.4134,0.6378,OLHOS FECHADOS,100.0,3,0.6321,0,-18.9,-11.9,0,4,2.0,0
128.629,0.134,0.4104,0.637,OLHOS FECHADOS,100.0,3,0.6315,0,-19.1,-12.0,0,4,2.0,0
128.725,0.1325,0.4059,0.6344,OLHOS FECHADOS,100.0,3,0.6321,0,-18.8,-11.9,0,4,2.0,0
128.821,0.1313,0.4022,0.6333,OLHOS FECHADOS,100.0,3,0.6321,0,-19.3,-11.8,0,4,2.0,0
128.917,0.1287,0.3941,0.6367,OLHOS FECHADOS,100.0,3,0.6321,0,-19.2,-11.6,0,4,2.0,0
129.028,0.124,0.3799,0.6431,OLHOS FECHADOS,100.0,3,0.6315,0,-19.2,-11.9,0,4,2.0,0
129.128,0.122,0.3736,0.6519,OLHOS FECHADOS,100.0,3,0.6321,0,-18.7,-11.5,0,4,2.0,0
129.234,0.127,0.3888,0.6335,OLHOS FECHADOS,100.0,3,0.6315,0,-18.9,-11.6,0,4,2.0,0
129.316,0.1257,0.3849,0.6432,OLHOS FECHADOS,100.0,3,0.6321,0,-18.8,-11.6,0,4,2.0,0
129.43,0.1228,0.3761,0.6451,OLHOS FECHADOS,100.0,3,0.6315,0,-18.6,-11.9,0,4,2.0,0
129.528,0.1298,0.3975,0.6227,OLHOS FECHADOS,100.0,3,0.6315,0,-18.7,-12.0,0,4,2.0,0
129.621,0.1303,0.399,0.6298,OLHOS FECHADOS,100.0,3,0.6321,0,-18.6,-12.1,0,4,2.0,0
129.717,0.1341,0.4106,0.6283,OLHOS FECHADOS,100.0,3,0.6321,0,-18.7,-12.9,0,4,2.0,0
129.828,0.1359,0.4163,0.6269,OLHOS FECHADOS,100.0,3,0.6315,0,-18.8,-12.9,0,4,2.0,0
129.925,0.1295,0.3967,0.6362,OLHOS FECHADOS,100.0,3,0.6321,0,-18.7,-12.3,0,4,2.0,0
130.021,0.1323,0.4052,0.624,OLHOS FECHADOS,100.0,3,0.6321,0,-18.8,-12.3,0,4,2.0,0
130.117,0.1332,0.4081,0.6212,OLHOS FECHADOS,100.0,3,0.6321,0,-18.5,-12.3,0,4,2.0,0
130.231,0.1335,0.4088,0.6244,OLHOS FECHADOS,100.0,3,0.6315,0,-18.8,-12.3,0,4,2.0,0
130.326,0.1352,0.414,0.638,OLHOS FECHADOS,100.0,3,0.6321,0,-18.6,-12.2,0,4,2.0,0
130.423,0.1477,0.4523,0.6187,OLHOS FECHADOS,100.0,3,0.6315,0,-18.7,-12.3,0,4,2.0,0
130.517,0.3662,1.1216,0.2401,OLHOS ABERTOS,97.64,3,0.6304,0,-18.9,-13.3,0,4,2.0,0
130.629,0.4466,1.3678,0.1187,OLHOS ABERTOS,94.84,3,0.6281,0,-19.0,-13.4,0,4,2.0,0
130.732,0.4622,1.4155,0.1185,OLHOS ABERTOS,92.26,3,0.6271,0,-19.3,-13.4,0,4,2.0,0
130.822,0.4594,1.407,0.1225,OLHOS ABERTOS,90.03,3,0.6254,0,-19.1,-13.5,0,4,2.0,0
130.919,0.4519,1.3842,0.1379,OLHOS ABERTOS,87.61,3,0.6231,0,-18.8,-13.3,0,4,2.0,0
131.029,0.456,1.3967,0.1178,OLHOS ABERTOS,84.84,2,0.6214,0,-18.6,-12.4,0,4,2.0,0
131.126,0.4466,1.368,0.1015,OLHOS ABERTOS,82.42,2,0.6198,0,-17.9,-11.3,0,4,2.0,0
131.223,0.4554,1.3949,0.0961,OLHOS ABERTOS,80.0,2,0.6187,0,-17.0,-9.8,0,4,2.0,0
131.319,0.4472,1.3696,0.091,OLHOS ABERTOS,77.59,2,0.6164,0,-15.6,-8.5,0,4,2.0,0
131.435,0.4245,1.3001,0.1201,OLHOS ABERTOS,74.69,2,0.6147,0,-15.2,-7.7,0,4,2.0,0
131.525,0.4272,1.3086,0.0658,OLHOS ABERTOS,72.44,2,0.6137,0,-13.4,-7.2,0,4,2.0,0
131.622,0.4329,1.3258,0.0492,OLHOS ABERTOS,70.03,2,0.6114,0,-12.1,-6.2,0,4,2.0,0
131.718,0.4278,1.3102,0.0489,OLHOS ABERTOS,67.63,2,0.6104,0,-10.9,-5.9,0,4,2.0,0
131.833,0.4185,1.2818,0.0537,OLHOS ABERTOS,64.75,2,0.608,0,-9.3,-5.0,0,4,2.0,0
131.927,0.4066,1.2454,0.0556,OLHOS ABERTOS,62.4,2,0.6064,0,-8.0,-3.0,0,4,2.0,0
132.021,0.3812,1.1675,0.0677,OLHOS ABERTOS,60.04,2,0.6047,0,-6.7,-1.7,0,4,2.0,0
132.125,0.3489,1.0686,0.1048,OLHOS ABERTOS,57.46,1,0.603,0,-5.3,-0.6,0,4,2.0,0
132.23,0.3375,1.0338,0.1147,OLHOS ABERTOS,54.82,1,0.6013,0,-4.3,0.9,0,4,2.0,0
132.327,0.3391,1.0386,0.1092,OLHOS ABERTOS,52.41,1,0.5997,0,-3.6,2.1,0,4,2.0,0
132.423,0.3398,1.0409,0.1197,OLHOS ABERTOS,49.99,1,0.598,0,-3.3,2.1,0,4,2.0,0
132.52,0.3403,1.0422,0.1139,OLHOS ABERTOS,47.58,1,0.597,0,-2.8,2.3,0,4,2.0,0
132.631,0.3374,1.0336,0.1133,OLHOS ABERTOS,44.8,1,0.5946,0,-2.5,2.3,0,4,2.0,0
132.744,0.3369,1.032,0.1089,OLHOS ABERTOS,41.98,1,0.593,0,-2.3,2.0,0,4,2.0,0
132.822,0.2608,0.7987,0.2733,OLHOS ABERTOS,40.03,1,0.592,0,-3.0,2.2,0,4,2.0,0
132.917,0.1778,0.5447,0.3891,OLHOS FECHADOS,44.34,1,0.592,0,-3.1,2.1,0,4,2.0,0
133.043,0.2401,0.7355,0.2237,SEMICERRADO,46.59,1,0.5913,0,-2.5,2.2,0,4,2.0,0
133.126,0.2644,0.8099,0.1784,OLHOS ABERTOS,44.5,1,0.5896,0,-2.3,1.9,0,4,3.0,0
133.221,0.2734,0.8374,0.1683,OLHOS ABERTOS,42.12,1,0.5886,0,-2.1,1.8,0,4,3.0,0
133.323,0.2782,0.852,0.1645,OLHOS ABERTOS,39.58,1,0.587,0,-1.9,1.4,0,4,3.0,0
133.436,0.2803,0.8587,0.1596,OLHOS ABERTOS,36.75,1,0.5846,0,-1.7,1.7,0,4,3.0,0
133.525,0.2873,0.88,0.1526,OLHOS ABERTOS,34.52,1,0.5836,0,-1.6,1.8,0,4,3.0,0
133.621,0.2896,0.8869,0.1502,OLHOS ABERTOS,32.13,1,0.5819,0,-1.5,1.7,0,4,3.0,0
133.719,0.2922,0.8949,0.1467,OLHOS ABERTOS,29.68,0,0.5796,0,-1.4,1.8,0,4,3.0,0
133.831,0.2896,0.887,0.1473,OLHOS ABERTOS,26.87,0,0.5779,0,-1.1,1.7,0,4,3.0,0
133.927,0.289,0.8852,0.1446,OLHOS ABERTOS,24.49,0,0.5762,0,-0.9,1.7,0,4,3.0,0
134.022,0.2889,0.8849,0.1509,OLHOS ABERTOS,22.1,0,0.5745,0,-0.6,1.7,0,4,3.0,0
134.118,0.2873,0.8801,0.1532,OLHOS ABERTOS,19.7,0,0.5729,0,-0.4,2.2,0,4,3.0,0
134.244,0.2863,0.8769,0.1521,OLHOS ABERTOS,16.56,0,0.5712,0,-0.4,2.0,0,4,3.0,0
134.326,0.2861,0.8761,0.1504,OLHOS ABERTOS,14.5,0,0.5695,0,-0.4,2.0,0,4,3.0,0
134.422,0.2843,0.8706,0.1541,OLHOS ABERTOS,12.1,0,0.5678,0,-0.4,2.0,0,4,3.0,0
134.52,0.286,0.8759,0.149,OLHOS ABERTOS,9.66,0,0.5662,0,-0.4,2.0,0,4,3.0,0
134.63,0.2857,0.8752,0.1507,OLHOS ABERTOS,6.91,0,0.5645,0,-0.4,2.1,0,4,3.0,0
